game_id,season,week,team,def_value_pre,def_value_post
1999_01_ARI_PHI,1999,1,ARI,0.0,0.635
1999_02_ARI_MIA,1999,2,ARI,0.635,0.221
1999_03_SF_ARI,1999,3,ARI,0.221,0.296
1999_04_ARI_DAL,1999,4,ARI,0.296,-1.711
1999_05_NYG_ARI,1999,5,ARI,-1.711,-1.54
1999_06_WAS_ARI,1999,6,ARI,-1.54,-1.534
1999_08_NE_ARI,1999,8,ARI,-1.534,-2.741
1999_09_ARI_NYJ,1999,9,ARI,-2.741,-3.738
1999_10_DET_ARI,1999,10,ARI,-3.738,-5.618
1999_11_DAL_ARI,1999,11,ARI,-5.618,-5.612
1999_12_ARI_NYG,1999,12,ARI,-5.612,-5.303
1999_13_PHI_ARI,1999,13,ARI,-5.303,-6.829
1999_14_ARI_WAS,1999,14,ARI,-6.829,-5.852
1999_15_BUF_ARI,1999,15,ARI,-5.852,-6.171
1999_16_ARI_ATL,1999,16,ARI,-6.171,-8.503
1999_17_ARI_GB,1999,17,ARI,-8.503,-9.991
2000_01_ARI_NYG,2000,1,ARI,-6.404,-5.973
2000_02_DAL_ARI,2000,2,ARI,-5.973,-8.596
2000_04_GB_ARI,2000,4,ARI,-8.596,-10.183
2000_05_ARI_SF,2000,5,ARI,-10.183,-10.741
2000_06_CLE_ARI,2000,6,ARI,-10.741,-10.785
2000_07_PHI_ARI,2000,7,ARI,-10.785,-12.142
2000_08_ARI_DAL,2000,8,ARI,-12.142,-12.893
2000_09_NO_ARI,2000,9,ARI,-12.893,-12.061
2000_10_WAS_ARI,2000,10,ARI,-12.061,-10.213
2000_11_ARI_MIN,2000,11,ARI,-10.213,-13.426
2000_12_ARI_PHI,2000,12,ARI,-13.426,-14.211
2000_13_NYG_ARI,2000,13,ARI,-14.211,-14.734
2000_14_ARI_CIN,2000,14,ARI,-14.734,-14.196
2000_15_ARI_JAX,2000,15,ARI,-14.196,-15.885
2000_16_BAL_ARI,2000,16,ARI,-15.885,-13.309
2000_17_ARI_WAS,2000,17,ARI,-13.309,-12.134
2001_02_DEN_ARI,2001,2,ARI,-7.778,-8.862
2001_03_ATL_ARI,2001,3,ARI,-8.862,-11.168
2001_04_ARI_PHI,2001,4,ARI,-11.168,-12.031
2001_05_ARI_CHI,2001,5,ARI,-12.031,-10.871
2001_06_KC_ARI,2001,6,ARI,-10.871,-10.904
2001_07_ARI_DAL,2001,7,ARI,-10.904,-10.139
2001_08_PHI_ARI,2001,8,ARI,-10.139,-10.239
2001_09_NYG_ARI,2001,9,ARI,-10.239,-9.124
2001_10_DET_ARI,2001,10,ARI,-9.124,-10.462
2001_11_ARI_LAC,2001,11,ARI,-10.462,-13.376
2001_12_ARI_OAK,2001,12,ARI,-13.376,-13.899
2001_13_WAS_ARI,2001,13,ARI,-13.899,-14.831
2001_14_ARI_NYG,2001,14,ARI,-14.831,-14.676
2001_15_DAL_ARI,2001,15,ARI,-14.676,-14.243
2001_16_ARI_CAR,2001,16,ARI,-14.243,-14.661
2001_17_ARI_WAS,2001,17,ARI,-14.661,-14.295
2002_01_ARI_WAS,2002,1,ARI,-9.163,-11.368
2002_02_ARI_SEA,2002,2,ARI,-11.368,-12.938
2002_03_LAC_ARI,2002,3,ARI,-12.938,-12.413
2002_04_NYG_ARI,2002,4,ARI,-12.413,-10.742
2002_05_ARI_CAR,2002,5,ARI,-10.742,-10.149
2002_07_DAL_ARI,2002,7,ARI,-10.149,-8.236
2002_08_ARI_SF,2002,8,ARI,-8.236,-9.611
2002_09_LAR_ARI,2002,9,ARI,-9.611,-9.68
2002_10_SEA_ARI,2002,10,ARI,-9.68,-11.23
2002_11_ARI_PHI,2002,11,ARI,-11.23,-12.445
2002_12_OAK_ARI,2002,12,ARI,-12.445,-12.361
2002_13_ARI_KC,2002,13,ARI,-12.361,-13.051
2002_14_DET_ARI,2002,14,ARI,-13.051,-12.982
2002_15_ARI_LAR,2002,15,ARI,-12.982,-13.636
2002_16_SF_ARI,2002,16,ARI,-13.636,-12.482
2002_17_ARI_DEN,2002,17,ARI,-12.482,-13.332
2003_01_ARI_DET,2003,1,ARI,-8.546,-11.14
2003_02_SEA_ARI,2003,2,ARI,-11.14,-11.354
2003_03_GB_ARI,2003,3,ARI,-11.354,-12.086
2003_04_ARI_LAR,2003,4,ARI,-12.086,-14.038
2003_05_ARI_DAL,2003,5,ARI,-14.038,-15.084
2003_06_BAL_ARI,2003,6,ARI,-15.084,-14.247
2003_08_SF_ARI,2003,8,ARI,-14.247,-13.907
2003_09_CIN_ARI,2003,9,ARI,-13.907,-12.384
2003_10_ARI_PIT,2003,10,ARI,-12.384,-12.91
2003_11_ARI_CLE,2003,11,ARI,-12.91,-16.963
2003_12_LAR_ARI,2003,12,ARI,-16.963,-15.012
2003_13_ARI_CHI,2003,13,ARI,-15.012,-16.571
2003_14_ARI_SF,2003,14,ARI,-16.571,-20.13
2003_15_CAR_ARI,2003,15,ARI,-20.13,-19.957
2003_16_ARI_SEA,2003,16,ARI,-19.957,-18.513
2003_17_MIN_ARI,2003,17,ARI,-18.513,-17.199
2004_01_ARI_LAR,2004,1,ARI,-11.025,-12.536
2004_02_NE_ARI,2004,2,ARI,-12.536,-11.114
2004_03_ARI_ATL,2004,3,ARI,-11.114,-9.637
2004_04_NO_ARI,2004,4,ARI,-9.637,-8.997
2004_05_ARI_SF,2004,5,ARI,-8.997,-10.957
2004_07_SEA_ARI,2004,7,ARI,-10.957,-7.405
2004_08_ARI_BUF,2004,8,ARI,-7.405,-8.048
2004_09_ARI_MIA,2004,9,ARI,-8.048,-8.062
2004_10_NYG_ARI,2004,10,ARI,-8.062,-7.244
2004_11_ARI_CAR,2004,11,ARI,-7.244,-6.81
2004_12_NYJ_ARI,2004,12,ARI,-6.81,-7.362
2004_13_ARI_DET,2004,13,ARI,-7.362,-7.763
2004_14_SF_ARI,2004,14,ARI,-7.763,-9.334
2004_15_LAR_ARI,2004,15,ARI,-9.334,-7.061
2004_16_ARI_SEA,2004,16,ARI,-7.061,-5.426
2004_17_TB_ARI,2004,17,ARI,-5.426,-4.039
2005_01_ARI_NYG,2005,1,ARI,-2.589,-1.508
2005_02_LAR_ARI,2005,2,ARI,-1.508,-0.035
2005_03_ARI_SEA,2005,3,ARI,-0.035,-0.581
2005_04_SF_ARI,2005,4,ARI,-0.581,0.747
2005_05_CAR_ARI,2005,5,ARI,0.747,-0.183
2005_07_TEN_ARI,2005,7,ARI,-0.183,0.698
2005_08_ARI_DAL,2005,8,ARI,0.698,0.02
2005_09_SEA_ARI,2005,9,ARI,0.02,-0.316
2005_10_ARI_DET,2005,10,ARI,-0.316,-3.595
2005_11_ARI_LAR,2005,11,ARI,-3.595,-4.768
2005_12_JAX_ARI,2005,12,ARI,-4.768,-3.592
2005_13_ARI_SF,2005,13,ARI,-3.592,-2.307
2005_14_WAS_ARI,2005,14,ARI,-2.307,-0.471
2005_15_ARI_HOU,2005,15,ARI,-0.471,-0.608
2005_16_PHI_ARI,2005,16,ARI,-0.608,-0.848
2005_17_ARI_IND,2005,17,ARI,-0.848,-2.894
2006_01_SF_ARI,2006,1,ARI,-1.855,-4.579
2006_02_ARI_SEA,2006,2,ARI,-4.579,-2.115
2006_03_LAR_ARI,2006,3,ARI,-2.115,-4.094
2006_04_ARI_ATL,2006,4,ARI,-4.094,-5.031
2006_05_KC_ARI,2006,5,ARI,-5.031,-7.664
2006_06_CHI_ARI,2006,6,ARI,-7.664,-4.054
2006_07_ARI_OAK,2006,7,ARI,-4.054,-4.131
2006_08_ARI_GB,2006,8,ARI,-4.131,-4.925
2006_10_DAL_ARI,2006,10,ARI,-4.925,-8.742
2006_11_DET_ARI,2006,11,ARI,-8.742,-7.918
2006_12_ARI_MIN,2006,12,ARI,-7.918,-10.609
2006_13_ARI_LAR,2006,13,ARI,-10.609,-9.846
2006_14_SEA_ARI,2006,14,ARI,-9.846,-12.435
2006_15_DEN_ARI,2006,15,ARI,-12.435,-14.522
2006_16_ARI_SF,2006,16,ARI,-14.522,-12.989
2006_17_ARI_LAC,2006,17,ARI,-12.989,-13.547
2007_01_ARI_SF,2007,1,ARI,-8.684,-8.149
2007_02_SEA_ARI,2007,2,ARI,-8.149,-9.852
2007_03_ARI_BAL,2007,3,ARI,-9.852,-10.211
2007_04_PIT_ARI,2007,4,ARI,-10.211,-10.086
2007_05_ARI_LAR,2007,5,ARI,-10.086,-10.604
2007_06_CAR_ARI,2007,6,ARI,-10.604,-11.767
2007_07_ARI_WAS,2007,7,ARI,-11.767,-10.349
2007_09_ARI_TB,2007,9,ARI,-10.349,-9.669
2007_10_DET_ARI,2007,10,ARI,-9.669,-10.261
2007_11_ARI_CIN,2007,11,ARI,-10.261,-9.584
2007_12_SF_ARI,2007,12,ARI,-9.584,-11.907
2007_13_CLE_ARI,2007,13,ARI,-11.907,-12.398
2007_14_ARI_SEA,2007,14,ARI,-12.398,-14.086
2007_15_ARI_NO,2007,15,ARI,-14.086,-15.504
2007_16_ATL_ARI,2007,16,ARI,-15.504,-17.767
2007_17_LAR_ARI,2007,17,ARI,-17.767,-16.372
2008_01_ARI_SF,2008,1,ARI,-10.495,-10.039
2008_02_MIA_ARI,2008,2,ARI,-10.039,-9.483
2008_03_ARI_WAS,2008,3,ARI,-9.483,-10.525
2008_04_ARI_NYJ,2008,4,ARI,-10.525,-12.554
2008_05_BUF_ARI,2008,5,ARI,-12.554,-12.338
2008_06_DAL_ARI,2008,6,ARI,-12.338,-13.861
2008_08_ARI_CAR,2008,8,ARI,-13.861,-14.626
2008_09_ARI_LAR,2008,9,ARI,-14.626,-14.68
2008_10_SF_ARI,2008,10,ARI,-14.68,-15.609
2008_11_ARI_SEA,2008,11,ARI,-15.609,-13.718
2008_12_NYG_ARI,2008,12,ARI,-13.718,-16.29
2008_13_ARI_PHI,2008,13,ARI,-16.29,-18.397
2008_14_LAR_ARI,2008,14,ARI,-18.397,-19.027
2008_15_MIN_ARI,2008,15,ARI,-19.027,-20.215
2008_16_ARI_NE,2008,16,ARI,-20.215,-21.929
2008_17_SEA_ARI,2008,17,ARI,-21.929,-22.294
2008_18_ATL_ARI,2008,18,ARI,-22.294,-21.366
2008_19_ARI_CAR,2008,19,ARI,-21.366,-17.507
2008_20_PHI_ARI,2008,20,ARI,-17.507,-19.45
2008_21_PIT_ARI,2008,21,ARI,-19.45,-19.114
2009_01_SF_ARI,2009,1,ARI,-12.252,-12.398
2009_02_ARI_JAX,2009,2,ARI,-12.398,-11.86
2009_03_IND_ARI,2009,3,ARI,-11.86,-13.967
2009_05_HOU_ARI,2009,5,ARI,-13.967,-16.129
2009_06_ARI_SEA,2009,6,ARI,-16.129,-12.003
2009_07_ARI_NYG,2009,7,ARI,-12.003,-9.151
2009_08_CAR_ARI,2009,8,ARI,-9.151,-9.607
2009_09_ARI_CHI,2009,9,ARI,-9.607,-10.384
2009_10_SEA_ARI,2009,10,ARI,-10.384,-9.611
2009_11_ARI_LAR,2009,11,ARI,-9.611,-8.967
2009_12_ARI_TEN,2009,12,ARI,-8.967,-9.617
2009_13_MIN_ARI,2009,13,ARI,-9.617,-8.994
2009_14_ARI_SF,2009,14,ARI,-8.994,-7.925
2009_15_ARI_DET,2009,15,ARI,-7.925,-6.746
2009_16_LAR_ARI,2009,16,ARI,-6.746,-6.38
2009_17_GB_ARI,2009,17,ARI,-6.38,-8.299
2009_18_GB_ARI,2009,18,ARI,-8.299,-10.484
2009_19_ARI_NO,2009,19,ARI,-10.484,-11.237
2010_01_ARI_LAR,2010,1,ARI,-7.203,-6.868
2010_02_ARI_ATL,2010,2,ARI,-6.868,-8.817
2010_03_OAK_ARI,2010,3,ARI,-8.817,-9.172
2010_04_ARI_LAC,2010,4,ARI,-9.172,-9.582
2010_05_NO_ARI,2010,5,ARI,-9.582,-8.364
2010_07_ARI_SEA,2010,7,ARI,-8.364,-7.133
2010_08_TB_ARI,2010,8,ARI,-7.133,-9.46
2010_09_ARI_MIN,2010,9,ARI,-9.46,-11.941
2010_10_SEA_ARI,2010,10,ARI,-11.941,-14.472
2010_11_ARI_KC,2010,11,ARI,-14.472,-15.114
2010_12_SF_ARI,2010,12,ARI,-15.114,-14.995
2010_13_LAR_ARI,2010,13,ARI,-14.995,-14.15
2010_14_DEN_ARI,2010,14,ARI,-14.15,-11.662
2010_15_ARI_CAR,2010,15,ARI,-11.662,-12.371
2010_16_DAL_ARI,2010,16,ARI,-12.371,-9.94
2010_17_ARI_SF,2010,17,ARI,-9.94,-10.488
2011_01_CAR_ARI,2011,1,ARI,-6.723,-9.494
2011_02_ARI_WAS,2011,2,ARI,-9.494,-9.491
2011_03_ARI_SEA,2011,3,ARI,-9.491,-8.63
2011_04_NYG_ARI,2011,4,ARI,-8.63,-10.883
2011_05_ARI_MIN,2011,5,ARI,-10.883,-11.027
2011_07_PIT_ARI,2011,7,ARI,-11.027,-13.575
2011_08_ARI_BAL,2011,8,ARI,-13.575,-13.29
2011_09_LAR_ARI,2011,9,ARI,-13.29,-12.98
2011_10_ARI_PHI,2011,10,ARI,-12.98,-10.517
2011_11_ARI_SF,2011,11,ARI,-10.517,-11.046
2011_12_ARI_LAR,2011,12,ARI,-11.046,-11.722
2011_13_DAL_ARI,2011,13,ARI,-11.722,-11.331
2011_14_SF_ARI,2011,14,ARI,-11.331,-9.828
2011_15_CLE_ARI,2011,15,ARI,-9.828,-10.945
2011_16_ARI_CIN,2011,16,ARI,-10.945,-11.53
2011_17_SEA_ARI,2011,17,ARI,-11.53,-11.441
2012_01_SEA_ARI,2012,1,ARI,-7.333,-7.298
2012_02_ARI_NE,2012,2,ARI,-7.298,-5.674
2012_03_PHI_ARI,2012,3,ARI,-5.674,-3.936
2012_04_MIA_ARI,2012,4,ARI,-3.936,-5.256
2012_05_ARI_LAR,2012,5,ARI,-5.256,-5.049
2012_06_BUF_ARI,2012,6,ARI,-5.049,-4.753
2012_07_ARI_MIN,2012,7,ARI,-4.753,-2.444
2012_08_SF_ARI,2012,8,ARI,-2.444,-4.733
2012_09_ARI_GB,2012,9,ARI,-4.733,-4.171
2012_11_ARI_ATL,2012,11,ARI,-4.171,-1.455
2012_12_LAR_ARI,2012,12,ARI,-1.455,-1.777
2012_13_ARI_NYJ,2012,13,ARI,-1.777,1.21
2012_14_ARI_SEA,2012,14,ARI,1.21,1.996
2012_15_DET_ARI,2012,15,ARI,1.996,4.575
2012_16_CHI_ARI,2012,16,ARI,4.575,3.691
2012_17_ARI_SF,2012,17,ARI,3.691,2.648
2013_01_ARI_LAR,2013,1,ARI,1.698,-0.79
2013_02_DET_ARI,2013,2,ARI,-0.79,-2.233
2013_03_ARI_NO,2013,3,ARI,-2.233,-3.425
2013_04_ARI_TB,2013,4,ARI,-3.425,-2.332
2013_05_CAR_ARI,2013,5,ARI,-2.332,0.068
2013_06_ARI_SF,2013,6,ARI,0.068,0.202
2013_07_SEA_ARI,2013,7,ARI,0.202,-1.265
2013_08_ATL_ARI,2013,8,ARI,-1.265,1.65
2013_10_HOU_ARI,2013,10,ARI,1.65,0.109
2013_11_ARI_JAX,2013,11,ARI,0.109,-0.117
2013_12_IND_ARI,2013,12,ARI,-0.117,0.01
2013_13_ARI_PHI,2013,13,ARI,0.01,0.035
2013_14_LAR_ARI,2013,14,ARI,0.035,0.914
2013_15_ARI_TEN,2013,15,ARI,0.914,-0.875
2013_16_ARI_SEA,2013,16,ARI,-0.875,1.911
2013_17_SF_ARI,2013,17,ARI,1.911,-0.403
2014_01_LAC_ARI,2014,1,ARI,-0.258,-1.098
2014_02_ARI_NYG,2014,2,ARI,-1.098,-1.281
2014_03_SF_ARI,2014,3,ARI,-1.281,-3.882
2014_05_ARI_DEN,2014,5,ARI,-3.882,-5.003
2014_06_WAS_ARI,2014,6,ARI,-5.003,-6.123
2014_07_ARI_OAK,2014,7,ARI,-6.123,-5.499
2014_08_PHI_ARI,2014,8,ARI,-5.499,-7.333
2014_09_ARI_DAL,2014,9,ARI,-7.333,-7.151
2014_10_LAR_ARI,2014,10,ARI,-7.151,-5.792
2014_11_DET_ARI,2014,11,ARI,-5.792,-4.268
2014_12_ARI_SEA,2014,12,ARI,-4.268,-3.693
2014_13_ARI_ATL,2014,13,ARI,-3.693,-5.653
2014_14_KC_ARI,2014,14,ARI,-5.653,-6.281
2014_15_ARI_LAR,2014,15,ARI,-6.281,-5.681
2014_16_SEA_ARI,2014,16,ARI,-5.681,-9.999
2014_17_ARI_SF,2014,17,ARI,-9.999,-11.283
2014_18_ARI_CAR,2014,18,ARI,-11.283,-10.881
2015_01_NO_ARI,2015,1,ARI,-6.975,-6.781
2015_02_ARI_CHI,2015,2,ARI,-6.781,-6.527
2015_03_SF_ARI,2015,3,ARI,-6.527,-4.325
2015_04_LAR_ARI,2015,4,ARI,-4.325,-5.623
2015_05_ARI_DET,2015,5,ARI,-5.623,-4.542
2015_06_ARI_PIT,2015,6,ARI,-4.542,-3.203
2015_07_BAL_ARI,2015,7,ARI,-3.203,-3.458
2015_08_ARI_CLE,2015,8,ARI,-3.458,-3.97
2015_10_ARI_SEA,2015,10,ARI,-3.97,-3.31
2015_11_CIN_ARI,2015,11,ARI,-3.31,-4.419
2015_12_ARI_SF,2015,12,ARI,-4.419,-5.928
2015_13_ARI_LAR,2015,13,ARI,-5.928,-4.839
2015_14_MIN_ARI,2015,14,ARI,-4.839,-6.953
2015_15_ARI_PHI,2015,15,ARI,-6.953,-7.522
2015_16_GB_ARI,2015,16,ARI,-7.522,-4.789
2015_17_SEA_ARI,2015,17,ARI,-4.789,-5.815
2015_19_GB_ARI,2015,19,ARI,-5.815,-6.78
2015_20_ARI_CAR,2015,20,ARI,-6.78,-8.684
2016_01_NE_ARI,2016,1,ARI,-5.566,-7.911
2016_02_TB_ARI,2016,2,ARI,-7.911,-5.354
2016_03_ARI_BUF,2016,3,ARI,-5.354,-4.328
2016_04_LAR_ARI,2016,4,ARI,-4.328,-6.384
2016_05_ARI_SF,2016,5,ARI,-6.384,-5.287
2016_06_NYJ_ARI,2016,6,ARI,-5.287,-4.911
2016_07_SEA_ARI,2016,7,ARI,-4.911,-5.116
2016_08_ARI_CAR,2016,8,ARI,-5.116,-4.47
2016_10_SF_ARI,2016,10,ARI,-4.47,-6.122
2016_11_ARI_MIN,2016,11,ARI,-6.122,-6.348
2016_12_ARI_ATL,2016,12,ARI,-6.348,-6.602
2016_13_WAS_ARI,2016,13,ARI,-6.602,-6.078
2016_14_ARI_MIA,2016,14,ARI,-6.078,-6.987
2016_15_NO_ARI,2016,15,ARI,-6.987,-9.205
2016_16_ARI_SEA,2016,16,ARI,-9.205,-10.268
2016_17_ARI_LAR,2016,17,ARI,-10.268,-8.153
2017_01_ARI_DET,2017,1,ARI,-5.226,-7.539
2017_02_ARI_IND,2017,2,ARI,-7.539,-6.863
2017_03_DAL_ARI,2017,3,ARI,-6.863,-8.18
2017_04_SF_ARI,2017,4,ARI,-8.18,-6.956
2017_05_ARI_PHI,2017,5,ARI,-6.956,-8.705
2017_06_TB_ARI,2017,6,ARI,-8.705,-7.8
2017_07_ARI_LAR,2017,7,ARI,-7.8,-8.478
2017_09_ARI_SF,2017,9,ARI,-8.478,-7.478
2017_10_SEA_ARI,2017,10,ARI,-7.478,-7.569
2017_11_ARI_HOU,2017,11,ARI,-7.569,-9.688
2017_12_JAX_ARI,2017,12,ARI,-9.688,-10.653
2017_13_LAR_ARI,2017,13,ARI,-10.653,-11.544
2017_14_TEN_ARI,2017,14,ARI,-11.544,-9.436
2017_15_ARI_WAS,2017,15,ARI,-9.436,-9.232
2017_16_NYG_ARI,2017,16,ARI,-9.232,-8.65
2017_17_ARI_SEA,2017,17,ARI,-8.65,-8.428
2018_01_WAS_ARI,2018,1,ARI,-5.402,-6.438
2018_02_ARI_LAR,2018,2,ARI,-6.438,-7.047
2018_03_CHI_ARI,2018,3,ARI,-7.047,-7.082
2018_04_SEA_ARI,2018,4,ARI,-7.082,-7.477
2018_05_ARI_SF,2018,5,ARI,-7.477,-8.348
2018_06_ARI_MIN,2018,6,ARI,-8.348,-8.161
2018_07_DEN_ARI,2018,7,ARI,-8.161,-7.617
2018_08_SF_ARI,2018,8,ARI,-7.617,-7.476
2018_10_ARI_KC,2018,10,ARI,-7.476,-6.611
2018_11_OAK_ARI,2018,11,ARI,-6.611,-6.79
2018_12_ARI_LAC,2018,12,ARI,-6.79,-7.774
2018_13_ARI_GB,2018,13,ARI,-7.774,-7.713
2018_14_DET_ARI,2018,14,ARI,-7.713,-6.979
2018_15_ARI_ATL,2018,15,ARI,-6.979,-7.617
2018_16_LAR_ARI,2018,16,ARI,-7.617,-9.028
2018_17_ARI_SEA,2018,17,ARI,-9.028,-5.538
2019_01_DET_ARI,2019,1,ARI,-3.55,-5.696
2019_02_ARI_BAL,2019,2,ARI,-5.696,-8.28
2019_03_CAR_ARI,2019,3,ARI,-8.28,-11.318
2019_04_SEA_ARI,2019,4,ARI,-11.318,-11.223
2019_05_ARI_CIN,2019,5,ARI,-11.223,-12.461
2019_06_ATL_ARI,2019,6,ARI,-12.461,-14.886
2019_07_ARI_NYG,2019,7,ARI,-14.886,-12.825
2019_08_ARI_NO,2019,8,ARI,-12.825,-14.963
2019_09_SF_ARI,2019,9,ARI,-14.963,-18.303
2019_10_ARI_TB,2019,10,ARI,-18.303,-17.765
2019_11_ARI_SF,2019,11,ARI,-17.765,-19.772
2019_13_LAR_ARI,2019,13,ARI,-19.772,-22.94
2019_14_PIT_ARI,2019,14,ARI,-22.94,-23.834
2019_15_CLE_ARI,2019,15,ARI,-23.834,-24.979
2019_16_ARI_SEA,2019,16,ARI,-24.979,-21.63
2019_17_ARI_LAR,2019,17,ARI,-21.63,-22.381
2020_01_ARI_SF,2020,1,ARI,-14.346,-14.119
2020_02_WAS_ARI,2020,2,ARI,-14.119,-14.318
2020_03_DET_ARI,2020,3,ARI,-14.318,-14.466
2020_04_ARI_CAR,2020,4,ARI,-14.466,-15.922
2020_05_ARI_NYJ,2020,5,ARI,-15.922,-15.042
2020_06_ARI_DAL,2020,6,ARI,-15.042,-14.506
2020_07_SEA_ARI,2020,7,ARI,-14.506,-16.308
2020_09_MIA_ARI,2020,9,ARI,-16.308,-17.998
2020_10_BUF_ARI,2020,10,ARI,-17.998,-18.559
2020_11_ARI_SEA,2020,11,ARI,-18.559,-18.028
2020_12_ARI_NE,2020,12,ARI,-18.028,-14.371
2020_13_LAR_ARI,2020,13,ARI,-14.371,-16.84
2020_14_ARI_NYG,2020,14,ARI,-16.84,-13.665
2020_15_PHI_ARI,2020,15,ARI,-13.665,-16.107
2020_16_SF_ARI,2020,16,ARI,-16.107,-17.222
2020_17_ARI_LAR,2020,17,ARI,-17.222,-18.173
2021_01_ARI_TEN,2021,1,ARI,-11.649,-9.605
2021_02_MIN_ARI,2021,2,ARI,-9.605,-11.467
2021_03_ARI_JAX,2021,3,ARI,-11.467,-10.193
2021_04_ARI_LAR,2021,4,ARI,-10.193,-10.784
2021_05_SF_ARI,2021,5,ARI,-10.784,-10.94
2021_06_ARI_CLE,2021,6,ARI,-10.94,-9.68
2021_07_HOU_ARI,2021,7,ARI,-9.68,-9.782
2021_08_GB_ARI,2021,8,ARI,-9.782,-9.696
2021_09_ARI_SF,2021,9,ARI,-9.696,-9.517
2021_10_CAR_ARI,2021,10,ARI,-9.517,-10.833
2021_11_ARI_SEA,2021,11,ARI,-10.833,-8.396
2021_13_ARI_CHI,2021,13,ARI,-8.396,-6.205
2021_14_LAR_ARI,2021,14,ARI,-6.205,-7.311
2021_15_ARI_DET,2021,15,ARI,-7.311,-8.915
2021_16_IND_ARI,2021,16,ARI,-8.915,-9.529
2021_17_ARI_DAL,2021,17,ARI,-9.529,-10.27
2021_18_SEA_ARI,2021,18,ARI,-10.27,-11.45
2021_19_ARI_LAR,2021,19,ARI,-11.45,-12.706
2022_01_KC_ARI,2022,1,ARI,-8.145,-11.484
2022_02_ARI_OAK,2022,2,ARI,-11.484,-12.612
2022_03_LAR_ARI,2022,3,ARI,-12.612,-12.632
2022_04_ARI_CAR,2022,4,ARI,-12.632,-11.914
2022_05_PHI_ARI,2022,5,ARI,-11.914,-13.659
2022_06_ARI_SEA,2022,6,ARI,-13.659,-13.006
2022_07_NO_ARI,2022,7,ARI,-13.006,-15.114
2022_08_ARI_MIN,2022,8,ARI,-15.114,-15.797
2022_09_SEA_ARI,2022,9,ARI,-15.797,-17.142
2022_10_ARI_LAR,2022,10,ARI,-17.142,-17.515
2022_11_SF_ARI,2022,11,ARI,-17.515,-19.461
2022_12_LAC_ARI,2022,12,ARI,-19.461,-20.674
2022_14_NE_ARI,2022,14,ARI,-20.674,-20.209
2022_15_ARI_DEN,2022,15,ARI,-20.209,-18.631
2022_16_TB_ARI,2022,16,ARI,-18.631,-18.088
2022_17_ARI_ATL,2022,17,ARI,-18.088,-18.707
2022_18_ARI_SF,2022,18,ARI,-18.707,-18.392
2023_01_ARI_WAS,2023,1,ARI,-11.789,-11.727
2023_02_NYG_ARI,2023,2,ARI,-11.727,-14.266
2023_03_DAL_ARI,2023,3,ARI,-14.266,-13.724
2023_04_ARI_SF,2023,4,ARI,-13.724,-15.093
2023_05_CIN_ARI,2023,5,ARI,-15.093,-16.941
2023_06_ARI_LAR,2023,6,ARI,-16.941,-16.282
2023_07_ARI_SEA,2023,7,ARI,-16.282,-15.527
2023_08_BAL_ARI,2023,8,ARI,-15.527,-13.968
2023_09_ARI_CLE,2023,9,ARI,-13.968,-14.126
2023_10_ATL_ARI,2023,10,ARI,-14.126,-13.409
2023_11_ARI_HOU,2023,11,ARI,-13.409,-13.044
2023_12_LAR_ARI,2023,12,ARI,-13.044,-14.99
2023_13_ARI_PIT,2023,13,ARI,-14.99,-13.78
2023_15_SF_ARI,2023,15,ARI,-13.78,-15.473
2023_16_ARI_CHI,2023,16,ARI,-15.473,-16.118
2023_17_ARI_PHI,2023,17,ARI,-16.118,-15.539
2023_18_SEA_ARI,2023,18,ARI,-15.539,-16.485
2024_01_ARI_BUF,2024,1,ARI,-10.567,-11.803
2024_02_LAR_ARI,2024,2,ARI,-11.803,-10.355
2024_03_DET_ARI,2024,3,ARI,-10.355,-10.287
2024_04_WAS_ARI,2024,4,ARI,-10.287,-13.128
2024_05_ARI_SF,2024,5,ARI,-13.128,-11.219
2024_06_ARI_GB,2024,6,ARI,-11.219,-12.03
2024_07_LAC_ARI,2024,7,ARI,-12.03,-12.819
2024_08_ARI_MIA,2024,8,ARI,-12.819,-13.348
2024_09_CHI_ARI,2024,9,ARI,-13.348,-11.826
2024_10_NYJ_ARI,2024,10,ARI,-11.826,-10.666
2024_12_ARI_SEA,2024,12,ARI,-10.666,-8.956
2024_13_ARI_MIN,2024,13,ARI,-8.956,-9.498
2024_14_SEA_ARI,2024,14,ARI,-9.498,-11.203
2024_15_NE_ARI,2024,15,ARI,-11.203,-12.417
2024_16_ARI_CAR,2024,16,ARI,-12.417,-14.195
2024_17_ARI_LAR,2024,17,ARI,-14.195,-13.403
2024_18_SF_ARI,2024,18,ARI,-13.403,-14.989
2025_01_ARI_NO,2025,1,ARI,-9.608,-10.786
2025_02_CAR_ARI,2025,2,ARI,-10.786,-12.45
2025_03_ARI_SF,2025,3,ARI,-12.45,-12.204
2025_04_SEA_ARI,2025,4,ARI,-12.204,-12.954
2025_05_TEN_ARI,2025,5,ARI,-12.954,-12.643
2025_06_ARI_IND,2025,6,ARI,-12.643,-13.88
2025_07_GB_ARI,2025,7,ARI,-13.88,-14.156
2025_09_ARI_DAL,2025,9,ARI,-14.156,-12.682
2025_10_ARI_SEA,2025,10,ARI,-12.682,-11.072
2025_11_SF_ARI,2025,11,ARI,-11.072,-12.208
2025_12_JAX_ARI,2025,12,ARI,-12.208,-12.169
2025_13_ARI_TB,2025,13,ARI,-12.169,-11.333
2025_14_LAR_ARI,2025,14,ARI,-11.333,-12.896
2025_15_ARI_HOU,2025,15,ARI,-12.896,-14.922
2025_16_ATL_ARI,2025,16,ARI,-14.922,-14.796
2025_17_ARI_CIN,2025,17,ARI,-14.796,-14.82
2025_18_ARI_LAR,2025,18,ARI,-14.82,-15.756
2026_01_ARI_LAC,2026,1,ARI,-10.1,-9.651
1999_01_MIN_ATL,1999,1,ATL,0.0,-2.742
1999_02_ATL_DAL,1999,2,ATL,-2.742,-0.713
1999_03_ATL_LAR,1999,3,ATL,-0.713,-5.787
1999_04_BAL_ATL,1999,4,ATL,-5.787,-6.467
1999_05_ATL_NO,1999,5,ATL,-6.467,-8.015
1999_06_LAR_ATL,1999,6,ATL,-8.015,-8.333
1999_07_ATL_PIT,1999,7,ATL,-8.333,-9.106
1999_08_CAR_ATL,1999,8,ATL,-9.106,-8.323
1999_09_JAX_ATL,1999,9,ATL,-8.323,-10.283
1999_11_ATL_TB,1999,11,ATL,-10.283,-8.635
1999_12_ATL_CAR,1999,12,ATL,-8.635,-10.147
1999_13_NO_ATL,1999,13,ATL,-10.147,-9.241
1999_14_ATL_SF,1999,14,ATL,-9.241,-9.196
1999_15_ATL_TEN,1999,15,ATL,-9.196,-10.967
1999_16_ARI_ATL,1999,16,ATL,-10.967,-12.134
1999_17_SF_ATL,1999,17,ATL,-12.134,-17.015
2000_01_SF_ATL,2000,1,ATL,-10.907,-13.144
2000_02_ATL_DEN,2000,2,ATL,-13.144,-14.218
2000_03_ATL_CAR,2000,3,ATL,-14.218,-12.109
2000_04_LAR_ATL,2000,4,ATL,-12.109,-13.021
2000_05_ATL_PHI,2000,5,ATL,-13.021,-15.713
2000_06_NYG_ATL,2000,6,ATL,-15.713,-15.035
2000_07_ATL_LAR,2000,7,ATL,-15.035,-14.968
2000_08_NO_ATL,2000,8,ATL,-14.968,-15.455
2000_09_CAR_ATL,2000,9,ATL,-15.455,-12.378
2000_10_TB_ATL,2000,10,ATL,-12.378,-12.996
2000_11_ATL_DET,2000,11,ATL,-12.996,-11.955
2000_12_ATL_SF,2000,12,ATL,-11.955,-11.102
2000_13_ATL_OAK,2000,13,ATL,-11.102,-12.468
2000_14_SEA_ATL,2000,14,ATL,-12.468,-15.226
2000_16_ATL_NO,2000,16,ATL,-15.226,-17.029
2000_17_KC_ATL,2000,17,ATL,-17.029,-16.756
2001_01_ATL_SF,2001,1,ATL,-10.741,-11.273
2001_02_CAR_ATL,2001,2,ATL,-11.273,-13.865
2001_03_ATL_ARI,2001,3,ATL,-13.865,-12.86
2001_04_CHI_ATL,2001,4,ATL,-12.86,-13.237
2001_05_SF_ATL,2001,5,ATL,-13.237,-17.192
2001_06_ATL_NO,2001,6,ATL,-17.192,-16.782
2001_08_NE_ATL,2001,8,ATL,-16.782,-18.946
2001_09_DAL_ATL,2001,9,ATL,-18.946,-18.553
2001_10_ATL_GB,2001,10,ATL,-18.553,-16.986
2001_11_ATL_CAR,2001,11,ATL,-16.986,-15.904
2001_12_LAR_ATL,2001,12,ATL,-15.904,-18.267
2001_13_NO_ATL,2001,13,ATL,-18.267,-19.031
2001_14_ATL_IND,2001,14,ATL,-19.031,-20.875
2001_15_BUF_ATL,2001,15,ATL,-20.875,-22.31
2001_16_ATL_MIA,2001,16,ATL,-22.31,-21.099
2001_17_ATL_LAR,2001,17,ATL,-21.099,-21.056
2002_01_ATL_GB,2002,1,ATL,-13.497,-14.495
2002_02_CHI_ATL,2002,2,ATL,-14.495,-14.269
2002_03_CIN_ATL,2002,3,ATL,-14.269,-12.581
2002_05_TB_ATL,2002,5,ATL,-12.581,-12.986
2002_06_ATL_NYG,2002,6,ATL,-12.986,-12.018
2002_07_CAR_ATL,2002,7,ATL,-12.018,-11.247
2002_08_ATL_NO,2002,8,ATL,-11.247,-11.198
2002_09_BAL_ATL,2002,9,ATL,-11.198,-10.391
2002_10_ATL_PIT,2002,10,ATL,-10.391,-13.885
2002_11_NO_ATL,2002,11,ATL,-13.885,-14.949
2002_12_ATL_CAR,2002,12,ATL,-14.949,-11.92
2002_13_ATL_MIN,2002,13,ATL,-11.92,-10.333
2002_14_ATL_TB,2002,14,ATL,-10.333,-12.604
2002_15_SEA_ATL,2002,15,ATL,-12.604,-14.596
2002_16_DET_ATL,2002,16,ATL,-14.596,-13.568
2002_17_ATL_CLE,2002,17,ATL,-13.568,-11.29
2002_18_ATL_GB,2002,18,ATL,-11.29,-9.471
2002_19_ATL_PHI,2002,19,ATL,-9.471,-9.623
2003_01_ATL_DAL,2003,1,ATL,-6.169,-5.644
2003_02_WAS_ATL,2003,2,ATL,-5.644,-7.696
2003_03_TB_ATL,2003,3,ATL,-7.696,-9.03
2003_04_ATL_CAR,2003,4,ATL,-9.03,-9.993
2003_05_MIN_ATL,2003,5,ATL,-9.993,-11.064
2003_06_ATL_LAR,2003,6,ATL,-11.064,-13.416
2003_07_NO_ATL,2003,7,ATL,-13.416,-16.427
2003_09_PHI_ATL,2003,9,ATL,-16.427,-18.689
2003_10_ATL_NYG,2003,10,ATL,-18.689,-16.43
2003_11_ATL_NO,2003,11,ATL,-16.43,-14.144
2003_12_TEN_ATL,2003,12,ATL,-14.144,-14.235
2003_13_ATL_HOU,2003,13,ATL,-14.235,-13.324
2003_14_CAR_ATL,2003,14,ATL,-13.324,-12.544
2003_15_ATL_IND,2003,15,ATL,-12.544,-15.397
2003_16_ATL_TB,2003,16,ATL,-15.397,-16.444
2003_17_JAX_ATL,2003,17,ATL,-16.444,-17.86
2004_01_ATL_SF,2004,1,ATL,-11.448,-11.374
2004_02_LAR_ATL,2004,2,ATL,-11.374,-11.739
2004_03_ARI_ATL,2004,3,ATL,-11.739,-12.394
2004_04_ATL_CAR,2004,4,ATL,-12.394,-11.62
2004_05_DET_ATL,2004,5,ATL,-11.62,-11.572
2004_06_LAC_ATL,2004,6,ATL,-11.572,-12.937
2004_07_ATL_KC,2004,7,ATL,-12.937,-13.495
2004_08_ATL_DEN,2004,8,ATL,-13.495,-15.324
2004_10_TB_ATL,2004,10,ATL,-15.324,-14.541
2004_11_ATL_NYG,2004,11,ATL,-14.541,-12.663
2004_12_NO_ATL,2004,12,ATL,-12.663,-11.482
2004_13_ATL_TB,2004,13,ATL,-11.482,-9.592
2004_14_OAK_ATL,2004,14,ATL,-9.592,-8.895
2004_15_CAR_ATL,2004,15,ATL,-8.895,-10.334
2004_16_ATL_NO,2004,16,ATL,-10.334,-9.55
2004_17_ATL_SEA,2004,17,ATL,-9.55,-9.516
2004_19_LAR_ATL,2004,19,ATL,-9.516,-9.767
2004_20_ATL_PHI,2004,20,ATL,-9.767,-10.107
2005_01_PHI_ATL,2005,1,ATL,-6.478,-6.175
2005_02_ATL_SEA,2005,2,ATL,-6.175,-7.15
2005_03_ATL_BUF,2005,3,ATL,-7.15,-4.851
2005_04_MIN_ATL,2005,4,ATL,-4.851,-2.58
2005_05_NE_ATL,2005,5,ATL,-2.58,-5.624
2005_06_ATL_NO,2005,6,ATL,-5.624,-7.553
2005_07_NYJ_ATL,2005,7,ATL,-7.553,-7.974
2005_09_ATL_MIA,2005,9,ATL,-7.974,-7.138
2005_10_GB_ATL,2005,10,ATL,-7.138,-7.767
2005_11_TB_ATL,2005,11,ATL,-7.767,-8.29
2005_12_ATL_DET,2005,12,ATL,-8.29,-6.871
2005_13_ATL_CAR,2005,13,ATL,-6.871,-6.933
2005_14_NO_ATL,2005,14,ATL,-6.933,-7.919
2005_15_ATL_CHI,2005,15,ATL,-7.919,-7.335
2005_16_ATL_TB,2005,16,ATL,-7.335,-8.419
2005_17_CAR_ATL,2005,17,ATL,-8.419,-9.833
2006_01_ATL_CAR,2006,1,ATL,-6.303,-4.13
2006_02_TB_ATL,2006,2,ATL,-4.13,-4.313
2006_03_ATL_NO,2006,3,ATL,-4.313,-5.143
2006_04_ARI_ATL,2006,4,ATL,-5.143,-3.674
2006_06_NYG_ATL,2006,6,ATL,-3.674,-3.744
2006_07_PIT_ATL,2006,7,ATL,-3.744,-5.864
2006_08_ATL_CIN,2006,8,ATL,-5.864,-6.743
2006_09_ATL_DET,2006,9,ATL,-6.743,-7.84
2006_10_CLE_ATL,2006,10,ATL,-7.84,-8.945
2006_11_ATL_BAL,2006,11,ATL,-8.945,-8.72
2006_12_NO_ATL,2006,12,ATL,-8.72,-10.055
2006_13_ATL_WAS,2006,13,ATL,-10.055,-9.219
2006_14_ATL_TB,2006,14,ATL,-9.219,-9.264
2006_15_DAL_ATL,2006,15,ATL,-9.264,-10.906
2006_16_CAR_ATL,2006,16,ATL,-10.906,-10.679
2006_17_ATL_PHI,2006,17,ATL,-10.679,-13.647
2007_01_ATL_MIN,2007,1,ATL,-8.747,-10.093
2007_02_ATL_JAX,2007,2,ATL,-10.093,-10.441
2007_03_CAR_ATL,2007,3,ATL,-10.441,-10.311
2007_04_HOU_ATL,2007,4,ATL,-10.311,-13.124
2007_05_ATL_TEN,2007,5,ATL,-13.124,-11.212
2007_06_NYG_ATL,2007,6,ATL,-11.212,-12.995
2007_07_ATL_NO,2007,7,ATL,-12.995,-13.839
2007_09_SF_ATL,2007,9,ATL,-13.839,-11.892
2007_10_ATL_CAR,2007,10,ATL,-11.892,-10.717
2007_11_TB_ATL,2007,11,ATL,-10.717,-11.03
2007_12_IND_ATL,2007,12,ATL,-11.03,-11.211
2007_13_ATL_LAR,2007,13,ATL,-11.211,-13.496
2007_14_NO_ATL,2007,14,ATL,-13.496,-15.389
2007_15_ATL_TB,2007,15,ATL,-15.389,-13.642
2007_16_ATL_ARI,2007,16,ATL,-13.642,-17.112
2007_17_SEA_ATL,2007,17,ATL,-17.112,-16.862
2008_01_DET_ATL,2008,1,ATL,-10.809,-11.857
2008_02_ATL_TB,2008,2,ATL,-11.857,-11.191
2008_03_KC_ATL,2008,3,ATL,-11.191,-9.957
2008_04_ATL_CAR,2008,4,ATL,-9.957,-11.647
2008_05_ATL_GB,2008,5,ATL,-11.647,-12.866
2008_06_CHI_ATL,2008,6,ATL,-12.866,-14.744
2008_08_ATL_PHI,2008,8,ATL,-14.744,-14.457
2008_09_ATL_OAK,2008,9,ATL,-14.457,-11.89
2008_10_NO_ATL,2008,10,ATL,-11.89,-11.357
2008_11_DEN_ATL,2008,11,ATL,-11.357,-12.154
2008_12_CAR_ATL,2008,12,ATL,-12.154,-14.285
2008_13_ATL_LAC,2008,13,ATL,-14.285,-12.316
2008_14_ATL_NO,2008,14,ATL,-12.316,-12.347
2008_15_TB_ATL,2008,15,ATL,-12.347,-13.203
2008_16_ATL_MIN,2008,16,ATL,-13.203,-15.565
2008_17_LAR_ATL,2008,17,ATL,-15.565,-16.239
2008_18_ATL_ARI,2008,18,ATL,-16.239,-16.398
2009_01_MIA_ATL,2009,1,ATL,-10.511,-9.977
2009_02_CAR_ATL,2009,2,ATL,-9.977,-11.621
2009_03_ATL_NE,2009,3,ATL,-11.621,-11.232
2009_05_ATL_SF,2009,5,ATL,-11.232,-9.777
2009_06_CHI_ATL,2009,6,ATL,-9.777,-10.807
2009_07_ATL_DAL,2009,7,ATL,-10.807,-13.581
2009_08_ATL_NO,2009,8,ATL,-13.581,-14.042
2009_09_WAS_ATL,2009,9,ATL,-14.042,-14.129
2009_10_ATL_CAR,2009,10,ATL,-14.129,-15.091
2009_11_ATL_NYG,2009,11,ATL,-15.091,-16.68
2009_12_TB_ATL,2009,12,ATL,-16.68,-19.197
2009_13_PHI_ATL,2009,13,ATL,-19.197,-19.548
2009_14_NO_ATL,2009,14,ATL,-19.548,-20.975
2009_15_ATL_NYJ,2009,15,ATL,-20.975,-19.644
2009_16_BUF_ATL,2009,16,ATL,-19.644,-18.591
2009_17_ATL_TB,2009,17,ATL,-18.591,-16.931
2010_01_ATL_PIT,2010,1,ATL,-10.853,-10.56
2010_02_ARI_ATL,2010,2,ATL,-10.56,-9.678
2010_03_ATL_NO,2010,3,ATL,-9.678,-10.831
2010_04_SF_ATL,2010,4,ATL,-10.831,-11.285
2010_05_ATL_CLE,2010,5,ATL,-11.285,-10.733
2010_06_ATL_PHI,2010,6,ATL,-10.733,-12.944
2010_07_CIN_ATL,2010,7,ATL,-12.944,-16.373
2010_09_TB_ATL,2010,9,ATL,-16.373,-16.464
2010_10_BAL_ATL,2010,10,ATL,-16.464,-17.543
2010_11_ATL_LAR,2010,11,ATL,-17.543,-19.096
2010_12_GB_ATL,2010,12,ATL,-19.096,-21.601
2010_13_ATL_TB,2010,13,ATL,-21.601,-20.249
2010_14_ATL_CAR,2010,14,ATL,-20.249,-18.179
2010_15_ATL_SEA,2010,15,ATL,-18.179,-15.575
2010_16_NO_ATL,2010,16,ATL,-15.575,-15.14
2010_17_CAR_ATL,2010,17,ATL,-15.14,-15.806
2010_19_GB_ATL,2010,19,ATL,-15.806,-19.074
2011_01_ATL_CHI,2011,1,ATL,-12.226,-12.004
2011_02_PHI_ATL,2011,2,ATL,-12.004,-13.011
2011_03_ATL_TB,2011,3,ATL,-13.011,-12.457
2011_04_ATL_SEA,2011,4,ATL,-12.457,-14.109
2011_05_GB_ATL,2011,5,ATL,-14.109,-14.533
2011_06_CAR_ATL,2011,6,ATL,-14.533,-14.506
2011_07_ATL_DET,2011,7,ATL,-14.506,-13.219
2011_09_ATL_IND,2011,9,ATL,-13.219,-11.944
2011_10_NO_ATL,2011,10,ATL,-11.944,-13.301
2011_11_TEN_ATL,2011,11,ATL,-13.301,-12.804
2011_12_MIN_ATL,2011,12,ATL,-12.804,-13.34
2011_13_ATL_HOU,2011,13,ATL,-13.34,-13.766
2011_14_ATL_CAR,2011,14,ATL,-13.766,-12.389
2011_15_JAX_ATL,2011,15,ATL,-12.389,-11.779
2011_16_ATL_NO,2011,16,ATL,-11.779,-11.258
2011_17_TB_ATL,2011,17,ATL,-11.258,-11.907
2011_18_ATL_NYG,2011,18,ATL,-11.907,-13.353
2012_01_ATL_KC,2012,1,ATL,-8.559,-8.595
2012_02_DEN_ATL,2012,2,ATL,-8.595,-6.4
2012_03_ATL_LAC,2012,3,ATL,-6.4,-4.016
2012_04_CAR_ATL,2012,4,ATL,-4.016,-6.747
2012_05_ATL_WAS,2012,5,ATL,-6.747,-4.915
2012_06_OAK_ATL,2012,6,ATL,-4.915,-6.165
2012_08_ATL_PHI,2012,8,ATL,-6.165,-5.794
2012_09_DAL_ATL,2012,9,ATL,-5.794,-7.474
2012_10_ATL_NO,2012,10,ATL,-7.474,-8.007
2012_11_ARI_ATL,2012,11,ATL,-8.007,-7.491
2012_12_ATL_TB,2012,12,ATL,-7.491,-6.886
2012_13_NO_ATL,2012,13,ATL,-6.886,-4.013
2012_14_ATL_CAR,2012,14,ATL,-4.013,-7.552
2012_15_NYG_ATL,2012,15,ATL,-7.552,-6.104
2012_16_ATL_DET,2012,16,ATL,-6.104,-7.85
2012_17_TB_ATL,2012,17,ATL,-7.85,-8.548
2012_19_SEA_ATL,2012,19,ATL,-8.548,-11.863
2012_20_SF_ATL,2012,20,ATL,-11.863,-13.052
2013_01_ATL_NO,2013,1,ATL,-8.366,-9.02
2013_02_LAR_ATL,2013,2,ATL,-9.02,-11.512
2013_03_ATL_MIA,2013,3,ATL,-11.512,-10.96
2013_04_NE_ATL,2013,4,ATL,-10.96,-12.532
2013_05_NYJ_ATL,2013,5,ATL,-12.532,-14.72
2013_07_TB_ATL,2013,7,ATL,-14.72,-16.351
2013_08_ATL_ARI,2013,8,ATL,-16.351,-16.535
2013_09_ATL_CAR,2013,9,ATL,-16.535,-15.85
2013_10_SEA_ATL,2013,10,ATL,-15.85,-17.626
2013_11_ATL_TB,2013,11,ATL,-17.626,-18.823
2013_12_NO_ATL,2013,12,ATL,-18.823,-18.492
2013_13_ATL_BUF,2013,13,ATL,-18.492,-19.92
2013_14_ATL_GB,2013,14,ATL,-19.92,-20.474
2013_15_WAS_ATL,2013,15,ATL,-20.474,-22.888
2013_16_ATL_SF,2013,16,ATL,-22.888,-22.826
2013_17_CAR_ATL,2013,17,ATL,-22.826,-23.159
2014_01_NO_ATL,2014,1,ATL,-14.845,-15.136
2014_02_ATL_CIN,2014,2,ATL,-15.136,-15.218
2014_03_TB_ATL,2014,3,ATL,-15.218,-13.183
2014_04_ATL_MIN,2014,4,ATL,-13.183,-15.219
2014_05_ATL_NYG,2014,5,ATL,-15.219,-14.906
2014_06_CHI_ATL,2014,6,ATL,-14.906,-16.469
2014_07_ATL_BAL,2014,7,ATL,-16.469,-15.776
2014_08_DET_ATL,2014,8,ATL,-15.776,-15.723
2014_10_ATL_TB,2014,10,ATL,-15.723,-15.26
2014_11_ATL_CAR,2014,11,ATL,-15.26,-15.363
2014_12_CLE_ATL,2014,12,ATL,-15.363,-15.32
2014_13_ARI_ATL,2014,13,ATL,-15.32,-16.461
2014_14_ATL_GB,2014,14,ATL,-16.461,-17.053
2014_15_PIT_ATL,2014,15,ATL,-17.053,-18.143
2014_16_ATL_NO,2014,16,ATL,-18.143,-15.617
2014_17_CAR_ATL,2014,17,ATL,-15.617,-16.796
2015_01_PHI_ATL,2015,1,ATL,-10.766,-12.028
2015_02_ATL_NYG,2015,2,ATL,-12.028,-13.215
2015_03_ATL_DAL,2015,3,ATL,-13.215,-14.171
2015_04_HOU_ATL,2015,4,ATL,-14.171,-13.585
2015_05_WAS_ATL,2015,5,ATL,-13.585,-13.501
2015_06_ATL_NO,2015,6,ATL,-13.501,-14.431
2015_07_ATL_TEN,2015,7,ATL,-14.431,-13.494
2015_08_TB_ATL,2015,8,ATL,-13.494,-14.453
2015_09_ATL_SF,2015,9,ATL,-14.453,-15.027
2015_11_IND_ATL,2015,11,ATL,-15.027,-15.322
2015_12_MIN_ATL,2015,12,ATL,-15.322,-15.334
2015_13_ATL_TB,2015,13,ATL,-15.334,-15.626
2015_14_ATL_CAR,2015,14,ATL,-15.626,-15.652
2015_15_ATL_JAX,2015,15,ATL,-15.652,-16.367
2015_16_CAR_ATL,2015,16,ATL,-16.367,-15.831
2015_17_NO_ATL,2015,17,ATL,-15.831,-16.465
2016_01_TB_ATL,2016,1,ATL,-10.554,-13.013
2016_02_ATL_OAK,2016,2,ATL,-13.013,-15.009
2016_03_ATL_NO,2016,3,ATL,-15.009,-15.777
2016_04_CAR_ATL,2016,4,ATL,-15.777,-15.785
2016_05_ATL_DEN,2016,5,ATL,-15.785,-14.278
2016_06_ATL_SEA,2016,6,ATL,-14.278,-13.629
2016_07_LAC_ATL,2016,7,ATL,-13.629,-13.442
2016_08_GB_ATL,2016,8,ATL,-13.442,-16.018
2016_09_ATL_TB,2016,9,ATL,-16.018,-16.559
2016_10_ATL_PHI,2016,10,ATL,-16.559,-16.205
2016_12_ARI_ATL,2016,12,ATL,-16.205,-16.129
2016_13_KC_ATL,2016,13,ATL,-16.129,-17.556
2016_14_ATL_LAR,2016,14,ATL,-17.556,-16.085
2016_15_SF_ATL,2016,15,ATL,-16.085,-16.94
2016_16_ATL_CAR,2016,16,ATL,-16.94,-14.378
2016_17_NO_ATL,2016,17,ATL,-14.378,-13.677
2016_19_SEA_ATL,2016,19,ATL,-13.677,-13.603
2016_20_GB_ATL,2016,20,ATL,-13.603,-14.134
2016_21_NE_ATL,2016,21,ATL,-14.134,-15.171
2017_01_ATL_CHI,2017,1,ATL,-9.724,-9.308
2017_02_GB_ATL,2017,2,ATL,-9.308,-10.002
2017_03_ATL_DET,2017,3,ATL,-10.002,-10.022
2017_04_BUF_ATL,2017,4,ATL,-10.022,-9.651
2017_06_MIA_ATL,2017,6,ATL,-9.651,-10.334
2017_07_ATL_NE,2017,7,ATL,-10.334,-9.815
2017_08_ATL_NYJ,2017,8,ATL,-9.815,-10.721
2017_09_ATL_CAR,2017,9,ATL,-10.721,-11.433
2017_10_DAL_ATL,2017,10,ATL,-11.433,-9.624
2017_11_ATL_SEA,2017,11,ATL,-9.624,-10.617
2017_12_TB_ATL,2017,12,ATL,-10.617,-11.766
2017_13_MIN_ATL,2017,13,ATL,-11.766,-12.739
2017_14_NO_ATL,2017,14,ATL,-12.739,-12.576
2017_15_ATL_TB,2017,15,ATL,-12.576,-14.551
2017_16_ATL_NO,2017,16,ATL,-14.551,-13.541
2017_17_CAR_ATL,2017,17,ATL,-13.541,-11.641
2017_18_ATL_LAR,2017,18,ATL,-11.641,-10.429
2017_19_ATL_PHI,2017,19,ATL,-10.429,-10.783
2018_01_ATL_PHI,2018,1,ATL,-6.912,-4.3
2018_02_CAR_ATL,2018,2,ATL,-4.3,-7.436
2018_03_NO_ATL,2018,3,ATL,-7.436,-11.18
2018_04_CIN_ATL,2018,4,ATL,-11.18,-13.088
2018_05_ATL_PIT,2018,5,ATL,-13.088,-13.501
2018_06_TB_ATL,2018,6,ATL,-13.501,-16.421
2018_07_NYG_ATL,2018,7,ATL,-16.421,-17.924
2018_09_ATL_WAS,2018,9,ATL,-17.924,-17.478
2018_10_ATL_CLE,2018,10,ATL,-17.478,-19.35
2018_11_DAL_ATL,2018,11,ATL,-19.35,-19.367
2018_12_ATL_NO,2018,12,ATL,-19.367,-17.801
2018_13_BAL_ATL,2018,13,ATL,-17.801,-18.821
2018_14_ATL_GB,2018,14,ATL,-18.821,-18.156
2018_15_ARI_ATL,2018,15,ATL,-18.156,-15.8
2018_16_ATL_CAR,2018,16,ATL,-15.8,-15.564
2018_17_ATL_TB,2018,17,ATL,-15.564,-17.156
2019_01_ATL_MIN,2019,1,ATL,-10.997,-10.804
2019_02_PHI_ATL,2019,2,ATL,-10.804,-9.706
2019_03_ATL_IND,2019,3,ATL,-9.706,-12.344
2019_04_TEN_ATL,2019,4,ATL,-12.344,-14.971
2019_05_ATL_HOU,2019,5,ATL,-14.971,-20.242
2019_06_ATL_ARI,2019,6,ATL,-20.242,-23.364
2019_07_LAR_ATL,2019,7,ATL,-23.364,-25.07
2019_08_SEA_ATL,2019,8,ATL,-25.07,-24.313
2019_10_ATL_NO,2019,10,ATL,-24.313,-22.253
2019_11_ATL_CAR,2019,11,ATL,-22.253,-19.604
2019_12_TB_ATL,2019,12,ATL,-19.604,-21.535
2019_13_NO_ATL,2019,13,ATL,-21.535,-20.287
2019_14_CAR_ATL,2019,14,ATL,-20.287,-20.913
2019_15_ATL_SF,2019,15,ATL,-20.913,-20.014
2019_16_JAX_ATL,2019,16,ATL,-20.014,-19.497
2019_17_ATL_TB,2019,17,ATL,-19.497,-17.846
2020_01_SEA_ATL,2020,1,ATL,-11.44,-14.926
2020_02_ATL_DAL,2020,2,ATL,-14.926,-18.758
2020_03_CHI_ATL,2020,3,ATL,-18.758,-18.48
2020_04_ATL_GB,2020,4,ATL,-18.48,-19.906
2020_05_CAR_ATL,2020,5,ATL,-19.906,-21.888
2020_06_ATL_MIN,2020,6,ATL,-21.888,-22.257
2020_07_DET_ATL,2020,7,ATL,-22.257,-23.123
2020_08_ATL_CAR,2020,8,ATL,-23.123,-20.964
2020_09_DEN_ATL,2020,9,ATL,-20.964,-23.076
2020_12_OAK_ATL,2020,12,ATL,-23.076,-20.89
2020_14_ATL_LAC,2020,14,ATL,-20.89,-21.929
2020_15_TB_ATL,2020,15,ATL,-21.929,-22.89
2020_16_ATL_KC,2020,16,ATL,-22.89,-21.019
2020_17_ATL_TB,2020,17,ATL,-21.019,-21.369
2021_01_PHI_ATL,2021,1,ATL,-13.697,-17.398
2021_02_ATL_TB,2021,2,ATL,-17.398,-17.828
2021_03_ATL_NYG,2021,3,ATL,-17.828,-17.794
2021_04_WAS_ATL,2021,4,ATL,-17.794,-21.221
2021_05_NYJ_ATL,2021,5,ATL,-21.221,-19.593
2021_07_ATL_MIA,2021,7,ATL,-19.593,-21.316
2021_08_CAR_ATL,2021,8,ATL,-21.316,-22.105
2021_09_ATL_NO,2021,9,ATL,-22.105,-23.831
2021_10_ATL_DAL,2021,10,ATL,-23.831,-24.954
2021_11_NE_ATL,2021,11,ATL,-24.954,-24.435
2021_12_ATL_JAX,2021,12,ATL,-24.435,-23.769
2021_13_TB_ATL,2021,13,ATL,-23.769,-25.787
2021_14_ATL_CAR,2021,14,ATL,-25.787,-24.938
2021_15_ATL_SF,2021,15,ATL,-24.938,-25.055
2021_16_DET_ATL,2021,16,ATL,-25.055,-25.963
2021_17_ATL_BUF,2021,17,ATL,-25.963,-23.179
2021_18_NO_ATL,2021,18,ATL,-23.179,-23.017
2022_01_NO_ATL,2022,1,ATL,-14.754,-15.413
2022_02_ATL_LAR,2022,2,ATL,-15.413,-16.193
2022_03_ATL_SEA,2022,3,ATL,-16.193,-17.873
2022_04_CLE_ATL,2022,4,ATL,-17.873,-17.847
2022_05_ATL_TB,2022,5,ATL,-17.847,-18.715
2022_06_SF_ATL,2022,6,ATL,-18.715,-19.796
2022_07_ATL_CIN,2022,7,ATL,-19.796,-23.579
2022_08_CAR_ATL,2022,8,ATL,-23.579,-24.683
2022_09_LAC_ATL,2022,9,ATL,-24.683,-24.035
2022_10_ATL_CAR,2022,10,ATL,-24.035,-23.106
2022_11_CHI_ATL,2022,11,ATL,-23.106,-22.794
2022_12_ATL_WAS,2022,12,ATL,-22.794,-21.872
2022_13_PIT_ATL,2022,13,ATL,-21.872,-22.271
2022_15_ATL_NO,2022,15,ATL,-22.271,-21.873
2022_16_ATL_BAL,2022,16,ATL,-21.873,-21.561
2022_17_ARI_ATL,2022,17,ATL,-21.561,-22.247
2022_18_TB_ATL,2022,18,ATL,-22.247,-22.249
2023_01_CAR_ATL,2023,1,ATL,-14.262,-13.038
2023_02_GB_ATL,2023,2,ATL,-13.038,-14.103
2023_03_ATL_DET,2023,3,ATL,-14.103,-14.377
2023_04_ATL_JAX,2023,4,ATL,-14.377,-15.35
2023_05_HOU_ATL,2023,5,ATL,-15.35,-16.006
2023_06_WAS_ATL,2023,6,ATL,-16.006,-15.992
2023_07_ATL_TB,2023,7,ATL,-15.992,-15.693
2023_08_ATL_TEN,2023,8,ATL,-15.693,-17.135
2023_09_MIN_ATL,2023,9,ATL,-17.135,-17.401
2023_10_ATL_ARI,2023,10,ATL,-17.401,-16.914
2023_12_NO_ATL,2023,12,ATL,-16.914,-16.709
2023_13_ATL_NYJ,2023,13,ATL,-16.709,-15.368
2023_14_TB_ATL,2023,14,ATL,-15.368,-15.9
2023_15_ATL_CAR,2023,15,ATL,-15.9,-15.666
2023_16_IND_ATL,2023,16,ATL,-15.666,-13.535
2023_17_ATL_CHI,2023,17,ATL,-13.535,-13.934
2023_18_ATL_NO,2023,18,ATL,-13.934,-15.821
2024_01_PIT_ATL,2024,1,ATL,-10.141,-10.657
2024_02_ATL_PHI,2024,2,ATL,-10.657,-11.625
2024_03_KC_ATL,2024,3,ATL,-11.625,-11.906
2024_04_NO_ATL,2024,4,ATL,-11.906,-11.825
2024_05_TB_ATL,2024,5,ATL,-11.825,-14.109
2024_06_ATL_CAR,2024,6,ATL,-14.109,-14.132
2024_07_SEA_ATL,2024,7,ATL,-14.132,-14.848
2024_08_ATL_TB,2024,8,ATL,-14.848,-15.768
2024_09_DAL_ATL,2024,9,ATL,-15.768,-15.371
2024_10_ATL_NO,2024,10,ATL,-15.371,-16.678
2024_11_ATL_DEN,2024,11,ATL,-16.678,-19.181
2024_13_LAC_ATL,2024,13,ATL,-19.181,-16.692
2024_14_ATL_MIN,2024,14,ATL,-16.692,-19.334
2024_15_ATL_OAK,2024,15,ATL,-19.334,-18.27
2024_16_NYG_ATL,2024,16,ATL,-18.27,-16.789
2024_17_ATL_WAS,2024,17,ATL,-16.789,-17.294
2024_18_CAR_ATL,2024,18,ATL,-17.294,-21.776
2025_01_TB_ATL,2025,1,ATL,-13.959,-14.755
2025_02_ATL_MIN,2025,2,ATL,-14.755,-12.159
2025_03_ATL_CAR,2025,3,ATL,-12.159,-11.632
2025_04_WAS_ATL,2025,4,ATL,-11.632,-11.475
2025_06_BUF_ATL,2025,6,ATL,-11.475,-9.519
2025_07_ATL_SF,2025,7,ATL,-9.519,-7.913
2025_08_MIA_ATL,2025,8,ATL,-7.913,-10.332
2025_09_ATL_NE,2025,9,ATL,-10.332,-8.512
2025_10_ATL_IND,2025,10,ATL,-8.512,-6.879
2025_11_CAR_ATL,2025,11,ATL,-6.879,-9.945
2025_12_ATL_NO,2025,12,ATL,-9.945,-9.747
2025_13_ATL_NYJ,2025,13,ATL,-9.747,-10.204
2025_14_SEA_ATL,2025,14,ATL,-10.204,-11.62
2025_15_ATL_TB,2025,15,ATL,-11.62,-9.869
2025_16_ATL_ARI,2025,16,ATL,-9.869,-8.709
2025_17_LAR_ATL,2025,17,ATL,-8.709,-6.474
2025_18_NO_ATL,2025,18,ATL,-6.474,-7.549
2026_01_ATL_PIT,2026,1,ATL,-4.839,-3.602
1999_02_PIT_BAL,1999,2,BAL,0.0,-1.206
1999_03_CLE_BAL,1999,3,BAL,-1.206,-0.257
1999_04_BAL_ATL,1999,4,BAL,-0.257,-1.481
1999_05_BAL_TEN,1999,5,BAL,-1.481,-3.105
1999_07_KC_BAL,1999,7,BAL,-3.105,-3.961
1999_08_BUF_BAL,1999,8,BAL,-3.961,-2.044
1999_09_BAL_CLE,1999,9,BAL,-2.044,0.173
1999_10_BAL_JAX,1999,10,BAL,0.173,1.262
1999_11_BAL_CIN,1999,11,BAL,1.262,-0.299
1999_12_JAX_BAL,1999,12,BAL,-0.299,-0.879
1999_13_TEN_BAL,1999,13,BAL,-0.879,-0.116
1999_14_BAL_PIT,1999,14,BAL,-0.116,-0.876
1999_15_NO_BAL,1999,15,BAL,-0.876,0.678
1999_16_CIN_BAL,1999,16,BAL,0.678,3.105
1999_17_BAL_NE,1999,17,BAL,3.105,3.199
2000_01_BAL_PIT,2000,1,BAL,2.05,2.08
2000_02_JAX_BAL,2000,2,BAL,2.08,1.307
2000_03_BAL_MIA,2000,3,BAL,1.307,0.552
2000_04_CIN_BAL,2000,4,BAL,0.552,1.159
2000_05_BAL_CLE,2000,5,BAL,1.159,2.245
2000_06_BAL_JAX,2000,6,BAL,2.245,2.887
2000_07_BAL_WAS,2000,7,BAL,2.887,3.668
2000_08_TEN_BAL,2000,8,BAL,3.668,4.032
2000_09_PIT_BAL,2000,9,BAL,4.032,4.303
2000_10_BAL_CIN,2000,10,BAL,4.303,4.108
2000_11_BAL_TEN,2000,11,BAL,4.108,2.517
2000_12_DAL_BAL,2000,12,BAL,2.517,4.223
2000_13_CLE_BAL,2000,13,BAL,4.223,4.627
2000_15_LAC_BAL,2000,15,BAL,4.627,5.848
2000_16_BAL_ARI,2000,16,BAL,5.848,5.861
2000_17_NYJ_BAL,2000,17,BAL,5.861,4.69
2000_18_DEN_BAL,2000,18,BAL,4.69,6.352
2000_19_BAL_TEN,2000,19,BAL,6.352,6.976
2000_20_BAL_OAK,2000,20,BAL,6.976,10.313
2000_21_BAL_NYG,2000,21,BAL,10.313,14.751
2001_01_CHI_BAL,2001,1,BAL,9.455,10.213
2001_02_BAL_CIN,2001,2,BAL,10.213,9.109
2001_03_BAL_DEN,2001,3,BAL,9.109,11.623
2001_04_TEN_BAL,2001,4,BAL,11.623,12.711
2001_05_BAL_GB,2001,5,BAL,12.711,9.465
2001_06_BAL_CLE,2001,6,BAL,9.465,8.248
2001_07_JAX_BAL,2001,7,BAL,8.248,5.065
2001_08_BAL_PIT,2001,8,BAL,5.065,3.857
2001_09_BAL_TEN,2001,9,BAL,3.857,4.636
2001_10_CLE_BAL,2001,10,BAL,4.636,5.934
2001_12_IND_BAL,2001,12,BAL,5.934,6.181
2001_14_PIT_BAL,2001,14,BAL,6.181,3.943
2001_15_CIN_BAL,2001,15,BAL,3.943,6.705
2001_16_BAL_TB,2001,16,BAL,6.705,6.854
2001_17_MIN_BAL,2001,17,BAL,6.854,8.693
2001_18_BAL_MIA,2001,18,BAL,8.693,9.921
2001_19_BAL_PIT,2001,19,BAL,9.921,10.158
2002_01_BAL_CAR,2002,1,BAL,6.512,5.708
2002_02_TB_BAL,2002,2,BAL,5.708,4.451
2002_04_DEN_BAL,2002,4,BAL,4.451,3.703
2002_05_BAL_CLE,2002,5,BAL,3.703,3.522
2002_06_BAL_IND,2002,6,BAL,3.522,2.944
2002_07_JAX_BAL,2002,7,BAL,2.944,4.497
2002_08_PIT_BAL,2002,8,BAL,4.497,3.381
2002_09_BAL_ATL,2002,9,BAL,3.381,5.075
2002_10_CIN_BAL,2002,10,BAL,5.075,5.135
2002_11_BAL_MIA,2002,11,BAL,5.135,3.165
2002_12_TEN_BAL,2002,12,BAL,3.165,4.977
2002_13_BAL_CIN,2002,13,BAL,4.977,3.138
2002_14_NO_BAL,2002,14,BAL,3.138,4.744
2002_15_BAL_HOU,2002,15,BAL,4.744,4.343
2002_16_CLE_BAL,2002,16,BAL,4.343,3.645
2002_17_BAL_PIT,2002,17,BAL,3.645,3.855
2003_01_BAL_PIT,2003,1,BAL,2.471,0.515
2003_02_CLE_BAL,2003,2,BAL,0.515,2.251
2003_03_BAL_LAC,2003,3,BAL,2.251,2.689
2003_04_KC_BAL,2003,4,BAL,2.689,3.133
2003_06_BAL_ARI,2003,6,BAL,3.133,2.928
2003_07_BAL_CIN,2003,7,BAL,2.928,1.989
2003_08_DEN_BAL,2003,8,BAL,1.989,3.019
2003_09_JAX_BAL,2003,9,BAL,3.019,3.325
2003_10_BAL_LAR,2003,10,BAL,3.325,5.904
2003_11_BAL_MIA,2003,11,BAL,5.904,6.701
2003_12_SEA_BAL,2003,12,BAL,6.701,4.686
2003_13_SF_BAL,2003,13,BAL,4.686,7.718
2003_14_CIN_BAL,2003,14,BAL,7.718,8.983
2003_15_BAL_OAK,2003,15,BAL,8.983,8.094
2003_16_BAL_CLE,2003,16,BAL,8.094,9.653
2003_17_PIT_BAL,2003,17,BAL,9.653,12.773
2003_18_TEN_BAL,2003,18,BAL,12.773,14.04
2004_01_BAL_CLE,2004,1,BAL,9.0,8.33
2004_02_PIT_BAL,2004,2,BAL,8.33,9.268
2004_03_BAL_CIN,2004,3,BAL,9.268,10.961
2004_04_KC_BAL,2004,4,BAL,10.961,9.701
2004_05_BAL_WAS,2004,5,BAL,9.701,11.247
2004_07_BUF_BAL,2004,7,BAL,11.247,13.446
2004_08_BAL_PHI,2004,8,BAL,13.446,12.882
2004_09_CLE_BAL,2004,9,BAL,12.882,13.778
2004_10_BAL_NYJ,2004,10,BAL,13.778,14.091
2004_11_DAL_BAL,2004,11,BAL,14.091,16.039
2004_12_BAL_NE,2004,12,BAL,16.039,16.295
2004_13_CIN_BAL,2004,13,BAL,16.295,12.83
2004_14_NYG_BAL,2004,14,BAL,12.83,15.102
2004_15_BAL_IND,2004,15,BAL,15.102,14.901
2004_16_BAL_PIT,2004,16,BAL,14.901,12.626
2004_17_MIA_BAL,2004,17,BAL,12.626,13.503
2005_01_IND_BAL,2005,1,BAL,8.655,8.7
2005_02_BAL_TEN,2005,2,BAL,8.7,8.694
2005_04_NYJ_BAL,2005,4,BAL,8.694,9.548
2005_05_BAL_DET,2005,5,BAL,9.548,9.944
2005_06_CLE_BAL,2005,6,BAL,9.944,11.216
2005_07_BAL_CHI,2005,7,BAL,11.216,10.41
2005_08_BAL_PIT,2005,8,BAL,10.41,10.453
2005_09_CIN_BAL,2005,9,BAL,10.453,9.653
2005_10_BAL_JAX,2005,10,BAL,9.653,9.194
2005_11_PIT_BAL,2005,11,BAL,9.194,9.846
2005_12_BAL_CIN,2005,12,BAL,9.846,7.614
2005_13_HOU_BAL,2005,13,BAL,7.614,9.857
2005_14_BAL_DEN,2005,14,BAL,9.857,9.827
2005_15_GB_BAL,2005,15,BAL,9.827,11.026
2005_16_MIN_BAL,2005,16,BAL,11.026,9.527
2005_17_BAL_CLE,2005,17,BAL,9.527,10.02
2006_01_BAL_TB,2006,1,BAL,6.423,8.151
2006_02_OAK_BAL,2006,2,BAL,8.151,11.357
2006_03_BAL_CLE,2006,3,BAL,11.357,10.589
2006_04_LAC_BAL,2006,4,BAL,10.589,10.603
2006_05_BAL_DEN,2006,5,BAL,10.603,11.038
2006_06_CAR_BAL,2006,6,BAL,11.038,9.641
2006_08_BAL_NO,2006,8,BAL,9.641,8.774
2006_09_CIN_BAL,2006,9,BAL,8.774,10.373
2006_10_BAL_TEN,2006,10,BAL,10.373,9.259
2006_11_ATL_BAL,2006,11,BAL,9.259,10.289
2006_12_PIT_BAL,2006,12,BAL,10.289,13.803
2006_13_BAL_CIN,2006,13,BAL,13.803,13.725
2006_14_BAL_KC,2006,14,BAL,13.725,15.304
2006_15_CLE_BAL,2006,15,BAL,15.304,14.614
2006_16_BAL_PIT,2006,16,BAL,14.614,15.998
2006_17_BUF_BAL,2006,17,BAL,15.998,16.039
2006_19_IND_BAL,2006,19,BAL,16.039,18.985
2007_01_BAL_CIN,2007,1,BAL,12.169,11.417
2007_02_NYJ_BAL,2007,2,BAL,11.417,11.963
2007_03_ARI_BAL,2007,3,BAL,11.963,13.107
2007_04_BAL_CLE,2007,4,BAL,13.107,11.622
2007_05_BAL_SF,2007,5,BAL,11.622,11.974
2007_06_LAR_BAL,2007,6,BAL,11.974,15.025
2007_07_BAL_BUF,2007,7,BAL,15.025,14.971
2007_09_BAL_PIT,2007,9,BAL,14.971,12.62
2007_10_CIN_BAL,2007,10,BAL,12.62,12.703
2007_11_CLE_BAL,2007,11,BAL,12.703,11.879
2007_12_BAL_LAC,2007,12,BAL,11.879,8.771
2007_13_NE_BAL,2007,13,BAL,8.771,10.437
2007_14_IND_BAL,2007,14,BAL,10.437,8.652
2007_15_BAL_MIA,2007,15,BAL,8.652,7.356
2007_16_BAL_SEA,2007,16,BAL,7.356,7.7
2007_17_PIT_BAL,2007,17,BAL,7.7,7.446
2008_01_CIN_BAL,2008,1,BAL,4.773,7.101
2008_03_CLE_BAL,2008,3,BAL,7.101,10.742
2008_04_BAL_PIT,2008,4,BAL,10.742,11.089
2008_05_TEN_BAL,2008,5,BAL,11.089,11.373
2008_06_BAL_IND,2008,6,BAL,11.373,9.633
2008_07_BAL_MIA,2008,7,BAL,9.633,8.037
2008_08_OAK_BAL,2008,8,BAL,8.037,8.586
2008_09_BAL_CLE,2008,9,BAL,8.586,7.833
2008_10_BAL_HOU,2008,10,BAL,7.833,7.372
2008_11_BAL_NYG,2008,11,BAL,7.372,7.755
2008_12_PHI_BAL,2008,12,BAL,7.755,10.662
2008_13_BAL_CIN,2008,13,BAL,10.662,11.264
2008_14_WAS_BAL,2008,14,BAL,11.264,11.273
2008_15_PIT_BAL,2008,15,BAL,11.273,10.252
2008_16_BAL_DAL,2008,16,BAL,10.252,11.142
2008_17_JAX_BAL,2008,17,BAL,11.142,11.335
2008_18_BAL_MIA,2008,18,BAL,11.335,13.101
2008_19_BAL_TEN,2008,19,BAL,13.101,12.43
2008_20_BAL_PIT,2008,20,BAL,12.43,12.348
2009_01_KC_BAL,2009,1,BAL,7.915,6.861
2009_02_BAL_LAC,2009,2,BAL,6.861,6.013
2009_03_CLE_BAL,2009,3,BAL,6.013,6.692
2009_04_BAL_NE,2009,4,BAL,6.692,6.379
2009_05_CIN_BAL,2009,5,BAL,6.379,5.747
2009_06_BAL_MIN,2009,6,BAL,5.747,3.479
2009_08_DEN_BAL,2009,8,BAL,3.479,3.972
2009_09_BAL_CIN,2009,9,BAL,3.972,3.449
2009_10_BAL_CLE,2009,10,BAL,3.449,5.958
2009_11_IND_BAL,2009,11,BAL,5.958,6.909
2009_12_PIT_BAL,2009,12,BAL,6.909,5.621
2009_13_BAL_GB,2009,13,BAL,5.621,4.641
2009_14_DET_BAL,2009,14,BAL,4.641,6.692
2009_15_CHI_BAL,2009,15,BAL,6.692,9.36
2009_16_BAL_PIT,2009,16,BAL,9.36,10.604
2009_17_BAL_OAK,2009,17,BAL,10.604,8.768
2009_18_BAL_NE,2009,18,BAL,8.768,11.128
2009_19_BAL_IND,2009,19,BAL,11.128,10.696
2010_01_BAL_NYJ,2010,1,BAL,6.856,7.867
2010_02_BAL_CIN,2010,2,BAL,7.867,8.905
2010_03_CLE_BAL,2010,3,BAL,8.905,8.535
2010_04_BAL_PIT,2010,4,BAL,8.535,9.481
2010_05_DEN_BAL,2010,5,BAL,9.481,7.939
2010_06_BAL_NE,2010,6,BAL,7.939,9.062
2010_07_BUF_BAL,2010,7,BAL,9.062,6.061
2010_09_MIA_BAL,2010,9,BAL,6.061,7.343
2010_10_BAL_ATL,2010,10,BAL,7.343,4.774
2010_11_BAL_CAR,2010,11,BAL,4.774,5.77
2010_12_TB_BAL,2010,12,BAL,5.77,5.752
2010_13_PIT_BAL,2010,13,BAL,5.752,6.29
2010_14_BAL_HOU,2010,14,BAL,6.29,5.519
2010_15_NO_BAL,2010,15,BAL,5.519,5.985
2010_16_BAL_CLE,2010,16,BAL,5.985,6.478
2010_17_CIN_BAL,2010,17,BAL,6.478,5.389
2010_18_BAL_KC,2010,18,BAL,5.389,8.457
2010_19_BAL_PIT,2010,19,BAL,8.457,9.13
2011_01_PIT_BAL,2011,1,BAL,5.852,7.763
2011_02_BAL_TEN,2011,2,BAL,7.763,5.36
2011_03_BAL_LAR,2011,3,BAL,5.36,5.939
2011_04_NYJ_BAL,2011,4,BAL,5.939,8.828
2011_06_HOU_BAL,2011,6,BAL,8.828,9.962
2011_07_BAL_JAX,2011,7,BAL,9.962,11.501
2011_08_ARI_BAL,2011,8,BAL,11.501,13.247
2011_09_BAL_PIT,2011,9,BAL,13.247,12.659
2011_10_BAL_SEA,2011,10,BAL,12.659,11.905
2011_11_CIN_BAL,2011,11,BAL,11.905,11.418
2011_12_SF_BAL,2011,12,BAL,11.418,14.234
2011_13_BAL_CLE,2011,13,BAL,14.234,14.489
2011_14_IND_BAL,2011,14,BAL,14.489,16.155
2011_15_BAL_LAC,2011,15,BAL,16.155,14.475
2011_16_CLE_BAL,2011,16,BAL,14.475,14.876
2011_17_BAL_CIN,2011,17,BAL,14.876,14.272
2011_19_HOU_BAL,2011,19,BAL,14.272,15.35
2011_20_BAL_NE,2011,20,BAL,15.35,16.765
2012_01_CIN_BAL,2012,1,BAL,10.747,11.563
2012_02_BAL_PHI,2012,2,BAL,11.563,10.1
2012_03_NE_BAL,2012,3,BAL,10.1,9.136
2012_04_CLE_BAL,2012,4,BAL,9.136,8.839
2012_05_BAL_KC,2012,5,BAL,8.839,9.734
2012_06_DAL_BAL,2012,6,BAL,9.734,8.933
2012_07_BAL_HOU,2012,7,BAL,8.933,7.534
2012_09_BAL_CLE,2012,9,BAL,7.534,8.428
2012_10_OAK_BAL,2012,10,BAL,8.428,7.482
2012_11_BAL_PIT,2012,11,BAL,7.482,7.792
2012_12_BAL_LAC,2012,12,BAL,7.792,8.548
2012_13_PIT_BAL,2012,13,BAL,8.548,7.317
2012_14_BAL_WAS,2012,14,BAL,7.317,7.724
2012_15_DEN_BAL,2012,15,BAL,7.724,8.626
2012_16_NYG_BAL,2012,16,BAL,8.626,9.486
2012_17_BAL_CIN,2012,17,BAL,9.486,9.641
2012_18_IND_BAL,2012,18,BAL,9.641,10.059
2012_19_BAL_DEN,2012,19,BAL,10.059,10.143
2012_20_BAL_NE,2012,20,BAL,10.143,10.812
2012_21_BAL_SF,2012,21,BAL,10.812,8.761
2013_01_BAL_DEN,2013,1,BAL,5.616,2.604
2013_02_CLE_BAL,2013,2,BAL,2.604,3.014
2013_03_HOU_BAL,2013,3,BAL,3.014,4.488
2013_04_BAL_BUF,2013,4,BAL,4.488,6.201
2013_05_BAL_MIA,2013,5,BAL,6.201,6.58
2013_06_GB_BAL,2013,6,BAL,6.58,7.438
2013_07_BAL_PIT,2013,7,BAL,7.438,7.05
2013_09_BAL_CLE,2013,9,BAL,7.05,4.932
2013_10_CIN_BAL,2013,10,BAL,4.932,7.007
2013_11_BAL_CHI,2013,11,BAL,7.007,6.243
2013_12_NYJ_BAL,2013,12,BAL,6.243,7.691
2013_13_PIT_BAL,2013,13,BAL,7.691,6.03
2013_14_MIN_BAL,2013,14,BAL,6.03,4.933
2013_15_BAL_DET,2013,15,BAL,4.933,6.074
2013_16_NE_BAL,2013,16,BAL,6.074,7.21
2013_17_BAL_CIN,2013,17,BAL,7.21,7.195
2014_01_CIN_BAL,2014,1,BAL,4.612,3.348
2014_02_PIT_BAL,2014,2,BAL,3.348,4.515
2014_03_BAL_CLE,2014,3,BAL,4.515,1.947
2014_04_CAR_BAL,2014,4,BAL,1.947,2.412
2014_05_BAL_IND,2014,5,BAL,2.412,1.527
2014_06_BAL_TB,2014,6,BAL,1.527,1.811
2014_07_ATL_BAL,2014,7,BAL,1.811,2.881
2014_08_BAL_CIN,2014,8,BAL,2.881,1.872
2014_09_BAL_PIT,2014,9,BAL,1.872,-0.522
2014_10_TEN_BAL,2014,10,BAL,-0.522,0.631
2014_12_BAL_NO,2014,12,BAL,0.631,-1.101
2014_13_LAC_BAL,2014,13,BAL,-1.101,-3.363
2014_14_BAL_MIA,2014,14,BAL,-3.363,-2.171
2014_15_JAX_BAL,2014,15,BAL,-2.171,0.229
2014_16_BAL_HOU,2014,16,BAL,0.229,0.021
2014_17_CLE_BAL,2014,17,BAL,0.021,1.451
2014_18_BAL_PIT,2014,18,BAL,1.451,2.577
2014_19_BAL_NE,2014,19,BAL,2.577,0.871
2015_01_BAL_DEN,2015,1,BAL,0.558,3.68
2015_02_BAL_OAK,2015,2,BAL,3.68,0.934
2015_03_CIN_BAL,2015,3,BAL,0.934,-1.104
2015_04_BAL_PIT,2015,4,BAL,-1.104,-0.27
2015_05_CLE_BAL,2015,5,BAL,-0.27,-3.595
2015_06_BAL_SF,2015,6,BAL,-3.595,-4.526
2015_07_BAL_ARI,2015,7,BAL,-4.526,-5.729
2015_08_LAC_BAL,2015,8,BAL,-5.729,-7.192
2015_10_JAX_BAL,2015,10,BAL,-7.192,-6.334
2015_11_LAR_BAL,2015,11,BAL,-6.334,-5.583
2015_12_BAL_CLE,2015,12,BAL,-5.583,-5.503
2015_13_BAL_MIA,2015,13,BAL,-5.503,-4.593
2015_14_SEA_BAL,2015,14,BAL,-4.593,-6.934
2015_15_KC_BAL,2015,15,BAL,-6.934,-6.669
2015_16_PIT_BAL,2015,16,BAL,-6.669,-4.323
2015_17_BAL_CIN,2015,17,BAL,-4.323,-4.348
2016_01_BUF_BAL,2016,1,BAL,-2.787,-1.477
2016_02_BAL_CLE,2016,2,BAL,-1.477,-0.663
2016_03_BAL_JAX,2016,3,BAL,-0.663,1.053
2016_04_OAK_BAL,2016,4,BAL,1.053,-0.599
2016_05_WAS_BAL,2016,5,BAL,-0.599,-0.759
2016_06_BAL_NYG,2016,6,BAL,-0.759,-2.522
2016_07_BAL_NYJ,2016,7,BAL,-2.522,-2.003
2016_09_PIT_BAL,2016,9,BAL,-2.003,-1.276
2016_10_CLE_BAL,2016,10,BAL,-1.276,-1.037
2016_11_BAL_DAL,2016,11,BAL,-1.037,-4.095
2016_12_CIN_BAL,2016,12,BAL,-4.095,-3.593
2016_13_MIA_BAL,2016,13,BAL,-3.593,-2.282
2016_14_BAL_NE,2016,14,BAL,-2.282,-3.119
2016_15_PHI_BAL,2016,15,BAL,-3.119,-2.323
2016_16_BAL_PIT,2016,16,BAL,-2.323,-2.948
2016_17_BAL_CIN,2016,17,BAL,-2.948,-2.777
2017_01_BAL_CIN,2017,1,BAL,-1.78,2.854
2017_02_CLE_BAL,2017,2,BAL,2.854,4.636
2017_03_BAL_JAX,2017,3,BAL,4.636,2.164
2017_04_PIT_BAL,2017,4,BAL,2.164,2.831
2017_05_BAL_OAK,2017,5,BAL,2.831,3.344
2017_06_CHI_BAL,2017,6,BAL,3.344,4.196
2017_07_BAL_MIN,2017,7,BAL,4.196,3.567
2017_08_MIA_BAL,2017,8,BAL,3.567,5.765
2017_09_BAL_TEN,2017,9,BAL,5.765,6.084
2017_11_BAL_GB,2017,11,BAL,6.084,8.129
2017_12_HOU_BAL,2017,12,BAL,8.129,8.502
2017_13_DET_BAL,2017,13,BAL,8.502,8.562
2017_14_BAL_PIT,2017,14,BAL,8.562,5.852
2017_15_BAL_CLE,2017,15,BAL,5.852,6.943
2017_16_IND_BAL,2017,16,BAL,6.943,6.931
2017_17_CIN_BAL,2017,17,BAL,6.931,5.464
2018_01_BUF_BAL,2018,1,BAL,3.502,6.477
2018_02_BAL_CIN,2018,2,BAL,6.477,4.465
2018_03_DEN_BAL,2018,3,BAL,4.465,6.03
2018_04_BAL_PIT,2018,4,BAL,6.03,6.627
2018_05_BAL_CLE,2018,5,BAL,6.627,6.347
2018_06_BAL_TEN,2018,6,BAL,6.347,9.437
2018_07_NO_BAL,2018,7,BAL,9.437,9.937
2018_08_BAL_CAR,2018,8,BAL,9.937,7.486
2018_09_PIT_BAL,2018,9,BAL,7.486,6.41
2018_11_CIN_BAL,2018,11,BAL,6.41,5.347
2018_12_OAK_BAL,2018,12,BAL,5.347,6.463
2018_13_BAL_ATL,2018,13,BAL,6.463,7.817
2018_14_BAL_KC,2018,14,BAL,7.817,7.801
2018_15_TB_BAL,2018,15,BAL,7.801,9.264
2018_16_BAL_LAC,2018,16,BAL,9.264,11.994
2018_17_CLE_BAL,2018,17,BAL,11.994,11.288
2018_18_LAC_BAL,2018,18,BAL,11.288,11.203
2019_01_BAL_MIA,2019,1,BAL,7.181,8.4
2019_02_ARI_BAL,2019,2,BAL,8.4,7.759
2019_03_BAL_KC,2019,3,BAL,7.759,4.952
2019_04_CLE_BAL,2019,4,BAL,4.952,4.013
2019_05_BAL_PIT,2019,5,BAL,4.013,4.001
2019_06_CIN_BAL,2019,6,BAL,4.001,4.502
2019_07_BAL_SEA,2019,7,BAL,4.502,5.769
2019_09_NE_BAL,2019,9,BAL,5.769,6.21
2019_10_BAL_CIN,2019,10,BAL,6.21,6.409
2019_11_HOU_BAL,2019,11,BAL,6.409,9.944
2019_12_BAL_LAR,2019,12,BAL,9.944,10.876
2019_13_SF_BAL,2019,13,BAL,10.876,10.755
2019_14_BAL_BUF,2019,14,BAL,10.755,13.271
2019_15_NYJ_BAL,2019,15,BAL,13.271,12.393
2019_16_BAL_CLE,2019,16,BAL,12.393,11.744
2019_17_PIT_BAL,2019,17,BAL,11.744,12.834
2019_19_TEN_BAL,2019,19,BAL,12.834,12.614
2020_01_CLE_BAL,2020,1,BAL,8.085,9.003
2020_02_BAL_HOU,2020,2,BAL,9.003,8.78
2020_03_KC_BAL,2020,3,BAL,8.78,5.084
2020_04_BAL_WAS,2020,4,BAL,5.084,3.292
2020_05_CIN_BAL,2020,5,BAL,3.292,5.766
2020_06_BAL_PHI,2020,6,BAL,5.766,5.498
2020_08_PIT_BAL,2020,8,BAL,5.498,5.469
2020_09_BAL_IND,2020,9,BAL,5.469,5.52
2020_10_BAL_NE,2020,10,BAL,5.52,5.146
2020_11_TEN_BAL,2020,11,BAL,5.146,4.418
2020_12_BAL_PIT,2020,12,BAL,4.418,3.905
2020_13_DAL_BAL,2020,13,BAL,3.905,2.844
2020_14_BAL_CLE,2020,14,BAL,2.844,0.376
2020_15_JAX_BAL,2020,15,BAL,0.376,0.339
2020_16_NYG_BAL,2020,16,BAL,0.339,1.286
2020_17_BAL_CIN,2020,17,BAL,1.286,3.95
2020_18_BAL_TEN,2020,18,BAL,3.95,5.087
2020_19_BAL_BUF,2020,19,BAL,5.087,6.792
2021_01_BAL_OAK,2021,1,BAL,4.354,2.898
2021_02_KC_BAL,2021,2,BAL,2.898,1.769
2021_03_BAL_DET,2021,3,BAL,1.769,1.599
2021_04_BAL_DEN,2021,4,BAL,1.599,3.68
2021_05_IND_BAL,2021,5,BAL,3.68,1.428
2021_06_LAC_BAL,2021,6,BAL,1.428,3.413
2021_07_CIN_BAL,2021,7,BAL,3.413,1.781
2021_09_MIN_BAL,2021,9,BAL,1.781,1.79
2021_10_BAL_MIA,2021,10,BAL,1.79,3.282
2021_11_BAL_CHI,2021,11,BAL,3.282,4.379
2021_12_CLE_BAL,2021,12,BAL,4.379,4.615
2021_13_BAL_PIT,2021,13,BAL,4.615,3.767
2021_14_BAL_CLE,2021,14,BAL,3.767,2.742
2021_15_GB_BAL,2021,15,BAL,2.742,2.444
2021_16_BAL_CIN,2021,16,BAL,2.444,-1.931
2021_17_LAR_BAL,2021,17,BAL,-1.931,-1.63
2021_18_PIT_BAL,2021,18,BAL,-1.63,-1.597
2022_01_BAL_NYJ,2022,1,BAL,-1.024,-1.834
2022_02_MIA_BAL,2022,2,BAL,-1.834,-6.331
2022_03_BAL_NE,2022,3,BAL,-6.331,-6.494
2022_04_BUF_BAL,2022,4,BAL,-6.494,-6.264
2022_05_CIN_BAL,2022,5,BAL,-6.264,-6.691
2022_06_BAL_NYG,2022,6,BAL,-6.691,-6.638
2022_07_CLE_BAL,2022,7,BAL,-6.638,-6.936
2022_08_BAL_TB,2022,8,BAL,-6.936,-6.643
2022_09_BAL_NO,2022,9,BAL,-6.643,-5.843
2022_11_CAR_BAL,2022,11,BAL,-5.843,-3.901
2022_12_BAL_JAX,2022,12,BAL,-3.901,-5.214
2022_13_DEN_BAL,2022,13,BAL,-5.214,-5.14
2022_14_BAL_PIT,2022,14,BAL,-5.14,-3.35
2022_15_BAL_CLE,2022,15,BAL,-3.35,-1.776
2022_16_ATL_BAL,2022,16,BAL,-1.776,-2.438
2022_17_PIT_BAL,2022,17,BAL,-2.438,-1.578
2022_18_BAL_CIN,2022,18,BAL,-1.578,-0.211
2022_19_BAL_CIN,2022,19,BAL,-0.211,0.555
2023_01_HOU_BAL,2023,1,BAL,0.355,-0.047
2023_02_BAL_CIN,2023,2,BAL,-0.047,-0.919
2023_03_IND_BAL,2023,3,BAL,-0.919,0.19
2023_04_BAL_CLE,2023,4,BAL,0.19,2.9
2023_05_BAL_PIT,2023,5,BAL,2.9,3.484
2023_06_BAL_TEN,2023,6,BAL,3.484,4.803
2023_07_DET_BAL,2023,7,BAL,4.803,6.834
2023_08_BAL_ARI,2023,8,BAL,6.834,5.103
2023_09_SEA_BAL,2023,9,BAL,5.103,7.847
2023_10_CLE_BAL,2023,10,BAL,7.847,8.837
2023_11_CIN_BAL,2023,11,BAL,8.837,10.003
2023_12_BAL_LAC,2023,12,BAL,10.003,9.542
2023_14_LAR_BAL,2023,14,BAL,9.542,9.083
2023_15_BAL_JAX,2023,15,BAL,9.083,8.232
2023_16_BAL_SF,2023,16,BAL,8.232,11.378
2023_17_MIA_BAL,2023,17,BAL,11.378,12.552
2023_18_PIT_BAL,2023,18,BAL,12.552,11.978
2023_20_HOU_BAL,2023,20,BAL,11.978,12.509
2023_21_KC_BAL,2023,21,BAL,12.509,12.164
2024_01_BAL_KC,2024,1,BAL,7.797,8.48
2024_02_OAK_BAL,2024,2,BAL,8.48,8.495
2024_03_BAL_DAL,2024,3,BAL,8.495,6.697
2024_04_BUF_BAL,2024,4,BAL,6.697,8.931
2024_05_BAL_CIN,2024,5,BAL,8.931,6.302
2024_06_WAS_BAL,2024,6,BAL,6.302,5.484
2024_07_BAL_TB,2024,7,BAL,5.484,4.561
2024_08_BAL_CLE,2024,8,BAL,4.561,2.781
2024_09_DEN_BAL,2024,9,BAL,2.781,4.069
2024_10_CIN_BAL,2024,10,BAL,4.069,2.214
2024_11_BAL_PIT,2024,11,BAL,2.214,4.314
2024_12_BAL_LAC,2024,12,BAL,4.314,4.222
2024_13_PHI_BAL,2024,13,BAL,4.222,5.109
2024_15_BAL_NYG,2024,15,BAL,5.109,5.791
2024_16_PIT_BAL,2024,16,BAL,5.791,5.514
2024_17_BAL_HOU,2024,17,BAL,5.514,6.965
2024_18_CLE_BAL,2024,18,BAL,6.965,7.64
2024_19_PIT_BAL,2024,19,BAL,7.64,7.006
2024_20_BAL_BUF,2024,20,BAL,7.006,7.559
2025_01_BAL_BUF,2025,1,BAL,4.845,2.117
2025_02_CLE_BAL,2025,2,BAL,2.117,3.048
2025_03_DET_BAL,2025,3,BAL,3.048,3.474
2025_04_BAL_KC,2025,4,BAL,3.474,2.193
2025_05_HOU_BAL,2025,5,BAL,2.193,-0.479
2025_06_LAR_BAL,2025,6,BAL,-0.479,0.853
2025_08_CHI_BAL,2025,8,BAL,0.853,0.493
2025_09_BAL_MIA,2025,9,BAL,0.493,1.489
2025_10_BAL_MIN,2025,10,BAL,1.489,0.624
2025_11_BAL_CLE,2025,11,BAL,0.624,0.884
2025_12_NYJ_BAL,2025,12,BAL,0.884,1.443
2025_13_CIN_BAL,2025,13,BAL,1.443,1.481
2025_14_PIT_BAL,2025,14,BAL,1.481,-0.197
2025_15_BAL_CIN,2025,15,BAL,-0.197,1.516
2025_16_NE_BAL,2025,16,BAL,1.516,0.535
2025_17_BAL_GB,2025,17,BAL,0.535,-3.541
2025_18_BAL_PIT,2025,18,BAL,-3.541,-4.392
2026_01_BAL_IND,2026,1,BAL,-2.815,-2.32
1999_01_BUF_IND,1999,1,BUF,0.0,-2.134
1999_02_NYJ_BUF,1999,2,BUF,-2.134,-1.357
1999_03_PHI_BUF,1999,3,BUF,-1.357,-1.609
1999_04_BUF_MIA,1999,4,BUF,-1.609,-0.874
1999_05_PIT_BUF,1999,5,BUF,-0.874,-2.469
1999_06_OAK_BUF,1999,6,BUF,-2.469,-2.668
1999_07_BUF_SEA,1999,7,BUF,-2.668,-5.39
1999_08_BUF_BAL,1999,8,BUF,-5.39,-3.745
1999_09_BUF_WAS,1999,9,BUF,-3.745,-3.17
1999_10_MIA_BUF,1999,10,BUF,-3.17,-1.474
1999_11_BUF_NYJ,1999,11,BUF,-1.474,-2.381
1999_12_NE_BUF,1999,12,BUF,-2.381,-1.189
1999_14_NYG_BUF,1999,14,BUF,-1.189,-1.506
1999_15_BUF_ARI,1999,15,BUF,-1.506,-0.746
1999_16_BUF_NE,1999,16,BUF,-0.746,0.356
1999_17_IND_BUF,1999,17,BUF,0.356,0.832
1999_18_BUF_TEN,1999,18,BUF,0.832,2.539
2000_01_TEN_BUF,2000,1,BUF,1.628,3.552
2000_02_GB_BUF,2000,2,BUF,3.552,2.234
2000_03_BUF_NYJ,2000,3,BUF,2.234,2.042
2000_05_IND_BUF,2000,5,BUF,2.042,2.561
2000_07_LAC_BUF,2000,7,BUF,2.561,2.18
2000_08_BUF_MIN,2000,8,BUF,2.18,-0.313
2000_09_NYJ_BUF,2000,9,BUF,-0.313,-1.793
2000_10_BUF_NE,2000,10,BUF,-1.793,-1.179
2000_11_CHI_BUF,2000,11,BUF,-1.179,-0.456
2000_12_BUF_KC,2000,12,BUF,-0.456,-0.609
2000_13_BUF_TB,2000,13,BUF,-0.609,1.142
2000_14_MIA_BUF,2000,14,BUF,1.142,-0.54
2000_15_BUF_IND,2000,15,BUF,-0.54,0.68
2000_16_NE_BUF,2000,16,BUF,0.68,0.373
2000_17_BUF_SEA,2000,17,BUF,0.373,1.006
2001_01_NO_BUF,2001,1,BUF,0.645,-0.606
2001_02_BUF_IND,2001,2,BUF,-0.606,-4.663
2001_03_PIT_BUF,2001,3,BUF,-4.663,-3.942
2001_04_NYJ_BUF,2001,4,BUF,-3.942,-5.234
2001_07_BUF_LAC,2001,7,BUF,-5.234,-6.655
2001_08_IND_BUF,2001,8,BUF,-6.655,-6.783
2001_09_BUF_NE,2001,9,BUF,-6.783,-4.758
2001_10_SEA_BUF,2001,10,BUF,-4.758,-6.296
2001_11_MIA_BUF,2001,11,BUF,-6.296,-7.94
2001_12_BUF_SF,2001,12,BUF,-7.94,-8.145
2001_13_CAR_BUF,2001,13,BUF,-8.145,-8.73
2001_14_NE_BUF,2001,14,BUF,-8.73,-7.29
2001_15_BUF_ATL,2001,15,BUF,-7.29,-10.456
2001_16_BUF_NYJ,2001,16,BUF,-10.456,-9.579
2001_17_BUF_MIA,2001,17,BUF,-9.579,-9.439
2002_01_NYJ_BUF,2002,1,BUF,-6.051,-7.614
2002_02_BUF_MIN,2002,2,BUF,-7.614,-8.866
2002_03_BUF_DEN,2002,3,BUF,-8.866,-8.827
2002_04_CHI_BUF,2002,4,BUF,-8.827,-9.899
2002_05_OAK_BUF,2002,5,BUF,-9.899,-12.156
2002_06_BUF_HOU,2002,6,BUF,-12.156,-14.117
2002_07_BUF_MIA,2002,7,BUF,-14.117,-11.246
2002_08_DET_BUF,2002,8,BUF,-11.246,-10.668
2002_09_NE_BUF,2002,9,BUF,-10.668,-12.777
2002_11_BUF_KC,2002,11,BUF,-12.777,-13.183
2002_12_BUF_NYJ,2002,12,BUF,-13.183,-13.626
2002_13_MIA_BUF,2002,13,BUF,-13.626,-12.624
2002_14_BUF_NE,2002,14,BUF,-12.624,-12.659
2002_15_LAC_BUF,2002,15,BUF,-12.659,-11.732
2002_16_BUF_GB,2002,16,BUF,-11.732,-8.987
2002_17_CIN_BUF,2002,17,BUF,-8.987,-7.927
2003_01_NE_BUF,2003,1,BUF,-5.081,-1.627
2003_02_BUF_JAX,2003,2,BUF,-1.627,-1.072
2003_03_BUF_MIA,2003,3,BUF,-1.072,-0.219
2003_04_PHI_BUF,2003,4,BUF,-0.219,-0.39
2003_05_CIN_BUF,2003,5,BUF,-0.39,-0.063
2003_06_BUF_NYJ,2003,6,BUF,-0.063,-0.56
2003_07_WAS_BUF,2003,7,BUF,-0.56,0.231
2003_08_BUF_KC,2003,8,BUF,0.231,-1.11
2003_10_BUF_DAL,2003,10,BUF,-1.11,-0.565
2003_11_HOU_BUF,2003,11,BUF,-0.565,0.767
2003_12_IND_BUF,2003,12,BUF,0.767,1.855
2003_13_BUF_NYG,2003,13,BUF,1.855,2.944
2003_14_NYJ_BUF,2003,14,BUF,2.944,5.489
2003_15_BUF_TEN,2003,15,BUF,5.489,3.147
2003_16_MIA_BUF,2003,16,BUF,3.147,4.427
2003_17_BUF_NE,2003,17,BUF,4.427,2.521
2004_01_JAX_BUF,2004,1,BUF,1.616,2.928
2004_02_BUF_OAK,2004,2,BUF,2.928,1.794
2004_04_NE_BUF,2004,4,BUF,1.794,0.336
2004_05_BUF_NYJ,2004,5,BUF,0.336,-0.687
2004_06_MIA_BUF,2004,6,BUF,-0.687,0.391
2004_07_BUF_BAL,2004,7,BUF,0.391,1.489
2004_08_ARI_BUF,2004,8,BUF,1.489,2.21
2004_09_NYJ_BUF,2004,9,BUF,2.21,3.001
2004_10_BUF_NE,2004,10,BUF,3.001,3.294
2004_11_LAR_BUF,2004,11,BUF,3.294,5.518
2004_12_BUF_SEA,2004,12,BUF,5.518,6.226
2004_13_BUF_MIA,2004,13,BUF,6.226,6.375
2004_14_CLE_BUF,2004,14,BUF,6.375,9.068
2004_15_BUF_CIN,2004,15,BUF,9.068,10.174
2004_16_BUF_SF,2004,16,BUF,10.174,10.355
2004_17_PIT_BUF,2004,17,BUF,10.355,11.047
2005_01_HOU_BUF,2005,1,BUF,7.081,9.802
2005_02_BUF_TB,2005,2,BUF,9.802,9.729
2005_03_ATL_BUF,2005,3,BUF,9.729,8.402
2005_04_BUF_NO,2005,4,BUF,8.402,6.508
2005_05_MIA_BUF,2005,5,BUF,6.508,6.455
2005_06_NYJ_BUF,2005,6,BUF,6.455,8.243
2005_07_BUF_OAK,2005,7,BUF,8.243,6.898
2005_08_BUF_NE,2005,8,BUF,6.898,7.318
2005_10_KC_BUF,2005,10,BUF,7.318,10.249
2005_11_BUF_LAC,2005,11,BUF,10.249,6.575
2005_12_CAR_BUF,2005,12,BUF,6.575,5.522
2005_13_BUF_MIA,2005,13,BUF,5.522,6.828
2005_14_NE_BUF,2005,14,BUF,6.828,4.448
2005_15_DEN_BUF,2005,15,BUF,4.448,3.346
2005_16_BUF_CIN,2005,16,BUF,3.346,3.164
2005_17_BUF_NYJ,2005,17,BUF,3.164,3.575
2006_01_BUF_NE,2006,1,BUF,2.291,3.774
2006_02_BUF_MIA,2006,2,BUF,3.774,4.971
2006_03_NYJ_BUF,2006,3,BUF,4.971,4.106
2006_04_MIN_BUF,2006,4,BUF,4.106,3.884
2006_05_BUF_CHI,2006,5,BUF,3.884,3.269
2006_06_BUF_DET,2006,6,BUF,3.269,2.062
2006_07_NE_BUF,2006,7,BUF,2.062,2.136
2006_09_GB_BUF,2006,9,BUF,2.136,2.709
2006_10_BUF_IND,2006,10,BUF,2.709,2.03
2006_11_BUF_HOU,2006,11,BUF,2.03,0.516
2006_12_JAX_BUF,2006,12,BUF,0.516,-0.417
2006_13_LAC_BUF,2006,13,BUF,-0.417,0.187
2006_14_BUF_NYJ,2006,14,BUF,0.187,0.686
2006_15_MIA_BUF,2006,15,BUF,0.686,3.428
2006_16_TEN_BUF,2006,16,BUF,3.428,0.586
2006_17_BUF_BAL,2006,17,BUF,0.586,0.727
2007_01_DEN_BUF,2007,1,BUF,0.466,-0.649
2007_02_BUF_PIT,2007,2,BUF,-0.649,-1.082
2007_03_BUF_NE,2007,3,BUF,-1.082,-3.602
2007_04_NYJ_BUF,2007,4,BUF,-3.602,-4.505
2007_05_DAL_BUF,2007,5,BUF,-4.505,-3.2
2007_07_BAL_BUF,2007,7,BUF,-3.2,-4.047
2007_08_BUF_NYJ,2007,8,BUF,-4.047,-2.887
2007_09_CIN_BUF,2007,9,BUF,-2.887,-3.651
2007_10_BUF_MIA,2007,10,BUF,-3.651,-4.135
2007_11_NE_BUF,2007,11,BUF,-4.135,-7.118
2007_12_BUF_JAX,2007,12,BUF,-7.118,-8.157
2007_13_BUF_WAS,2007,13,BUF,-8.157,-6.861
2007_14_MIA_BUF,2007,14,BUF,-6.861,-5.291
2007_15_BUF_CLE,2007,15,BUF,-5.291,-3.879
2007_16_NYG_BUF,2007,16,BUF,-3.879,-2.041
2007_17_BUF_PHI,2007,17,BUF,-2.041,-2.179
2008_01_SEA_BUF,2008,1,BUF,-1.397,1.236
2008_02_BUF_JAX,2008,2,BUF,1.236,1.952
2008_03_OAK_BUF,2008,3,BUF,1.952,1.282
2008_04_BUF_LAR,2008,4,BUF,1.282,1.133
2008_05_BUF_ARI,2008,5,BUF,1.133,-2.001
2008_07_LAC_BUF,2008,7,BUF,-2.001,-2.131
2008_08_BUF_MIA,2008,8,BUF,-2.131,-3.154
2008_09_NYJ_BUF,2008,9,BUF,-3.154,-2.853
2008_10_BUF_NE,2008,10,BUF,-2.853,-4.809
2008_11_CLE_BUF,2008,11,BUF,-4.809,-3.979
2008_12_BUF_KC,2008,12,BUF,-3.979,-4.504
2008_13_SF_BUF,2008,13,BUF,-4.504,-4.41
2008_14_MIA_BUF,2008,14,BUF,-4.41,-5.649
2008_15_BUF_NYJ,2008,15,BUF,-5.649,-5.646
2008_16_BUF_DEN,2008,16,BUF,-5.646,-7.034
2008_17_NE_BUF,2008,17,BUF,-7.034,-6.336
2009_01_BUF_NE,2009,1,BUF,-4.062,-5.548
2009_02_TB_BUF,2009,2,BUF,-5.548,-5.312
2009_03_NO_BUF,2009,3,BUF,-5.312,-2.725
2009_04_BUF_MIA,2009,4,BUF,-2.725,-1.76
2009_05_CLE_BUF,2009,5,BUF,-1.76,0.97
2009_06_BUF_NYJ,2009,6,BUF,0.97,4.864
2009_07_BUF_CAR,2009,7,BUF,4.864,5.218
2009_08_HOU_BUF,2009,8,BUF,5.218,6.599
2009_10_BUF_TEN,2009,10,BUF,6.599,5.286
2009_11_BUF_JAX,2009,11,BUF,5.286,5.094
2009_12_MIA_BUF,2009,12,BUF,5.094,5.831
2009_13_NYJ_BUF,2009,13,BUF,5.831,4.803
2009_14_BUF_KC,2009,14,BUF,4.803,6.924
2009_15_NE_BUF,2009,15,BUF,6.924,8.899
2009_16_BUF_ATL,2009,16,BUF,8.899,7.34
2009_17_IND_BUF,2009,17,BUF,7.34,8.764
2010_01_MIA_BUF,2010,1,BUF,5.618,6.025
2010_02_BUF_GB,2010,2,BUF,6.025,4.127
2010_03_BUF_NE,2010,3,BUF,4.127,2.68
2010_04_NYJ_BUF,2010,4,BUF,2.68,1.573
2010_05_JAX_BUF,2010,5,BUF,1.573,0.585
2010_07_BUF_BAL,2010,7,BUF,0.585,-0.246
2010_08_BUF_KC,2010,8,BUF,-0.246,0.195
2010_09_CHI_BUF,2010,9,BUF,0.195,-2.267
2010_10_DET_BUF,2010,10,BUF,-2.267,-2.647
2010_11_BUF_CIN,2010,11,BUF,-2.647,-2.728
2010_12_PIT_BUF,2010,12,BUF,-2.728,-1.695
2010_13_BUF_MIN,2010,13,BUF,-1.695,-0.652
2010_14_CLE_BUF,2010,14,BUF,-0.652,0.538
2010_15_BUF_MIA,2010,15,BUF,0.538,-0.69
2010_16_NE_BUF,2010,16,BUF,-0.69,-0.581
2010_17_BUF_NYJ,2010,17,BUF,-0.581,-0.162
2011_01_BUF_KC,2011,1,BUF,-0.104,0.879
2011_02_OAK_BUF,2011,2,BUF,0.879,-1.614
2011_03_NE_BUF,2011,3,BUF,-1.614,-1.796
2011_04_BUF_CIN,2011,4,BUF,-1.796,-2.246
2011_05_PHI_BUF,2011,5,BUF,-2.246,-2.863
2011_06_BUF_NYG,2011,6,BUF,-2.863,-3.555
2011_08_WAS_BUF,2011,8,BUF,-3.555,-1.629
2011_09_NYJ_BUF,2011,9,BUF,-1.629,-1.764
2011_10_BUF_DAL,2011,10,BUF,-1.764,-4.628
2011_11_BUF_MIA,2011,11,BUF,-4.628,-6.129
2011_12_BUF_NYJ,2011,12,BUF,-6.129,-6.779
2011_13_TEN_BUF,2011,13,BUF,-6.779,-6.348
2011_14_BUF_LAC,2011,14,BUF,-6.348,-7.449
2011_15_MIA_BUF,2011,15,BUF,-7.449,-7.871
2011_16_DEN_BUF,2011,16,BUF,-7.871,-5.596
2011_17_BUF_NE,2011,17,BUF,-5.596,-4.973
2012_01_BUF_NYJ,2012,1,BUF,-3.188,-5.022
2012_02_KC_BUF,2012,2,BUF,-5.022,-5.066
2012_03_BUF_CLE,2012,3,BUF,-5.066,-4.19
2012_04_NE_BUF,2012,4,BUF,-4.19,-5.869
2012_05_BUF_SF,2012,5,BUF,-5.869,-9.246
2012_06_BUF_ARI,2012,6,BUF,-9.246,-9.065
2012_07_TEN_BUF,2012,7,BUF,-9.065,-9.293
2012_09_BUF_HOU,2012,9,BUF,-9.293,-10.28
2012_10_BUF_NE,2012,10,BUF,-10.28,-9.637
2012_11_MIA_BUF,2012,11,BUF,-9.637,-7.527
2012_12_BUF_IND,2012,12,BUF,-7.527,-6.875
2012_13_JAX_BUF,2012,13,BUF,-6.875,-6.101
2012_14_LAR_BUF,2012,14,BUF,-6.101,-5.121
2012_15_SEA_BUF,2012,15,BUF,-5.121,-9.218
2012_16_BUF_MIA,2012,16,BUF,-9.218,-9.368
2012_17_NYJ_BUF,2012,17,BUF,-9.368,-9.115
2013_01_NE_BUF,2013,1,BUF,-5.843,-4.291
2013_02_CAR_BUF,2013,2,BUF,-4.291,-2.312
2013_03_BUF_NYJ,2013,3,BUF,-2.312,-4.703
2013_04_BAL_BUF,2013,4,BUF,-4.703,-2.13
2013_05_BUF_CLE,2013,5,BUF,-2.13,-1.681
2013_06_CIN_BUF,2013,6,BUF,-1.681,-3.161
2013_07_BUF_MIA,2013,7,BUF,-3.161,-2.517
2013_08_BUF_NO,2013,8,BUF,-2.517,-4.328
2013_09_KC_BUF,2013,9,BUF,-4.328,-3.358
2013_10_BUF_PIT,2013,10,BUF,-3.358,-2.134
2013_11_NYJ_BUF,2013,11,BUF,-2.134,1.308
2013_13_ATL_BUF,2013,13,BUF,1.308,1.534
2013_14_BUF_TB,2013,14,BUF,1.534,3.044
2013_15_BUF_JAX,2013,15,BUF,3.044,3.208
2013_16_MIA_BUF,2013,16,BUF,3.208,6.986
2013_17_BUF_NE,2013,17,BUF,6.986,8.642
2014_01_BUF_CHI,2014,1,BUF,5.54,4.313
2014_02_MIA_BUF,2014,2,BUF,4.313,4.606
2014_03_LAC_BUF,2014,3,BUF,4.606,3.566
2014_04_BUF_HOU,2014,4,BUF,3.566,3.118
2014_05_BUF_DET,2014,5,BUF,3.118,4.345
2014_06_NE_BUF,2014,6,BUF,4.345,1.802
2014_07_MIN_BUF,2014,7,BUF,1.802,3.437
2014_08_BUF_NYJ,2014,8,BUF,3.437,5.979
2014_10_KC_BUF,2014,10,BUF,5.979,7.018
2014_11_BUF_MIA,2014,11,BUF,7.018,6.478
2014_12_NYJ_BUF,2014,12,BUF,6.478,9.149
2014_13_CLE_BUF,2014,13,BUF,9.149,9.753
2014_14_BUF_DEN,2014,14,BUF,9.753,12.121
2014_15_GB_BUF,2014,15,BUF,12.121,15.243
2014_16_BUF_OAK,2014,16,BUF,15.243,14.317
2014_17_BUF_NE,2014,17,BUF,14.317,14.744
2015_01_IND_BUF,2015,1,BUF,9.451,10.35
2015_02_NE_BUF,2015,2,BUF,10.35,8.241
2015_03_BUF_MIA,2015,3,BUF,8.241,9.455
2015_04_NYG_BUF,2015,4,BUF,9.455,9.263
2015_05_BUF_TEN,2015,5,BUF,9.263,9.007
2015_06_CIN_BUF,2015,6,BUF,9.007,7.657
2015_07_BUF_JAX,2015,7,BUF,7.657,8.484
2015_09_MIA_BUF,2015,9,BUF,8.484,7.399
2015_10_BUF_NYJ,2015,10,BUF,7.399,8.004
2015_11_BUF_NE,2015,11,BUF,8.004,9.324
2015_12_BUF_KC,2015,12,BUF,9.324,7.577
2015_13_HOU_BUF,2015,13,BUF,7.577,5.975
2015_14_BUF_PHI,2015,14,BUF,5.975,5.929
2015_15_BUF_WAS,2015,15,BUF,5.929,2.382
2015_16_DAL_BUF,2015,16,BUF,2.382,2.961
2015_17_NYJ_BUF,2015,17,BUF,2.961,5.191
2016_01_BUF_BAL,2016,1,BUF,3.327,3.712
2016_02_NYJ_BUF,2016,2,BUF,3.712,1.732
2016_03_ARI_BUF,2016,3,BUF,1.732,5.833
2016_04_BUF_NE,2016,4,BUF,5.833,5.737
2016_05_BUF_LAR,2016,5,BUF,5.737,6.748
2016_06_SF_BUF,2016,6,BUF,6.748,6.233
2016_07_BUF_MIA,2016,7,BUF,6.233,5.608
2016_08_NE_BUF,2016,8,BUF,5.608,4.743
2016_09_BUF_SEA,2016,9,BUF,4.743,3.618
2016_11_BUF_CIN,2016,11,BUF,3.618,4.401
2016_12_JAX_BUF,2016,12,BUF,4.401,3.5
2016_13_BUF_OAK,2016,13,BUF,3.5,3.188
2016_14_PIT_BUF,2016,14,BUF,3.188,5.586
2016_15_CLE_BUF,2016,15,BUF,5.586,4.828
2016_16_MIA_BUF,2016,16,BUF,4.828,4.105
2016_17_BUF_NYJ,2016,17,BUF,4.105,2.88
2017_01_NYJ_BUF,2017,1,BUF,1.846,2.252
2017_02_BUF_CAR,2017,2,BUF,2.252,3.38
2017_03_DEN_BUF,2017,3,BUF,3.38,4.527
2017_04_BUF_ATL,2017,4,BUF,4.527,5.097
2017_05_BUF_CIN,2017,5,BUF,5.097,5.176
2017_07_TB_BUF,2017,7,BUF,5.176,2.7
2017_08_OAK_BUF,2017,8,BUF,2.7,2.644
2017_09_BUF_NYJ,2017,9,BUF,2.644,1.843
2017_10_NO_BUF,2017,10,BUF,1.843,2.508
2017_11_BUF_LAC,2017,11,BUF,2.508,1.769
2017_12_BUF_KC,2017,12,BUF,1.769,2.478
2017_13_NE_BUF,2017,13,BUF,2.478,4.112
2017_14_IND_BUF,2017,14,BUF,4.112,4.565
2017_15_MIA_BUF,2017,15,BUF,4.565,6.099
2017_16_BUF_NE,2017,16,BUF,6.099,6.183
2017_17_BUF_MIA,2017,17,BUF,6.183,4.092
2017_18_BUF_JAX,2017,18,BUF,4.092,3.74
2018_01_BUF_BAL,2018,1,BUF,2.398,0.492
2018_02_LAC_BUF,2018,2,BUF,0.492,-0.861
2018_03_BUF_MIN,2018,3,BUF,-0.861,-1.457
2018_04_BUF_GB,2018,4,BUF,-1.457,-0.727
2018_05_TEN_BUF,2018,5,BUF,-0.727,1.222
2018_06_BUF_HOU,2018,6,BUF,1.222,4.012
2018_07_BUF_IND,2018,7,BUF,4.012,2.212
2018_08_NE_BUF,2018,8,BUF,2.212,2.3
2018_09_CHI_BUF,2018,9,BUF,2.3,3.538
2018_10_BUF_NYJ,2018,10,BUF,3.538,6.25
2018_12_JAX_BUF,2018,12,BUF,6.25,7.85
2018_13_BUF_MIA,2018,13,BUF,7.85,8.114
2018_14_NYJ_BUF,2018,14,BUF,8.114,7.053
2018_15_DET_BUF,2018,15,BUF,7.053,6.257
2018_16_BUF_NE,2018,16,BUF,6.257,8.617
2018_17_MIA_BUF,2018,17,BUF,8.617,10.708
2019_01_BUF_NYJ,2019,1,BUF,6.864,6.985
2019_02_BUF_NYG,2019,2,BUF,6.985,7.772
2019_03_CIN_BUF,2019,3,BUF,7.772,8.117
2019_04_NE_BUF,2019,4,BUF,8.117,10.818
2019_05_BUF_TEN,2019,5,BUF,10.818,12.001
2019_07_MIA_BUF,2019,7,BUF,12.001,10.059
2019_08_PHI_BUF,2019,8,BUF,10.059,9.976
2019_09_WAS_BUF,2019,9,BUF,9.976,10.32
2019_10_BUF_CLE,2019,10,BUF,10.32,8.981
2019_11_BUF_MIA,2019,11,BUF,8.981,9.074
2019_12_DEN_BUF,2019,12,BUF,9.074,11.124
2019_13_BUF_DAL,2019,13,BUF,11.124,10.291
2019_14_BAL_BUF,2019,14,BUF,10.291,10.571
2019_15_BUF_PIT,2019,15,BUF,10.571,12.537
2019_16_BUF_NE,2019,16,BUF,12.537,10.646
2019_17_NYJ_BUF,2019,17,BUF,10.646,10.848
2019_18_BUF_HOU,2019,18,BUF,10.848,9.915
2020_01_NYJ_BUF,2020,1,BUF,6.355,6.709
2020_02_BUF_MIA,2020,2,BUF,6.709,5.243
2020_03_LAR_BUF,2020,3,BUF,5.243,3.768
2020_04_BUF_OAK,2020,4,BUF,3.768,1.372
2020_05_BUF_TEN,2020,5,BUF,1.372,-1.171
2020_06_KC_BUF,2020,6,BUF,-1.171,-1.28
2020_07_BUF_NYJ,2020,7,BUF,-1.28,2.381
2020_08_NE_BUF,2020,8,BUF,2.381,1.655
2020_09_SEA_BUF,2020,9,BUF,1.655,2.215
2020_10_BUF_ARI,2020,10,BUF,2.215,1.227
2020_12_LAC_BUF,2020,12,BUF,1.227,2.597
2020_13_BUF_SF,2020,13,BUF,2.597,0.045
2020_14_PIT_BUF,2020,14,BUF,0.045,1.694
2020_15_BUF_DEN,2020,15,BUF,1.694,1.593
2020_16_BUF_NE,2020,16,BUF,1.593,2.779
2020_17_MIA_BUF,2020,17,BUF,2.779,2.545
2020_18_IND_BUF,2020,18,BUF,2.545,1.859
2020_19_BAL_BUF,2020,19,BUF,1.859,4.292
2020_20_BUF_KC,2020,20,BUF,4.292,3.272
2021_01_PIT_BUF,2021,1,BUF,2.097,2.906
2021_02_BUF_MIA,2021,2,BUF,2.906,5.188
2021_03_WAS_BUF,2021,3,BUF,5.188,4.081
2021_04_HOU_BUF,2021,4,BUF,4.081,7.913
2021_05_BUF_KC,2021,5,BUF,7.913,8.489
2021_06_BUF_TEN,2021,6,BUF,8.489,8.315
2021_08_MIA_BUF,2021,8,BUF,8.315,9.057
2021_09_BUF_JAX,2021,9,BUF,9.057,9.957
2021_10_BUF_NYJ,2021,10,BUF,9.957,11.708
2021_11_IND_BUF,2021,11,BUF,11.708,11.916
2021_12_BUF_NO,2021,12,BUF,11.916,11.277
2021_13_NE_BUF,2021,13,BUF,11.277,12.523
2021_14_BUF_TB,2021,14,BUF,12.523,11.076
2021_15_CAR_BUF,2021,15,BUF,11.076,11.553
2021_16_BUF_NE,2021,16,BUF,11.553,13.243
2021_17_ATL_BUF,2021,17,BUF,13.243,14.7
2021_18_NYJ_BUF,2021,18,BUF,14.7,16.509
2021_19_NE_BUF,2021,19,BUF,16.509,15.874
2021_20_BUF_KC,2021,20,BUF,15.874,12.294
2022_01_BUF_LAR,2022,1,BUF,7.88,9.926
2022_02_TEN_BUF,2022,2,BUF,9.926,11.623
2022_03_BUF_MIA,2022,3,BUF,11.623,10.699
2022_04_BUF_BAL,2022,4,BUF,10.699,10.712
2022_05_PIT_BUF,2022,5,BUF,10.712,9.064
2022_06_BUF_KC,2022,6,BUF,9.064,9.216
2022_08_GB_BUF,2022,8,BUF,9.216,8.984
2022_09_BUF_NYJ,2022,9,BUF,8.984,8.052
2022_10_MIN_BUF,2022,10,BUF,8.052,9.351
2022_11_CLE_BUF,2022,11,BUF,9.351,5.826
2022_12_BUF_DET,2022,12,BUF,5.826,4.814
2022_13_BUF_NE,2022,13,BUF,4.814,4.72
2022_14_NYJ_BUF,2022,14,BUF,4.72,4.737
2022_15_MIA_BUF,2022,15,BUF,4.737,4.898
2022_16_BUF_CHI,2022,16,BUF,4.898,5.316
2022_18_NE_BUF,2022,18,BUF,5.316,5.219
2022_19_MIA_BUF,2022,19,BUF,5.219,7.275
2022_20_CIN_BUF,2022,20,BUF,7.275,6.629
2023_01_BUF_NYJ,2023,1,BUF,4.249,5.983
2023_02_OAK_BUF,2023,2,BUF,5.983,5.911
2023_03_BUF_WAS,2023,3,BUF,5.911,9.836
2023_04_MIA_BUF,2023,4,BUF,9.836,10.654
2023_05_JAX_BUF,2023,5,BUF,10.654,9.427
2023_06_NYG_BUF,2023,6,BUF,9.427,9.088
2023_07_BUF_NE,2023,7,BUF,9.088,6.478
2023_08_TB_BUF,2023,8,BUF,6.478,5.771
2023_09_BUF_CIN,2023,9,BUF,5.771,4.125
2023_10_DEN_BUF,2023,10,BUF,4.125,3.61
2023_11_NYJ_BUF,2023,11,BUF,3.61,5.539
2023_12_BUF_PHI,2023,12,BUF,5.539,4.479
2023_14_BUF_KC,2023,14,BUF,4.479,5.62
2023_15_DAL_BUF,2023,15,BUF,5.62,8.479
2023_16_BUF_LAC,2023,16,BUF,8.479,6.909
2023_17_NE_BUF,2023,17,BUF,6.909,7.654
2023_18_BUF_MIA,2023,18,BUF,7.654,8.776
2023_19_PIT_BUF,2023,19,BUF,8.776,7.692
2023_20_KC_BUF,2023,20,BUF,7.692,6.792
2024_01_ARI_BUF,2024,1,BUF,4.354,4.598
2024_02_BUF_MIA,2024,2,BUF,4.598,6.301
2024_03_JAX_BUF,2024,3,BUF,6.301,8.234
2024_04_BUF_BAL,2024,4,BUF,8.234,7.174
2024_05_BUF_HOU,2024,5,BUF,7.174,5.087
2024_06_BUF_NYJ,2024,6,BUF,5.087,4.865
2024_07_TEN_BUF,2024,7,BUF,4.865,5.375
2024_08_BUF_SEA,2024,8,BUF,5.375,5.797
2024_09_MIA_BUF,2024,9,BUF,5.797,4.155
2024_10_BUF_IND,2024,10,BUF,4.155,3.952
2024_11_KC_BUF,2024,11,BUF,3.952,4.797
2024_13_SF_BUF,2024,13,BUF,4.797,6.641
2024_14_BUF_LAR,2024,14,BUF,6.641,3.953
2024_15_BUF_DET,2024,15,BUF,3.953,0.268
2024_16_NE_BUF,2024,16,BUF,0.268,-0.723
2024_17_NYJ_BUF,2024,17,BUF,-0.723,2.446
2024_18_BUF_NE,2024,18,BUF,2.446,-0.586
2024_19_DEN_BUF,2024,19,BUF,-0.586,0.104
2024_20_BAL_BUF,2024,20,BUF,0.104,0.635
2024_21_BUF_KC,2024,21,BUF,0.635,-0.608
2025_01_BAL_BUF,2025,1,BUF,-0.39,-1.448
2025_02_BUF_NYJ,2025,2,BUF,-1.448,0.752
2025_03_MIA_BUF,2025,3,BUF,0.752,1.093
2025_04_NO_BUF,2025,4,BUF,1.093,0.968
2025_05_NE_BUF,2025,5,BUF,0.968,1.331
2025_06_BUF_ATL,2025,6,BUF,1.331,0.161
2025_08_BUF_CAR,2025,8,BUF,0.161,2.909
2025_09_KC_BUF,2025,9,BUF,2.909,6.0
2025_10_BUF_MIA,2025,10,BUF,6.0,6.352
2025_11_TB_BUF,2025,11,BUF,6.352,6.219
2025_12_BUF_HOU,2025,12,BUF,6.219,5.117
2025_13_BUF_PIT,2025,13,BUF,5.117,6.389
2025_14_CIN_BUF,2025,14,BUF,6.389,5.306
2025_15_BUF_NE,2025,15,BUF,5.306,5.462
2025_16_BUF_CLE,2025,16,BUF,5.462,4.509
2025_17_PHI_BUF,2025,17,BUF,4.509,6.18
2025_18_NYJ_BUF,2025,18,BUF,6.18,5.994
2025_19_BUF_JAX,2025,19,BUF,5.994,6.229
2025_20_BUF_DEN,2025,20,BUF,6.229,5.585
2026_01_BUF_HOU,2026,1,BUF,3.58,1.607
1999_01_CAR_NO,1999,1,CAR,0.0,-0.482
1999_02_JAX_CAR,1999,2,CAR,-0.482,-1.314
1999_03_CIN_CAR,1999,3,CAR,-1.314,-1.139
1999_04_CAR_WAS,1999,4,CAR,-1.139,-3.772
1999_06_CAR_SF,1999,6,CAR,-3.772,-4.5
1999_07_DET_CAR,1999,7,CAR,-4.5,-5.934
1999_08_CAR_ATL,1999,8,CAR,-5.934,-7.738
1999_09_PHI_CAR,1999,9,CAR,-7.738,-6.986
1999_10_CAR_LAR,1999,10,CAR,-6.986,-8.796
1999_11_CAR_CLE,1999,11,CAR,-8.796,-9.194
1999_12_ATL_CAR,1999,12,CAR,-9.194,-11.341
1999_13_LAR_CAR,1999,13,CAR,-11.341,-12.273
1999_14_CAR_GB,1999,14,CAR,-12.273,-13.895
1999_15_SF_CAR,1999,15,CAR,-13.895,-14.867
1999_16_CAR_PIT,1999,16,CAR,-14.867,-14.518
1999_17_NO_CAR,1999,17,CAR,-14.518,-14.418
2000_01_CAR_WAS,2000,1,CAR,-9.242,-10.782
2000_02_CAR_SF,2000,2,CAR,-10.782,-9.953
2000_03_ATL_CAR,2000,3,CAR,-9.953,-9.805
2000_05_DAL_CAR,2000,5,CAR,-9.805,-8.193
2000_06_SEA_CAR,2000,6,CAR,-8.193,-7.748
2000_07_CAR_NO,2000,7,CAR,-7.748,-8.403
2000_08_SF_CAR,2000,8,CAR,-8.403,-8.041
2000_09_CAR_ATL,2000,9,CAR,-8.041,-8.176
2000_10_CAR_LAR,2000,10,CAR,-8.176,-11.581
2000_11_NO_CAR,2000,11,CAR,-11.581,-10.803
2000_12_CAR_MIN,2000,12,CAR,-10.803,-13.745
2000_13_GB_CAR,2000,13,CAR,-13.745,-12.201
2000_14_LAR_CAR,2000,14,CAR,-12.201,-7.814
2000_15_CAR_KC,2000,15,CAR,-7.814,-9.643
2000_16_LAC_CAR,2000,16,CAR,-9.643,-11.127
2000_17_CAR_OAK,2000,17,CAR,-11.127,-14.467
2001_01_CAR_MIN,2001,1,CAR,-9.274,-9.606
2001_02_CAR_ATL,2001,2,CAR,-9.606,-11.715
2001_03_GB_CAR,2001,3,CAR,-11.715,-12.801
2001_04_CAR_SF,2001,4,CAR,-12.801,-12.802
2001_05_NO_CAR,2001,5,CAR,-12.802,-11.878
2001_06_CAR_WAS,2001,6,CAR,-11.878,-13.018
2001_07_NYJ_CAR,2001,7,CAR,-13.018,-10.823
2001_08_CAR_MIA,2001,8,CAR,-10.823,-11.394
2001_09_CAR_LAR,2001,9,CAR,-11.394,-9.937
2001_10_SF_CAR,2001,10,CAR,-9.937,-9.183
2001_11_ATL_CAR,2001,11,CAR,-9.183,-7.388
2001_12_CAR_NO,2001,12,CAR,-7.388,-9.404
2001_13_CAR_BUF,2001,13,CAR,-9.404,-10.141
2001_15_LAR_CAR,2001,15,CAR,-10.141,-8.609
2001_16_ARI_CAR,2001,16,CAR,-8.609,-8.854
2001_17_NE_CAR,2001,17,CAR,-8.854,-8.397
2002_01_BAL_CAR,2002,1,CAR,-5.382,-5.685
2002_02_DET_CAR,2002,2,CAR,-5.685,-3.589
2002_03_CAR_MIN,2002,3,CAR,-3.589,-1.485
2002_04_CAR_GB,2002,4,CAR,-1.485,0.431
2002_05_ARI_CAR,2002,5,CAR,0.431,0.686
2002_06_CAR_DAL,2002,6,CAR,0.686,1.302
2002_07_CAR_ATL,2002,7,CAR,1.302,-2.346
2002_08_TB_CAR,2002,8,CAR,-2.346,-1.082
2002_10_NO_CAR,2002,10,CAR,-1.082,-1.288
2002_11_CAR_TB,2002,11,CAR,-1.288,-2.109
2002_12_ATL_CAR,2002,12,CAR,-2.109,-4.105
2002_13_CAR_CLE,2002,13,CAR,-4.105,-1.235
2002_14_CIN_CAR,2002,14,CAR,-1.235,-2.73
2002_15_CAR_PIT,2002,15,CAR,-2.73,-2.795
2002_16_CHI_CAR,2002,16,CAR,-2.795,-2.916
2002_17_CAR_NO,2002,17,CAR,-2.916,-0.655
2003_01_JAX_CAR,2003,1,CAR,-0.42,-1.695
2003_02_CAR_TB,2003,2,CAR,-1.695,-1.738
2003_04_ATL_CAR,2003,4,CAR,-1.738,-0.093
2003_05_NO_CAR,2003,5,CAR,-0.093,-0.171
2003_06_CAR_IND,2003,6,CAR,-0.171,-1.234
2003_07_TEN_CAR,2003,7,CAR,-1.234,-0.924
2003_08_CAR_NO,2003,8,CAR,-0.924,-1.098
2003_09_CAR_HOU,2003,9,CAR,-1.098,-2.656
2003_10_TB_CAR,2003,10,CAR,-2.656,-2.493
2003_11_WAS_CAR,2003,11,CAR,-2.493,-1.516
2003_12_CAR_DAL,2003,12,CAR,-1.516,-2.918
2003_13_PHI_CAR,2003,13,CAR,-2.918,-2.266
2003_14_CAR_ATL,2003,14,CAR,-2.266,-4.015
2003_15_CAR_ARI,2003,15,CAR,-4.015,-4.145
2003_16_DET_CAR,2003,16,CAR,-4.145,-2.822
2003_17_CAR_NYG,2003,17,CAR,-2.822,-0.081
2003_18_DAL_CAR,2003,18,CAR,-0.081,0.071
2003_19_CAR_LAR,2003,19,CAR,0.071,0.214
2003_20_CAR_PHI,2003,20,CAR,0.214,3.899
2003_21_CAR_NE,2003,21,CAR,3.899,0.393
2004_01_GB_CAR,2004,1,CAR,0.252,0.638
2004_02_CAR_KC,2004,2,CAR,0.638,2.307
2004_04_ATL_CAR,2004,4,CAR,2.307,2.36
2004_05_CAR_DEN,2004,5,CAR,2.36,2.611
2004_06_CAR_PHI,2004,6,CAR,2.611,3.565
2004_07_LAC_CAR,2004,7,CAR,3.565,3.372
2004_08_CAR_SEA,2004,8,CAR,3.372,2.533
2004_09_OAK_CAR,2004,9,CAR,2.533,2.672
2004_10_CAR_SF,2004,10,CAR,2.672,4.369
2004_11_ARI_CAR,2004,11,CAR,4.369,4.729
2004_12_TB_CAR,2004,12,CAR,4.729,2.726
2004_13_CAR_NO,2004,13,CAR,2.726,2.07
2004_14_LAR_CAR,2004,14,CAR,2.07,4.703
2004_15_CAR_ATL,2004,15,CAR,4.703,4.543
2004_16_CAR_TB,2004,16,CAR,4.543,2.521
2004_17_NO_CAR,2004,17,CAR,2.521,2.786
2005_01_NO_CAR,2005,1,CAR,1.786,0.767
2005_02_NE_CAR,2005,2,CAR,0.767,1.596
2005_03_CAR_MIA,2005,3,CAR,1.596,1.681
2005_04_GB_CAR,2005,4,CAR,1.681,-0.133
2005_05_CAR_ARI,2005,5,CAR,-0.133,-1.574
2005_06_CAR_DET,2005,6,CAR,-1.574,-0.887
2005_08_MIN_CAR,2005,8,CAR,-0.887,1.001
2005_09_CAR_TB,2005,9,CAR,1.001,1.547
2005_10_NYJ_CAR,2005,10,CAR,1.547,4.282
2005_11_CAR_CHI,2005,11,CAR,4.282,3.55
2005_12_CAR_BUF,2005,12,CAR,3.55,4.369
2005_13_ATL_CAR,2005,13,CAR,4.369,7.247
2005_14_TB_CAR,2005,14,CAR,7.247,6.335
2005_15_CAR_NO,2005,15,CAR,6.335,7.76
2005_16_DAL_CAR,2005,16,CAR,7.76,8.122
2005_17_CAR_ATL,2005,17,CAR,8.122,9.179
2005_18_CAR_NYG,2005,18,CAR,9.179,11.751
2005_19_CAR_CHI,2005,19,CAR,11.751,11.83
2005_20_CAR_SEA,2005,20,CAR,11.83,10.385
2006_01_ATL_CAR,2006,1,CAR,6.657,6.052
2006_02_CAR_MIN,2006,2,CAR,6.052,6.425
2006_03_CAR_TB,2006,3,CAR,6.425,5.847
2006_04_NO_CAR,2006,4,CAR,5.847,3.78
2006_05_CLE_CAR,2006,5,CAR,3.78,4.469
2006_06_CAR_BAL,2006,6,CAR,4.469,6.233
2006_07_CAR_CIN,2006,7,CAR,6.233,5.237
2006_08_DAL_CAR,2006,8,CAR,5.237,3.339
2006_10_TB_CAR,2006,10,CAR,3.339,3.932
2006_11_LAR_CAR,2006,11,CAR,3.932,7.609
2006_12_CAR_WAS,2006,12,CAR,7.609,7.578
2006_13_CAR_PHI,2006,13,CAR,7.578,5.687
2006_14_NYG_CAR,2006,14,CAR,5.687,4.633
2006_15_PIT_CAR,2006,15,CAR,4.633,4.3
2006_16_CAR_ATL,2006,16,CAR,4.3,6.136
2006_17_CAR_NO,2006,17,CAR,6.136,5.717
2007_01_CAR_LAR,2007,1,CAR,3.665,3.215
2007_02_HOU_CAR,2007,2,CAR,3.215,0.823
2007_03_CAR_ATL,2007,3,CAR,0.823,-3.301
2007_04_TB_CAR,2007,4,CAR,-3.301,-3.814
2007_05_CAR_NO,2007,5,CAR,-3.814,-3.777
2007_06_CAR_ARI,2007,6,CAR,-3.777,-2.831
2007_08_IND_CAR,2007,8,CAR,-2.831,-2.053
2007_09_CAR_TEN,2007,9,CAR,-2.053,-0.73
2007_10_ATL_CAR,2007,10,CAR,-0.73,-1.418
2007_11_CAR_GB,2007,11,CAR,-1.418,-2.316
2007_12_NO_CAR,2007,12,CAR,-2.316,-3.442
2007_13_SF_CAR,2007,13,CAR,-3.442,-0.198
2007_14_CAR_JAX,2007,14,CAR,-0.198,-1.168
2007_15_SEA_CAR,2007,15,CAR,-1.168,-1.816
2007_16_DAL_CAR,2007,16,CAR,-1.816,-2.139
2007_17_CAR_TB,2007,17,CAR,-2.139,-3.869
2008_01_CAR_LAC,2008,1,CAR,-2.48,-3.738
2008_02_CHI_CAR,2008,2,CAR,-3.738,-3.797
2008_03_CAR_MIN,2008,3,CAR,-3.797,-3.933
2008_04_ATL_CAR,2008,4,CAR,-3.933,-3.039
2008_05_KC_CAR,2008,5,CAR,-3.039,-0.799
2008_06_CAR_TB,2008,6,CAR,-0.799,-1.483
2008_07_NO_CAR,2008,7,CAR,-1.483,0.779
2008_08_ARI_CAR,2008,8,CAR,0.779,-0.437
2008_10_CAR_OAK,2008,10,CAR,-0.437,0.899
2008_11_DET_CAR,2008,11,CAR,0.899,1.673
2008_12_CAR_ATL,2008,12,CAR,1.673,0.553
2008_13_CAR_GB,2008,13,CAR,0.553,-0.991
2008_14_TB_CAR,2008,14,CAR,-0.991,-1.422
2008_15_DEN_CAR,2008,15,CAR,-1.422,0.153
2008_16_CAR_NYG,2008,16,CAR,0.153,0.203
2008_17_CAR_NO,2008,17,CAR,0.203,-1.527
2008_19_ARI_CAR,2008,19,CAR,-1.527,-0.965
2009_01_PHI_CAR,2009,1,CAR,-0.619,-0.652
2009_02_CAR_ATL,2009,2,CAR,-0.652,-2.982
2009_03_CAR_DAL,2009,3,CAR,-2.982,-4.037
2009_05_WAS_CAR,2009,5,CAR,-4.037,-2.975
2009_06_CAR_TB,2009,6,CAR,-2.975,-2.732
2009_07_BUF_CAR,2009,7,CAR,-2.732,-2.108
2009_08_CAR_ARI,2009,8,CAR,-2.108,-0.372
2009_09_CAR_NO,2009,9,CAR,-0.372,-1.046
2009_10_ATL_CAR,2009,10,CAR,-1.046,-0.042
2009_11_MIA_CAR,2009,11,CAR,-0.042,-0.949
2009_12_CAR_NYJ,2009,12,CAR,-0.949,-0.918
2009_13_TB_CAR,2009,13,CAR,-0.918,0.869
2009_14_CAR_NE,2009,14,CAR,0.869,2.235
2009_15_MIN_CAR,2009,15,CAR,2.235,4.542
2009_16_CAR_NYG,2009,16,CAR,4.542,5.18
2009_17_NO_CAR,2009,17,CAR,5.18,6.238
2010_01_CAR_NYG,2010,1,CAR,3.999,3.884
2010_02_TB_CAR,2010,2,CAR,3.884,1.952
2010_03_CIN_CAR,2010,3,CAR,1.952,3.152
2010_04_CAR_NO,2010,4,CAR,3.152,2.549
2010_05_CHI_CAR,2010,5,CAR,2.549,6.326
2010_07_SF_CAR,2010,7,CAR,6.326,6.325
2010_08_CAR_LAR,2010,8,CAR,6.325,3.966
2010_09_NO_CAR,2010,9,CAR,3.966,4.573
2010_10_CAR_TB,2010,10,CAR,4.573,2.64
2010_11_BAL_CAR,2010,11,CAR,2.64,1.736
2010_12_CAR_CLE,2010,12,CAR,1.736,2.057
2010_13_CAR_SEA,2010,13,CAR,2.057,3.352
2010_14_ATL_CAR,2010,14,CAR,3.352,4.678
2010_15_ARI_CAR,2010,15,CAR,4.678,5.376
2010_16_CAR_PIT,2010,16,CAR,5.376,4.03
2010_17_CAR_ATL,2010,17,CAR,4.03,2.25
2011_01_CAR_ARI,2011,1,CAR,1.442,-1.15
2011_02_GB_CAR,2011,2,CAR,-1.15,-1.682
2011_03_JAX_CAR,2011,3,CAR,-1.682,-0.653
2011_04_CAR_CHI,2011,4,CAR,-0.653,0.795
2011_05_NO_CAR,2011,5,CAR,0.795,0.436
2011_06_CAR_ATL,2011,6,CAR,0.436,-0.784
2011_07_WAS_CAR,2011,7,CAR,-0.784,-2.155
2011_08_MIN_CAR,2011,8,CAR,-2.155,-2.167
2011_10_TEN_CAR,2011,10,CAR,-2.167,-2.262
2011_11_CAR_DET,2011,11,CAR,-2.262,-5.048
2011_12_CAR_IND,2011,12,CAR,-5.048,-5.185
2011_13_CAR_TB,2011,13,CAR,-5.185,-6.403
2011_14_ATL_CAR,2011,14,CAR,-6.403,-6.93
2011_15_CAR_HOU,2011,15,CAR,-6.93,-7.151
2011_16_TB_CAR,2011,16,CAR,-7.151,-7.807
2011_17_CAR_NO,2011,17,CAR,-7.807,-10.251
2012_01_CAR_TB,2012,1,CAR,-6.571,-6.178
2012_02_NO_CAR,2012,2,CAR,-6.178,-5.284
2012_03_NYG_CAR,2012,3,CAR,-5.284,-6.313
2012_04_CAR_ATL,2012,4,CAR,-6.313,-6.07
2012_05_SEA_CAR,2012,5,CAR,-6.07,-6.144
2012_07_DAL_CAR,2012,7,CAR,-6.144,-6.523
2012_08_CAR_CHI,2012,8,CAR,-6.523,-5.283
2012_09_CAR_WAS,2012,9,CAR,-5.283,-4.135
2012_10_DEN_CAR,2012,10,CAR,-4.135,-3.991
2012_11_TB_CAR,2012,11,CAR,-3.991,-3.894
2012_12_CAR_PHI,2012,12,CAR,-3.894,-4.225
2012_13_CAR_KC,2012,13,CAR,-4.225,-6.36
2012_14_ATL_CAR,2012,14,CAR,-6.36,-6.606
2012_15_CAR_LAC,2012,15,CAR,-6.606,-4.663
2012_16_OAK_CAR,2012,16,CAR,-4.663,-3.174
2012_17_CAR_NO,2012,17,CAR,-3.174,-4.93
2013_01_SEA_CAR,2013,1,CAR,-3.16,-3.914
2013_02_CAR_BUF,2013,2,CAR,-3.914,-5.004
2013_03_NYG_CAR,2013,3,CAR,-5.004,-1.481
2013_05_CAR_ARI,2013,5,CAR,-1.481,-0.67
2013_06_CAR_MIN,2013,6,CAR,-0.67,-1.577
2013_07_LAR_CAR,2013,7,CAR,-1.577,-1.136
2013_08_CAR_TB,2013,8,CAR,-1.136,-1.537
2013_09_ATL_CAR,2013,9,CAR,-1.537,0.62
2013_10_CAR_SF,2013,10,CAR,0.62,4.321
2013_11_NE_CAR,2013,11,CAR,4.321,3.658
2013_12_CAR_MIA,2013,12,CAR,3.658,2.07
2013_13_TB_CAR,2013,13,CAR,2.07,3.64
2013_14_CAR_NO,2013,14,CAR,3.64,1.681
2013_15_NYJ_CAR,2013,15,CAR,1.681,1.51
2013_16_NO_CAR,2013,16,CAR,1.51,4.159
2013_17_CAR_ATL,2013,17,CAR,4.159,5.338
2013_19_SF_CAR,2013,19,CAR,5.338,5.191
2014_01_CAR_TB,2014,1,CAR,3.327,4.102
2014_02_DET_CAR,2014,2,CAR,4.102,5.394
2014_03_PIT_CAR,2014,3,CAR,5.394,4.322
2014_04_CAR_BAL,2014,4,CAR,4.322,1.449
2014_05_CHI_CAR,2014,5,CAR,1.449,0.51
2014_06_CAR_CIN,2014,6,CAR,0.51,-0.97
2014_07_CAR_GB,2014,7,CAR,-0.97,-2.31
2014_08_SEA_CAR,2014,8,CAR,-2.31,-1.799
2014_09_NO_CAR,2014,9,CAR,-1.799,-0.343
2014_10_CAR_PHI,2014,10,CAR,-0.343,-2.251
2014_11_ATL_CAR,2014,11,CAR,-2.251,-2.353
2014_13_CAR_MIN,2014,13,CAR,-2.353,-3.703
2014_14_CAR_NO,2014,14,CAR,-3.703,-2.176
2014_15_TB_CAR,2014,15,CAR,-2.176,-1.468
2014_16_CLE_CAR,2014,16,CAR,-1.468,-0.567
2014_17_CAR_ATL,2014,17,CAR,-0.567,2.026
2014_18_ARI_CAR,2014,18,CAR,2.026,3.898
2014_19_CAR_SEA,2014,19,CAR,3.898,2.805
2015_01_CAR_JAX,2015,1,CAR,1.798,3.218
2015_02_HOU_CAR,2015,2,CAR,3.218,2.972
2015_03_NO_CAR,2015,3,CAR,2.972,0.822
2015_04_CAR_TB,2015,4,CAR,0.822,1.752
2015_06_CAR_SEA,2015,6,CAR,1.752,1.67
2015_07_PHI_CAR,2015,7,CAR,1.67,3.961
2015_08_IND_CAR,2015,8,CAR,3.961,5.814
2015_09_GB_CAR,2015,9,CAR,5.814,5.782
2015_10_CAR_TEN,2015,10,CAR,5.782,6.108
2015_11_WAS_CAR,2015,11,CAR,6.108,7.101
2015_12_CAR_DAL,2015,12,CAR,7.101,9.458
2015_13_CAR_NO,2015,13,CAR,9.458,8.753
2015_14_ATL_CAR,2015,14,CAR,8.753,10.334
2015_15_CAR_NYG,2015,15,CAR,10.334,8.786
2015_16_CAR_ATL,2015,16,CAR,8.786,7.008
2015_17_TB_CAR,2015,17,CAR,7.008,6.835
2015_19_SEA_CAR,2015,19,CAR,6.835,6.736
2015_20_ARI_CAR,2015,20,CAR,6.736,10.058
2015_21_CAR_DEN,2015,21,CAR,10.058,12.132
2016_01_CAR_DEN,2016,1,CAR,7.777,7.508
2016_02_SF_CAR,2016,2,CAR,7.508,7.476
2016_03_MIN_CAR,2016,3,CAR,7.476,7.969
2016_04_CAR_ATL,2016,4,CAR,7.969,4.386
2016_05_TB_CAR,2016,5,CAR,4.386,4.48
2016_06_CAR_NO,2016,6,CAR,4.48,1.426
2016_08_ARI_CAR,2016,8,CAR,1.426,1.323
2016_09_CAR_LAR,2016,9,CAR,1.323,1.804
2016_10_KC_CAR,2016,10,CAR,1.804,3.143
2016_11_NO_CAR,2016,11,CAR,3.143,3.95
2016_12_CAR_OAK,2016,12,CAR,3.95,3.66
2016_13_CAR_SEA,2016,13,CAR,3.66,3.309
2016_14_LAC_CAR,2016,14,CAR,3.309,5.802
2016_15_CAR_WAS,2016,15,CAR,5.802,6.062
2016_16_ATL_CAR,2016,16,CAR,6.062,5.931
2016_17_CAR_TB,2016,17,CAR,5.931,6.682
2017_01_CAR_SF,2017,1,CAR,4.283,5.828
2017_02_BUF_CAR,2017,2,CAR,5.828,6.218
2017_03_NO_CAR,2017,3,CAR,6.218,6.051
2017_04_CAR_NE,2017,4,CAR,6.051,5.642
2017_05_CAR_DET,2017,5,CAR,5.642,5.704
2017_06_PHI_CAR,2017,6,CAR,5.704,5.157
2017_07_CAR_CHI,2017,7,CAR,5.157,6.63
2017_08_CAR_TB,2017,8,CAR,6.63,8.67
2017_09_ATL_CAR,2017,9,CAR,8.67,8.72
2017_10_MIA_CAR,2017,10,CAR,8.72,8.087
2017_12_CAR_NYJ,2017,12,CAR,8.087,6.082
2017_13_CAR_NO,2017,13,CAR,6.082,5.717
2017_14_MIN_CAR,2017,14,CAR,5.717,6.977
2017_15_GB_CAR,2017,15,CAR,6.977,7.553
2017_16_TB_CAR,2017,16,CAR,7.553,6.959
2017_17_CAR_ATL,2017,17,CAR,6.959,5.209
2017_18_CAR_NO,2017,18,CAR,5.209,3.811
2018_01_DAL_CAR,2018,1,CAR,2.443,4.465
2018_02_CAR_ATL,2018,2,CAR,4.465,1.021
2018_03_CIN_CAR,2018,3,CAR,1.021,1.903
2018_05_NYG_CAR,2018,5,CAR,1.903,1.643
2018_06_CAR_WAS,2018,6,CAR,1.643,2.431
2018_07_CAR_PHI,2018,7,CAR,2.431,1.32
2018_08_BAL_CAR,2018,8,CAR,1.32,2.791
2018_09_TB_CAR,2018,9,CAR,2.791,2.906
2018_10_CAR_PIT,2018,10,CAR,2.906,-0.453
2018_11_CAR_DET,2018,11,CAR,-0.453,-1.11
2018_12_SEA_CAR,2018,12,CAR,-1.11,-2.104
2018_13_CAR_TB,2018,13,CAR,-2.104,-3.039
2018_14_CAR_CLE,2018,14,CAR,-3.039,-3.716
2018_15_NO_CAR,2018,15,CAR,-3.716,-0.719
2018_16_ATL_CAR,2018,16,CAR,-0.719,-0.275
2018_17_CAR_NO,2018,17,CAR,-0.275,-0.169
2019_01_LAR_CAR,2019,1,CAR,-0.108,1.04
2019_02_TB_CAR,2019,2,CAR,1.04,1.447
2019_03_CAR_ARI,2019,3,CAR,1.447,1.481
2019_04_CAR_HOU,2019,4,CAR,1.481,2.665
2019_05_JAX_CAR,2019,5,CAR,2.665,0.134
2019_06_CAR_TB,2019,6,CAR,0.134,3.424
2019_08_CAR_SF,2019,8,CAR,3.424,3.166
2019_09_TEN_CAR,2019,9,CAR,3.166,2.198
2019_10_CAR_GB,2019,10,CAR,2.198,3.438
2019_11_ATL_CAR,2019,11,CAR,3.438,4.047
2019_12_CAR_NO,2019,12,CAR,4.047,2.586
2019_13_WAS_CAR,2019,13,CAR,2.586,3.911
2019_14_CAR_ATL,2019,14,CAR,3.911,2.294
2019_15_SEA_CAR,2019,15,CAR,2.294,1.551
2019_16_CAR_IND,2019,16,CAR,1.551,1.455
2019_17_NO_CAR,2019,17,CAR,1.455,1.664
2020_01_OAK_CAR,2020,1,CAR,1.066,0.285
2020_02_CAR_TB,2020,2,CAR,0.285,0.644
2020_03_CAR_LAC,2020,3,CAR,0.644,-1.467
2020_04_ARI_CAR,2020,4,CAR,-1.467,-3.209
2020_05_CAR_ATL,2020,5,CAR,-3.209,-1.654
2020_06_CHI_CAR,2020,6,CAR,-1.654,-1.694
2020_07_CAR_NO,2020,7,CAR,-1.694,-3.523
2020_08_ATL_CAR,2020,8,CAR,-3.523,-2.824
2020_09_CAR_KC,2020,9,CAR,-2.824,-4.026
2020_10_TB_CAR,2020,10,CAR,-4.026,-6.323
2020_11_DET_CAR,2020,11,CAR,-6.323,-3.188
2020_12_CAR_MIN,2020,12,CAR,-3.188,-5.859
2020_14_DEN_CAR,2020,14,CAR,-5.859,-8.349
2020_15_CAR_GB,2020,15,CAR,-8.349,-6.01
2020_16_CAR_WAS,2020,16,CAR,-6.01,-3.673
2020_17_NO_CAR,2020,17,CAR,-3.673,-2.862
2021_01_NYJ_CAR,2021,1,CAR,-1.835,-0.2
2021_02_NO_CAR,2021,2,CAR,-0.2,2.671
2021_03_CAR_HOU,2021,3,CAR,2.671,2.375
2021_04_CAR_DAL,2021,4,CAR,2.375,0.673
2021_05_PHI_CAR,2021,5,CAR,0.673,0.89
2021_06_MIN_CAR,2021,6,CAR,0.89,-1.278
2021_07_CAR_NYG,2021,7,CAR,-1.278,-1.541
2021_08_CAR_ATL,2021,8,CAR,-1.541,0.236
2021_09_NE_CAR,2021,9,CAR,0.236,1.249
2021_10_CAR_ARI,2021,10,CAR,1.249,1.854
2021_11_WAS_CAR,2021,11,CAR,1.854,0.542
2021_12_CAR_MIA,2021,12,CAR,0.542,-0.148
2021_14_ATL_CAR,2021,14,CAR,-0.148,-0.009
2021_15_CAR_BUF,2021,15,CAR,-0.009,1.594
2021_16_TB_CAR,2021,16,CAR,1.594,2.073
2021_18_CAR_TB,2021,18,CAR,2.073,0.604
2022_01_CLE_CAR,2022,1,CAR,0.387,0.153
2022_02_CAR_NYG,2022,2,CAR,0.153,-0.267
2022_03_NO_CAR,2022,3,CAR,-0.267,-1.245
2022_04_ARI_CAR,2022,4,CAR,-1.245,-2.129
2022_05_SF_CAR,2022,5,CAR,-2.129,-3.256
2022_06_CAR_LAR,2022,6,CAR,-3.256,-4.069
2022_07_TB_CAR,2022,7,CAR,-4.069,-4.225
2022_08_CAR_ATL,2022,8,CAR,-4.225,-5.848
2022_09_CAR_CIN,2022,9,CAR,-5.848,-6.019
2022_10_ATL_CAR,2022,10,CAR,-6.019,-5.192
2022_11_CAR_BAL,2022,11,CAR,-5.192,-3.83
2022_12_DEN_CAR,2022,12,CAR,-3.83,-2.59
2022_14_CAR_SEA,2022,14,CAR,-2.59,-1.532
2022_15_PIT_CAR,2022,15,CAR,-1.532,-1.726
2022_16_DET_CAR,2022,16,CAR,-1.726,-2.875
2022_17_CAR_TB,2022,17,CAR,-2.875,-5.247
2022_18_CAR_NO,2022,18,CAR,-5.247,-5.741
2023_01_CAR_ATL,2023,1,CAR,-3.68,-3.748
2023_02_NO_CAR,2023,2,CAR,-3.748,-2.009
2023_03_CAR_SEA,2023,3,CAR,-2.009,-1.115
2023_04_MIN_CAR,2023,4,CAR,-1.115,1.594
2023_05_CAR_DET,2023,5,CAR,1.594,-0.258
2023_06_CAR_MIA,2023,6,CAR,-0.258,-1.34
2023_08_HOU_CAR,2023,8,CAR,-1.34,-1.01
2023_09_IND_CAR,2023,9,CAR,-1.01,-0.243
2023_10_CAR_CHI,2023,10,CAR,-0.243,-0.462
2023_11_DAL_CAR,2023,11,CAR,-0.462,-0.056
2023_12_CAR_TEN,2023,12,CAR,-0.056,-0.348
2023_13_CAR_TB,2023,13,CAR,-0.348,0.785
2023_14_CAR_NO,2023,14,CAR,0.785,0.723
2023_15_ATL_CAR,2023,15,CAR,0.723,1.441
2023_16_GB_CAR,2023,16,CAR,1.441,0.406
2023_17_CAR_JAX,2023,17,CAR,0.406,0.644
2023_18_TB_CAR,2023,18,CAR,0.644,1.971
2024_01_CAR_NO,2024,1,CAR,1.263,-0.844
2024_02_LAC_CAR,2024,2,CAR,-0.844,-0.08
2024_03_CAR_OAK,2024,3,CAR,-0.08,-0.519
2024_04_CIN_CAR,2024,4,CAR,-0.519,-1.037
2024_05_CAR_CHI,2024,5,CAR,-1.037,-3.532
2024_06_ATL_CAR,2024,6,CAR,-3.532,-2.769
2024_07_CAR_WAS,2024,7,CAR,-2.769,-1.682
2024_08_CAR_DEN,2024,8,CAR,-1.682,-4.088
2024_09_NO_CAR,2024,9,CAR,-4.088,-3.402
2024_10_NYG_CAR,2024,10,CAR,-3.402,-3.453
2024_12_KC_CAR,2024,12,CAR,-3.453,-4.458
2024_13_TB_CAR,2024,13,CAR,-4.458,-2.016
2024_14_CAR_PHI,2024,14,CAR,-2.016,-1.9
2024_15_DAL_CAR,2024,15,CAR,-1.9,-2.835
2024_16_ARI_CAR,2024,16,CAR,-2.835,-2.243
2024_17_CAR_TB,2024,17,CAR,-2.243,-4.945
2024_18_CAR_ATL,2024,18,CAR,-4.945,-7.216
2025_01_CAR_JAX,2025,1,CAR,-4.625,-3.926
2025_02_CAR_ARI,2025,2,CAR,-3.926,-3.992
2025_03_ATL_CAR,2025,3,CAR,-3.992,-2.03
2025_04_CAR_NE,2025,4,CAR,-2.03,-3.426
2025_05_MIA_CAR,2025,5,CAR,-3.426,-4.226
2025_06_DAL_CAR,2025,6,CAR,-4.226,-5.095
2025_07_CAR_NYJ,2025,7,CAR,-5.095,-2.877
2025_08_BUF_CAR,2025,8,CAR,-2.877,-2.251
2025_09_CAR_GB,2025,9,CAR,-2.251,-1.674
2025_10_NO_CAR,2025,10,CAR,-1.674,-3.047
2025_11_CAR_ATL,2025,11,CAR,-3.047,-4.145
2025_12_CAR_SF,2025,12,CAR,-4.145,-2.677
2025_13_LAR_CAR,2025,13,CAR,-2.677,-0.719
2025_15_CAR_NO,2025,15,CAR,-0.719,-2.295
2025_16_TB_CAR,2025,16,CAR,-2.295,-2.009
2025_17_SEA_CAR,2025,17,CAR,-2.009,-0.392
2025_18_CAR_TB,2025,18,CAR,-0.392,-0.3
2025_19_LAR_CAR,2025,19,CAR,-0.3,0.06
2026_01_CHI_CAR,2026,1,CAR,0.038,-2.972
1999_01_KC_CHI,1999,1,CHI,0.0,-0.95
1999_02_SEA_CHI,1999,2,CHI,-0.95,-1.959
1999_03_CHI_OAK,1999,3,CHI,-1.959,-4.679
1999_04_NO_CHI,1999,4,CHI,-4.679,-4.585
1999_05_CHI_MIN,1999,5,CHI,-4.585,-4.747
1999_06_PHI_CHI,1999,6,CHI,-4.747,-6.908
1999_07_CHI_TB,1999,7,CHI,-6.908,-6.992
1999_08_CHI_WAS,1999,8,CHI,-6.992,-8.601
1999_09_CHI_GB,1999,9,CHI,-8.601,-9.23
1999_10_MIN_CHI,1999,10,CHI,-9.23,-10.452
1999_11_CHI_LAC,1999,11,CHI,-10.452,-11.913
1999_12_CHI_DET,1999,12,CHI,-11.913,-15.043
1999_13_GB_CHI,1999,13,CHI,-15.043,-14.355
1999_15_DET_CHI,1999,15,CHI,-14.355,-12.366
1999_16_CHI_LAR,1999,16,CHI,-12.366,-14.519
1999_17_TB_CHI,1999,17,CHI,-14.519,-15.605
2000_01_CHI_MIN,2000,1,CHI,-10.003,-13.166
2000_02_CHI_TB,2000,2,CHI,-13.166,-13.963
2000_03_NYG_CHI,2000,3,CHI,-13.963,-14.491
2000_04_DET_CHI,2000,4,CHI,-14.491,-13.75
2000_05_CHI_GB,2000,5,CHI,-13.75,-15.401
2000_06_NO_CHI,2000,6,CHI,-15.401,-17.506
2000_07_MIN_CHI,2000,7,CHI,-17.506,-17.269
2000_08_CHI_PHI,2000,8,CHI,-17.269,-17.159
2000_10_IND_CHI,2000,10,CHI,-17.159,-16.95
2000_11_CHI_BUF,2000,11,CHI,-16.95,-16.123
2000_12_TB_CHI,2000,12,CHI,-16.123,-15.033
2000_13_CHI_NYJ,2000,13,CHI,-15.033,-15.271
2000_14_GB_CHI,2000,14,CHI,-15.271,-15.972
2000_15_NE_CHI,2000,15,CHI,-15.972,-16.102
2000_16_CHI_SF,2000,16,CHI,-16.102,-17.064
2000_17_CHI_DET,2000,17,CHI,-17.064,-17.303
2001_01_CHI_BAL,2001,1,CHI,-11.091,-12.417
2001_02_MIN_CHI,2001,2,CHI,-12.417,-12.266
2001_04_CHI_ATL,2001,4,CHI,-12.266,-10.381
2001_05_ARI_CHI,2001,5,CHI,-10.381,-10.843
2001_06_CHI_CIN,2001,6,CHI,-10.843,-8.981
2001_07_SF_CHI,2001,7,CHI,-8.981,-8.273
2001_08_CLE_CHI,2001,8,CHI,-8.273,-8.189
2001_09_GB_CHI,2001,9,CHI,-8.189,-8.27
2001_10_CHI_TB,2001,10,CHI,-8.27,-9.798
2001_11_CHI_MIN,2001,11,CHI,-9.798,-8.693
2001_12_DET_CHI,2001,12,CHI,-8.693,-8.935
2001_13_CHI_GB,2001,13,CHI,-8.935,-7.875
2001_14_TB_CHI,2001,14,CHI,-7.875,-6.18
2001_15_CHI_WAS,2001,15,CHI,-6.18,-5.118
2001_16_CHI_DET,2001,16,CHI,-5.118,-5.671
2001_17_JAX_CHI,2001,17,CHI,-5.671,-3.82
2001_19_PHI_CHI,2001,19,CHI,-3.82,-5.291
2002_01_MIN_CHI,2002,1,CHI,-3.392,-2.641
2002_02_CHI_ATL,2002,2,CHI,-2.641,-3.943
2002_03_NO_CHI,2002,3,CHI,-3.943,-5.874
2002_04_CHI_BUF,2002,4,CHI,-5.874,-8.917
2002_05_GB_CHI,2002,5,CHI,-8.917,-10.243
2002_07_CHI_DET,2002,7,CHI,-10.243,-10.535
2002_08_CHI_MIN,2002,8,CHI,-10.535,-12.313
2002_09_PHI_CHI,2002,9,CHI,-12.313,-11.17
2002_10_NE_CHI,2002,10,CHI,-11.17,-12.799
2002_11_CHI_LAR,2002,11,CHI,-12.799,-13.992
2002_12_DET_CHI,2002,12,CHI,-13.992,-12.94
2002_13_CHI_GB,2002,13,CHI,-12.94,-12.843
2002_14_CHI_MIA,2002,14,CHI,-12.843,-12.114
2002_15_NYJ_CHI,2002,15,CHI,-12.114,-12.182
2002_16_CHI_CAR,2002,16,CHI,-12.182,-11.509
2002_17_TB_CHI,2002,17,CHI,-11.509,-10.652
2003_01_CHI_SF,2003,1,CHI,-6.828,-7.887
2003_02_CHI_MIN,2003,2,CHI,-7.887,-8.799
2003_04_GB_CHI,2003,4,CHI,-8.799,-9.88
2003_05_OAK_CHI,2003,5,CHI,-9.88,-7.386
2003_06_CHI_NO,2003,6,CHI,-7.386,-8.447
2003_07_CHI_SEA,2003,7,CHI,-8.447,-8.336
2003_08_DET_CHI,2003,8,CHI,-8.336,-7.575
2003_09_LAC_CHI,2003,9,CHI,-7.575,-6.137
2003_10_CHI_DET,2003,10,CHI,-6.137,-7.584
2003_11_LAR_CHI,2003,11,CHI,-7.584,-6.29
2003_12_CHI_DEN,2003,12,CHI,-6.29,-6.195
2003_13_ARI_CHI,2003,13,CHI,-6.195,-5.137
2003_14_CHI_GB,2003,14,CHI,-5.137,-5.667
2003_15_MIN_CHI,2003,15,CHI,-5.667,-4.683
2003_16_WAS_CHI,2003,16,CHI,-4.683,-6.841
2003_17_CHI_KC,2003,17,CHI,-6.841,-5.922
2004_01_DET_CHI,2004,1,CHI,-3.796,-3.27
2004_02_CHI_GB,2004,2,CHI,-3.27,-3.18
2004_03_CHI_MIN,2004,3,CHI,-3.18,-5.063
2004_04_PHI_CHI,2004,4,CHI,-5.063,-4.427
2004_06_WAS_CHI,2004,6,CHI,-4.427,-3.119
2004_07_CHI_TB,2004,7,CHI,-3.119,-3.415
2004_08_SF_CHI,2004,8,CHI,-3.415,-1.756
2004_09_CHI_NYG,2004,9,CHI,-1.756,1.013
2004_10_CHI_TEN,2004,10,CHI,1.013,-0.255
2004_11_IND_CHI,2004,11,CHI,-0.255,0.167
2004_12_CHI_DAL,2004,12,CHI,0.167,1.465
2004_13_MIN_CHI,2004,13,CHI,1.465,2.832
2004_14_CHI_JAX,2004,14,CHI,2.832,2.168
2004_15_HOU_CHI,2004,15,CHI,2.168,1.604
2004_16_CHI_DET,2004,16,CHI,1.604,1.519
2004_17_GB_CHI,2004,17,CHI,1.519,0.882
2005_01_CHI_WAS,2005,1,CHI,0.565,1.872
2005_02_DET_CHI,2005,2,CHI,1.872,4.916
2005_03_CIN_CHI,2005,3,CHI,4.916,4.076
2005_05_CHI_CLE,2005,5,CHI,4.076,3.799
2005_06_MIN_CHI,2005,6,CHI,3.799,6.162
2005_07_BAL_CHI,2005,7,CHI,6.162,6.638
2005_08_CHI_DET,2005,8,CHI,6.638,6.239
2005_09_CHI_NO,2005,9,CHI,6.239,7.078
2005_10_SF_CHI,2005,10,CHI,7.078,7.901
2005_11_CAR_CHI,2005,11,CHI,7.901,10.724
2005_12_CHI_TB,2005,12,CHI,10.724,10.482
2005_13_GB_CHI,2005,13,CHI,10.482,11.547
2005_14_CHI_PIT,2005,14,CHI,11.547,10.715
2005_15_ATL_CHI,2005,15,CHI,10.715,12.71
2005_16_CHI_GB,2005,16,CHI,12.71,13.879
2005_17_CHI_MIN,2005,17,CHI,13.879,10.608
2005_19_CAR_CHI,2005,19,CHI,10.608,7.825
2006_01_CHI_GB,2006,1,CHI,5.016,7.192
2006_02_DET_CHI,2006,2,CHI,7.192,6.835
2006_03_CHI_MIN,2006,3,CHI,6.835,5.531
2006_04_SEA_CHI,2006,4,CHI,5.531,8.324
2006_05_BUF_CHI,2006,5,CHI,8.324,10.234
2006_06_CHI_ARI,2006,6,CHI,10.234,7.721
2006_08_SF_CHI,2006,8,CHI,7.721,7.377
2006_09_MIA_CHI,2006,9,CHI,7.377,7.486
2006_10_CHI_NYG,2006,10,CHI,7.486,9.66
2006_11_CHI_NYJ,2006,11,CHI,9.66,10.912
2006_12_CHI_NE,2006,12,CHI,10.912,10.513
2006_13_MIN_CHI,2006,13,CHI,10.513,13.26
2006_14_CHI_LAR,2006,14,CHI,13.26,10.851
2006_15_TB_CHI,2006,15,CHI,10.851,11.299
2006_16_CHI_DET,2006,16,CHI,11.299,8.509
2006_17_GB_CHI,2006,17,CHI,8.509,8.386
2006_19_SEA_CHI,2006,19,CHI,8.386,8.767
2006_20_NO_CHI,2006,20,CHI,8.767,8.843
2006_21_IND_CHI,2006,21,CHI,8.843,9.592
2007_01_CHI_LAC,2007,1,CHI,6.148,6.671
2007_02_KC_CHI,2007,2,CHI,6.671,7.007
2007_03_DAL_CHI,2007,3,CHI,7.007,6.153
2007_04_CHI_DET,2007,4,CHI,6.153,4.899
2007_05_CHI_GB,2007,5,CHI,4.899,4.339
2007_06_MIN_CHI,2007,6,CHI,4.339,4.182
2007_07_CHI_PHI,2007,7,CHI,4.182,3.819
2007_08_DET_CHI,2007,8,CHI,3.819,3.851
2007_10_CHI_OAK,2007,10,CHI,3.851,5.107
2007_11_CHI_SEA,2007,11,CHI,5.107,3.147
2007_12_DEN_CHI,2007,12,CHI,3.147,2.385
2007_13_NYG_CHI,2007,13,CHI,2.385,2.801
2007_14_CHI_WAS,2007,14,CHI,2.801,3.099
2007_15_CHI_MIN,2007,15,CHI,3.099,2.831
2007_16_GB_CHI,2007,16,CHI,2.831,4.792
2007_17_NO_CHI,2007,17,CHI,4.792,5.873
2008_01_CHI_IND,2008,1,CHI,3.765,3.477
2008_02_CHI_CAR,2008,2,CHI,3.477,5.531
2008_03_TB_CHI,2008,3,CHI,5.531,4.365
2008_04_PHI_CHI,2008,4,CHI,4.365,5.169
2008_05_CHI_DET,2008,5,CHI,5.169,5.813
2008_06_CHI_ATL,2008,6,CHI,5.813,2.478
2008_07_MIN_CHI,2008,7,CHI,2.478,2.582
2008_09_DET_CHI,2008,9,CHI,2.582,1.898
2008_10_TEN_CHI,2008,10,CHI,1.898,-0.789
2008_11_CHI_GB,2008,11,CHI,-0.789,-2.26
2008_12_CHI_LAR,2008,12,CHI,-2.26,-2.162
2008_13_CHI_MIN,2008,13,CHI,-2.162,-3.869
2008_14_JAX_CHI,2008,14,CHI,-3.869,-2.645
2008_15_NO_CHI,2008,15,CHI,-2.645,-0.896
2008_16_GB_CHI,2008,16,CHI,-0.896,-2.02
2008_17_CHI_HOU,2008,17,CHI,-2.02,-4.875
2009_01_CHI_GB,2009,1,CHI,-3.125,-1.996
2009_02_PIT_CHI,2009,2,CHI,-1.996,-2.661
2009_03_CHI_SEA,2009,3,CHI,-2.661,-2.23
2009_04_DET_CHI,2009,4,CHI,-2.23,-2.55
2009_06_CHI_ATL,2009,6,CHI,-2.55,-2.597
2009_07_CHI_CIN,2009,7,CHI,-2.597,-5.736
2009_08_CLE_CHI,2009,8,CHI,-5.736,-4.149
2009_09_ARI_CHI,2009,9,CHI,-4.149,-6.289
2009_10_CHI_SF,2009,10,CHI,-6.289,-5.753
2009_11_PHI_CHI,2009,11,CHI,-5.753,-5.532
2009_12_CHI_MIN,2009,12,CHI,-5.532,-8.241
2009_13_LAR_CHI,2009,13,CHI,-8.241,-6.29
2009_14_GB_CHI,2009,14,CHI,-6.29,-4.495
2009_15_CHI_BAL,2009,15,CHI,-4.495,-6.918
2009_16_MIN_CHI,2009,16,CHI,-6.918,-7.172
2009_17_CHI_DET,2009,17,CHI,-7.172,-8.959
2010_01_DET_CHI,2010,1,CHI,-5.743,-5.129
2010_02_CHI_DAL,2010,2,CHI,-5.129,-6.389
2010_03_GB_CHI,2010,3,CHI,-6.389,-8.053
2010_04_CHI_NYG,2010,4,CHI,-8.053,-7.131
2010_05_CHI_CAR,2010,5,CHI,-7.131,-4.009
2010_06_SEA_CHI,2010,6,CHI,-4.009,-4.969
2010_07_WAS_CHI,2010,7,CHI,-4.969,-3.037
2010_09_CHI_BUF,2010,9,CHI,-3.037,-4.018
2010_10_MIN_CHI,2010,10,CHI,-4.018,-2.233
2010_11_CHI_MIA,2010,11,CHI,-2.233,-0.335
2010_12_PHI_CHI,2010,12,CHI,-0.335,-0.88
2010_13_CHI_DET,2010,13,CHI,-0.88,-3.272
2010_14_NE_CHI,2010,14,CHI,-3.272,-4.061
2010_15_CHI_MIN,2010,15,CHI,-4.061,-3.263
2010_16_NYJ_CHI,2010,16,CHI,-3.263,-4.425
2010_17_CHI_GB,2010,17,CHI,-4.425,-3.627
2010_19_SEA_CHI,2010,19,CHI,-3.627,-4.975
2010_20_GB_CHI,2010,20,CHI,-4.975,-3.94
2011_01_ATL_CHI,2011,1,CHI,-2.526,-1.26
2011_02_CHI_NO,2011,2,CHI,-1.26,-2.848
2011_03_GB_CHI,2011,3,CHI,-2.848,-3.284
2011_04_CAR_CHI,2011,4,CHI,-3.284,-5.975
2011_05_CHI_DET,2011,5,CHI,-5.975,-6.884
2011_06_MIN_CHI,2011,6,CHI,-6.884,-5.619
2011_07_CHI_TB,2011,7,CHI,-5.619,-4.182
2011_09_CHI_PHI,2011,9,CHI,-4.182,-2.633
2011_10_DET_CHI,2011,10,CHI,-2.633,-0.059
2011_11_LAC_CHI,2011,11,CHI,-0.059,-0.9
2011_12_CHI_OAK,2011,12,CHI,-0.9,0.297
2011_13_KC_CHI,2011,13,CHI,0.297,-0.532
2011_14_CHI_DEN,2011,14,CHI,-0.532,0.539
2011_15_SEA_CHI,2011,15,CHI,0.539,-0.162
2011_16_CHI_GB,2011,16,CHI,-0.162,-2.299
2011_17_CHI_MIN,2011,17,CHI,-2.299,-2.11
2012_01_IND_CHI,2012,1,CHI,-1.352,-0.124
2012_02_CHI_GB,2012,2,CHI,-0.124,2.401
2012_03_LAR_CHI,2012,3,CHI,2.401,5.461
2012_04_CHI_DAL,2012,4,CHI,5.461,5.928
2012_05_CHI_JAX,2012,5,CHI,5.928,7.671
2012_07_DET_CHI,2012,7,CHI,7.671,8.424
2012_08_CAR_CHI,2012,8,CHI,8.424,8.866
2012_09_CHI_TEN,2012,9,CHI,8.866,8.853
2012_10_HOU_CHI,2012,10,CHI,8.853,11.349
2012_11_CHI_SF,2012,11,CHI,11.349,9.016
2012_12_MIN_CHI,2012,12,CHI,9.016,10.082
2012_13_SEA_CHI,2012,13,CHI,10.082,7.297
2012_14_CHI_MIN,2012,14,CHI,7.297,7.498
2012_15_GB_CHI,2012,15,CHI,7.498,6.574
2012_16_CHI_ARI,2012,16,CHI,6.574,5.907
2012_17_CHI_DET,2012,17,CHI,5.907,4.738
2013_01_CIN_CHI,2013,1,CHI,3.037,1.685
2013_02_MIN_CHI,2013,2,CHI,1.685,1.961
2013_03_CHI_PIT,2013,3,CHI,1.961,1.197
2013_04_CHI_DET,2013,4,CHI,1.197,0.457
2013_05_NO_CHI,2013,5,CHI,0.457,-0.165
2013_06_NYG_CHI,2013,6,CHI,-0.165,1.03
2013_07_CHI_WAS,2013,7,CHI,1.03,-0.962
2013_09_CHI_GB,2013,9,CHI,-0.962,1.483
2013_10_DET_CHI,2013,10,CHI,1.483,2.355
2013_11_BAL_CHI,2013,11,CHI,2.355,3.527
2013_12_CHI_LAR,2013,12,CHI,3.527,3.055
2013_13_CHI_MIN,2013,13,CHI,3.055,4.43
2013_14_DAL_CHI,2013,14,CHI,4.43,4.486
2013_15_CHI_CLE,2013,15,CHI,4.486,3.918
2013_16_CHI_PHI,2013,16,CHI,3.918,2.537
2013_17_GB_CHI,2013,17,CHI,2.537,2.916
2014_01_BUF_CHI,2014,1,CHI,1.869,0.946
2014_02_CHI_SF,2014,2,CHI,0.946,2.24
2014_03_CHI_NYJ,2014,3,CHI,2.24,2.071
2014_04_GB_CHI,2014,4,CHI,2.071,-0.207
2014_05_CHI_CAR,2014,5,CHI,-0.207,0.21
2014_06_CHI_ATL,2014,6,CHI,0.21,1.559
2014_07_MIA_CHI,2014,7,CHI,1.559,-0.445
2014_08_CHI_NE,2014,8,CHI,-0.445,-4.283
2014_10_CHI_GB,2014,10,CHI,-4.283,-6.605
2014_11_MIN_CHI,2014,11,CHI,-6.605,-6.198
2014_12_TB_CHI,2014,12,CHI,-6.198,-4.553
2014_13_CHI_DET,2014,13,CHI,-4.553,-7.844
2014_14_DAL_CHI,2014,14,CHI,-7.844,-8.305
2014_15_NO_CHI,2014,15,CHI,-8.305,-9.068
2014_16_DET_CHI,2014,16,CHI,-9.068,-6.11
2014_17_CHI_MIN,2014,17,CHI,-6.11,-6.085
2015_01_GB_CHI,2015,1,CHI,-3.901,-5.017
2015_02_ARI_CHI,2015,2,CHI,-5.017,-5.63
2015_03_CHI_SEA,2015,3,CHI,-5.63,-4.992
2015_04_OAK_CHI,2015,4,CHI,-4.992,-4.451
2015_05_CHI_KC,2015,5,CHI,-4.451,-3.667
2015_06_CHI_DET,2015,6,CHI,-3.667,-7.092
2015_08_MIN_CHI,2015,8,CHI,-7.092,-6.795
2015_09_CHI_LAC,2015,9,CHI,-6.795,-6.138
2015_10_CHI_LAR,2015,10,CHI,-6.138,-5.272
2015_11_DEN_CHI,2015,11,CHI,-5.272,-5.886
2015_12_CHI_GB,2015,12,CHI,-5.886,-4.501
2015_13_SF_CHI,2015,13,CHI,-4.501,-6.077
2015_14_WAS_CHI,2015,14,CHI,-6.077,-6.873
2015_15_CHI_MIN,2015,15,CHI,-6.873,-9.853
2015_16_CHI_TB,2015,16,CHI,-9.853,-9.806
2015_17_DET_CHI,2015,17,CHI,-9.806,-10.071
2016_01_CHI_HOU,2016,1,CHI,-6.456,-7.445
2016_02_PHI_CHI,2016,2,CHI,-7.445,-6.949
2016_03_CHI_DAL,2016,3,CHI,-6.949,-10.716
2016_04_DET_CHI,2016,4,CHI,-10.716,-8.23
2016_05_CHI_IND,2016,5,CHI,-8.23,-9.215
2016_06_JAX_CHI,2016,6,CHI,-9.215,-8.564
2016_07_CHI_GB,2016,7,CHI,-8.564,-10.028
2016_08_MIN_CHI,2016,8,CHI,-10.028,-8.563
2016_10_CHI_TB,2016,10,CHI,-8.563,-8.379
2016_11_CHI_NYG,2016,11,CHI,-8.379,-8.573
2016_12_TEN_CHI,2016,12,CHI,-8.573,-9.597
2016_13_SF_CHI,2016,13,CHI,-9.597,-5.88
2016_14_CHI_DET,2016,14,CHI,-5.88,-4.732
2016_15_GB_CHI,2016,15,CHI,-4.732,-3.511
2016_16_WAS_CHI,2016,16,CHI,-3.511,-4.817
2016_17_CHI_MIN,2016,17,CHI,-4.817,-7.157
2017_01_ATL_CHI,2017,1,CHI,-4.588,-4.566
2017_02_CHI_TB,2017,2,CHI,-4.566,-4.141
2017_03_PIT_CHI,2017,3,CHI,-4.141,-3.195
2017_04_CHI_GB,2017,4,CHI,-3.195,-3.309
2017_05_MIN_CHI,2017,5,CHI,-3.309,0.323
2017_06_CHI_BAL,2017,6,CHI,0.323,2.259
2017_07_CAR_CHI,2017,7,CHI,2.259,3.823
2017_08_CHI_NO,2017,8,CHI,3.823,3.519
2017_10_GB_CHI,2017,10,CHI,3.519,2.714
2017_11_DET_CHI,2017,11,CHI,2.714,2.272
2017_12_CHI_PHI,2017,12,CHI,2.272,0.636
2017_13_SF_CHI,2017,13,CHI,0.636,0.294
2017_14_CHI_CIN,2017,14,CHI,0.294,1.967
2017_15_CHI_DET,2017,15,CHI,1.967,1.314
2017_16_CLE_CHI,2017,16,CHI,1.314,2.359
2017_17_CHI_MIN,2017,17,CHI,2.359,1.929
2018_01_CHI_GB,2018,1,CHI,1.237,0.204
2018_02_SEA_CHI,2018,2,CHI,0.204,1.601
2018_03_CHI_ARI,2018,3,CHI,1.601,2.172
2018_04_TB_CHI,2018,4,CHI,2.172,4.852
2018_06_CHI_MIA,2018,6,CHI,4.852,2.477
2018_07_NE_CHI,2018,7,CHI,2.477,1.879
2018_08_NYJ_CHI,2018,8,CHI,1.879,1.504
2018_09_CHI_BUF,2018,9,CHI,1.504,1.534
2018_10_DET_CHI,2018,10,CHI,1.534,3.557
2018_11_MIN_CHI,2018,11,CHI,3.557,4.333
2018_12_CHI_DET,2018,12,CHI,4.333,4.604
2018_13_CHI_NYG,2018,13,CHI,4.604,6.144
2018_14_LAR_CHI,2018,14,CHI,6.144,10.64
2018_15_GB_CHI,2018,15,CHI,10.64,12.081
2018_16_CHI_SF,2018,16,CHI,12.081,11.826
2018_17_CHI_MIN,2018,17,CHI,11.826,12.54
2018_18_PHI_CHI,2018,18,CHI,12.54,12.468
2019_01_GB_CHI,2019,1,CHI,7.992,9.604
2019_02_CHI_DEN,2019,2,CHI,9.604,8.764
2019_03_CHI_WAS,2019,3,CHI,8.764,9.234
2019_04_MIN_CHI,2019,4,CHI,9.234,10.354
2019_05_CHI_OAK,2019,5,CHI,10.354,9.11
2019_07_NO_CHI,2019,7,CHI,9.11,7.84
2019_08_LAC_CHI,2019,8,CHI,7.84,8.357
2019_09_CHI_PHI,2019,9,CHI,8.357,8.536
2019_10_DET_CHI,2019,10,CHI,8.536,7.211
2019_11_CHI_LAR,2019,11,CHI,7.211,7.986
2019_12_NYG_CHI,2019,12,CHI,7.986,7.041
2019_13_CHI_DET,2019,13,CHI,7.041,5.029
2019_14_DAL_CHI,2019,14,CHI,5.029,6.062
2019_15_CHI_GB,2019,15,CHI,6.062,6.001
2019_16_KC_CHI,2019,16,CHI,6.001,4.884
2019_17_CHI_MIN,2019,17,CHI,4.884,4.77
2020_01_CHI_DET,2020,1,CHI,3.058,2.377
2020_02_NYG_CHI,2020,2,CHI,2.377,3.39
2020_03_CHI_ATL,2020,3,CHI,3.39,4.762
2020_04_IND_CHI,2020,4,CHI,4.762,5.608
2020_05_TB_CHI,2020,5,CHI,5.608,6.601
2020_06_CHI_CAR,2020,6,CHI,6.601,8.703
2020_07_CHI_LAR,2020,7,CHI,8.703,7.254
2020_08_NO_CHI,2020,8,CHI,7.254,6.67
2020_09_CHI_TEN,2020,9,CHI,6.67,7.97
2020_10_MIN_CHI,2020,10,CHI,7.97,7.169
2020_12_CHI_GB,2020,12,CHI,7.169,5.93
2020_13_DET_CHI,2020,13,CHI,5.93,4.523
2020_14_HOU_CHI,2020,14,CHI,4.523,6.29
2020_15_CHI_MIN,2020,15,CHI,6.29,5.308
2020_16_CHI_JAX,2020,16,CHI,5.308,5.001
2020_17_GB_CHI,2020,17,CHI,5.001,4.154
2020_18_CHI_NO,2020,18,CHI,4.154,2.811
2021_01_CHI_LAR,2021,1,CHI,1.802,-0.475
2021_02_CIN_CHI,2021,2,CHI,-0.475,2.015
2021_03_CHI_CLE,2021,3,CHI,2.015,2.324
2021_04_DET_CHI,2021,4,CHI,2.324,2.633
2021_05_CHI_OAK,2021,5,CHI,2.633,3.805
2021_06_GB_CHI,2021,6,CHI,3.805,3.569
2021_07_CHI_TB,2021,7,CHI,3.569,3.433
2021_08_SF_CHI,2021,8,CHI,3.433,1.193
2021_09_CHI_PIT,2021,9,CHI,1.193,1.583
2021_11_BAL_CHI,2021,11,CHI,1.583,2.111
2021_12_CHI_DET,2021,12,CHI,2.111,0.4
2021_13_ARI_CHI,2021,13,CHI,0.4,-0.449
2021_14_CHI_GB,2021,14,CHI,-0.449,-1.88
2021_15_MIN_CHI,2021,15,CHI,-1.88,1.544
2021_16_CHI_SEA,2021,16,CHI,1.544,1.43
2021_17_NYG_CHI,2021,17,CHI,1.43,4.369
2021_18_CHI_MIN,2021,18,CHI,4.369,3.698
2022_01_SF_CHI,2022,1,CHI,2.37,2.828
2022_02_CHI_GB,2022,2,CHI,2.828,1.94
2022_03_HOU_CHI,2022,3,CHI,1.94,1.777
2022_04_CHI_NYG,2022,4,CHI,1.777,-0.262
2022_05_CHI_MIN,2022,5,CHI,-0.262,-1.995
2022_06_WAS_CHI,2022,6,CHI,-1.995,-0.558
2022_07_CHI_NE,2022,7,CHI,-0.558,0.578
2022_08_CHI_DAL,2022,8,CHI,0.578,-1.506
2022_09_MIA_CHI,2022,9,CHI,-1.506,-2.886
2022_10_DET_CHI,2022,10,CHI,-2.886,-2.724
2022_11_CHI_ATL,2022,11,CHI,-2.724,-3.904
2022_12_CHI_NYJ,2022,12,CHI,-3.904,-6.524
2022_13_GB_CHI,2022,13,CHI,-6.524,-5.694
2022_15_PHI_CHI,2022,15,CHI,-5.694,-6.443
2022_16_BUF_CHI,2022,16,CHI,-6.443,-5.803
2022_17_CHI_DET,2022,17,CHI,-5.803,-7.096
2022_18_MIN_CHI,2022,18,CHI,-7.096,-7.188
2023_01_GB_CHI,2023,1,CHI,-4.607,-6.531
2023_02_CHI_TB,2023,2,CHI,-6.531,-9.569
2023_03_CHI_KC,2023,3,CHI,-9.569,-11.335
2023_04_DEN_CHI,2023,4,CHI,-11.335,-12.054
2023_05_CHI_WAS,2023,5,CHI,-12.054,-13.378
2023_06_MIN_CHI,2023,6,CHI,-13.378,-11.693
2023_07_OAK_CHI,2023,7,CHI,-11.693,-9.377
2023_08_CHI_LAC,2023,8,CHI,-9.377,-11.875
2023_09_CHI_NO,2023,9,CHI,-11.875,-13.173
2023_10_CAR_CHI,2023,10,CHI,-13.173,-12.087
2023_11_CHI_DET,2023,11,CHI,-12.087,-10.59
2023_12_CHI_MIN,2023,12,CHI,-10.59,-8.907
2023_14_DET_CHI,2023,14,CHI,-8.907,-5.206
2023_15_CHI_CLE,2023,15,CHI,-5.206,-4.575
2023_16_ARI_CHI,2023,16,CHI,-4.575,-4.589
2023_17_ATL_CHI,2023,17,CHI,-4.589,-2.747
2023_18_CHI_GB,2023,18,CHI,-2.747,-4.191
2024_01_TEN_CHI,2024,1,CHI,-2.686,-1.591
2024_02_CHI_HOU,2024,2,CHI,-1.591,-1.722
2024_03_CHI_IND,2024,3,CHI,-1.722,-0.706
2024_04_LAR_CHI,2024,4,CHI,-0.706,0.9
2024_05_CAR_CHI,2024,5,CHI,0.9,2.956
2024_06_JAX_CHI,2024,6,CHI,2.956,3.155
2024_08_CHI_WAS,2024,8,CHI,3.155,2.217
2024_09_CHI_ARI,2024,9,CHI,2.217,3.55
2024_10_NE_CHI,2024,10,CHI,3.55,3.637
2024_11_GB_CHI,2024,11,CHI,3.637,2.799
2024_12_MIN_CHI,2024,12,CHI,2.799,1.953
2024_13_CHI_DET,2024,13,CHI,1.953,1.356
2024_14_CHI_SF,2024,14,CHI,1.356,-0.209
2024_15_CHI_MIN,2024,15,CHI,-0.209,-0.076
2024_16_DET_CHI,2024,16,CHI,-0.076,-0.893
2024_17_SEA_CHI,2024,17,CHI,-0.893,0.006
2024_18_CHI_GB,2024,18,CHI,0.006,1.142
2025_01_MIN_CHI,2025,1,CHI,0.732,0.488
2025_02_CHI_DET,2025,2,CHI,0.488,-3.454
2025_03_DAL_CHI,2025,3,CHI,-3.454,-2.272
2025_04_CHI_OAK,2025,4,CHI,-2.272,-2.183
2025_06_CHI_WAS,2025,6,CHI,-2.183,-2.573
2025_07_NO_CHI,2025,7,CHI,-2.573,-0.833
2025_08_CHI_BAL,2025,8,CHI,-0.833,-2.027
2025_09_CHI_CIN,2025,9,CHI,-2.027,-3.82
2025_10_NYG_CHI,2025,10,CHI,-3.82,-5.902
2025_11_CHI_MIN,2025,11,CHI,-5.902,-5.393
2025_12_PIT_CHI,2025,12,CHI,-5.393,-5.012
2025_13_CHI_PHI,2025,13,CHI,-5.012,-4.965
2025_14_CHI_GB,2025,14,CHI,-4.965,-5.446
2025_15_CLE_CHI,2025,15,CHI,-5.446,-3.131
2025_16_GB_CHI,2025,16,CHI,-3.131,-1.497
2025_17_CHI_SF,2025,17,CHI,-1.497,-3.756
2025_18_DET_CHI,2025,18,CHI,-3.756,-2.886
2025_19_GB_CHI,2025,19,CHI,-2.886,-4.268
2025_20_LAR_CHI,2025,20,CHI,-4.268,-1.427
2026_01_CHI_CAR,2026,1,CHI,-0.915,-2.923
1999_01_CIN_TEN,1999,1,CIN,0.0,-3.204
1999_02_LAC_CIN,1999,2,CIN,-3.204,-3.188
1999_03_CIN_CAR,1999,3,CIN,-3.188,-4.682
1999_04_LAR_CIN,1999,4,CIN,-4.682,-7.534
1999_05_CIN_CLE,1999,5,CIN,-7.534,-6.452
1999_06_PIT_CIN,1999,6,CIN,-6.452,-5.87
1999_07_CIN_IND,1999,7,CIN,-5.87,-7.044
1999_08_JAX_CIN,1999,8,CIN,-7.044,-7.939
1999_09_CIN_SEA,1999,9,CIN,-7.939,-8.909
1999_10_TEN_CIN,1999,10,CIN,-8.909,-8.437
1999_11_BAL_CIN,1999,11,CIN,-8.437,-8.469
1999_12_CIN_PIT,1999,12,CIN,-8.469,-6.715
1999_13_SF_CIN,1999,13,CIN,-6.715,-10.84
1999_14_CLE_CIN,1999,14,CIN,-10.84,-10.415
1999_16_CIN_BAL,1999,16,CIN,-10.415,-9.942
1999_17_CIN_JAX,1999,17,CIN,-9.942,-12.108
2000_02_CLE_CIN,2000,2,CIN,-7.761,-8.708
2000_03_CIN_JAX,2000,3,CIN,-8.708,-7.878
2000_04_CIN_BAL,2000,4,CIN,-7.878,-8.949
2000_05_MIA_CIN,2000,5,CIN,-8.949,-10.162
2000_06_TEN_CIN,2000,6,CIN,-10.162,-9.708
2000_07_CIN_PIT,2000,7,CIN,-9.708,-9.346
2000_08_DEN_CIN,2000,8,CIN,-9.346,-10.452
2000_09_CIN_CLE,2000,9,CIN,-10.452,-10.13
2000_10_BAL_CIN,2000,10,CIN,-10.13,-12.116
2000_11_CIN_DAL,2000,11,CIN,-12.116,-14.177
2000_12_CIN_NE,2000,12,CIN,-14.177,-14.114
2000_13_PIT_CIN,2000,13,CIN,-14.114,-15.843
2000_14_ARI_CIN,2000,14,CIN,-15.843,-16.365
2000_15_CIN_TEN,2000,15,CIN,-16.365,-16.855
2000_16_JAX_CIN,2000,16,CIN,-16.855,-17.815
2000_17_CIN_PHI,2000,17,CIN,-17.815,-16.668
2001_01_NE_CIN,2001,1,CIN,-10.684,-10.835
2001_02_BAL_CIN,2001,2,CIN,-10.835,-8.877
2001_03_CIN_LAC,2001,3,CIN,-8.877,-7.94
2001_04_CIN_PIT,2001,4,CIN,-7.94,-9.376
2001_05_CLE_CIN,2001,5,CIN,-9.376,-9.296
2001_06_CHI_CIN,2001,6,CIN,-9.296,-11.28
2001_07_CIN_DET,2001,7,CIN,-11.28,-11.299
2001_10_TEN_CIN,2001,10,CIN,-11.299,-11.859
2001_11_CIN_CLE,2001,11,CIN,-11.859,-10.711
2001_12_TB_CIN,2001,12,CIN,-10.711,-9.881
2001_13_JAX_CIN,2001,13,CIN,-9.881,-8.779
2001_14_CIN_NYJ,2001,14,CIN,-8.779,-9.965
2001_15_CIN_BAL,2001,15,CIN,-9.965,-7.972
2001_16_PIT_CIN,2001,16,CIN,-7.972,-6.445
2001_17_CIN_TEN,2001,17,CIN,-6.445,-6.19
2002_01_LAC_CIN,2002,1,CIN,-3.968,-5.893
2002_02_CIN_CLE,2002,2,CIN,-5.893,-7.055
2002_03_CIN_ATL,2002,3,CIN,-7.055,-9.683
2002_04_TB_CIN,2002,4,CIN,-9.683,-10.05
2002_05_CIN_IND,2002,5,CIN,-10.05,-11.385
2002_06_PIT_CIN,2002,6,CIN,-11.385,-10.847
2002_08_TEN_CIN,2002,8,CIN,-10.847,-11.685
2002_09_CIN_HOU,2002,9,CIN,-11.685,-11.629
2002_10_CIN_BAL,2002,10,CIN,-11.629,-11.331
2002_11_CLE_CIN,2002,11,CIN,-11.331,-12.89
2002_12_CIN_PIT,2002,12,CIN,-12.89,-14.615
2002_13_BAL_CIN,2002,13,CIN,-14.615,-14.491
2002_14_CIN_CAR,2002,14,CIN,-14.491,-17.197
2002_15_JAX_CIN,2002,15,CIN,-17.197,-18.024
2002_16_NO_CIN,2002,16,CIN,-18.024,-16.018
2002_17_CIN_BUF,2002,17,CIN,-16.018,-17.356
2003_01_DEN_CIN,2003,1,CIN,-11.125,-8.865
2003_02_CIN_OAK,2003,2,CIN,-8.865,-7.034
2003_03_PIT_CIN,2003,3,CIN,-7.034,-6.915
2003_04_CIN_CLE,2003,4,CIN,-6.915,-7.762
2003_05_CIN_BUF,2003,5,CIN,-7.762,-6.975
2003_07_BAL_CIN,2003,7,CIN,-6.975,-7.765
2003_08_SEA_CIN,2003,8,CIN,-7.765,-8.2
2003_09_CIN_ARI,2003,9,CIN,-8.2,-8.724
2003_10_HOU_CIN,2003,10,CIN,-8.724,-7.999
2003_11_KC_CIN,2003,11,CIN,-7.999,-9.177
2003_12_CIN_LAC,2003,12,CIN,-9.177,-9.173
2003_13_CIN_PIT,2003,13,CIN,-9.173,-9.362
2003_14_CIN_BAL,2003,14,CIN,-9.362,-8.263
2003_15_SF_CIN,2003,15,CIN,-8.263,-11.954
2003_16_CIN_LAR,2003,16,CIN,-11.954,-12.739
2003_17_CLE_CIN,2003,17,CIN,-12.739,-12.169
2004_01_CIN_NYJ,2004,1,CIN,-7.8,-8.84
2004_02_MIA_CIN,2004,2,CIN,-8.84,-8.051
2004_03_BAL_CIN,2004,3,CIN,-8.051,-9.02
2004_04_CIN_PIT,2004,4,CIN,-9.02,-9.492
2004_06_CIN_CLE,2004,6,CIN,-9.492,-10.674
2004_07_DEN_CIN,2004,7,CIN,-10.674,-8.779
2004_08_CIN_TEN,2004,8,CIN,-8.779,-9.111
2004_09_DAL_CIN,2004,9,CIN,-9.111,-7.349
2004_10_CIN_WAS,2004,10,CIN,-7.349,-4.984
2004_11_PIT_CIN,2004,11,CIN,-4.984,-3.277
2004_12_CLE_CIN,2004,12,CIN,-3.277,-6.747
2004_13_CIN_BAL,2004,13,CIN,-6.747,-6.534
2004_14_CIN_NE,2004,14,CIN,-6.534,-7.433
2004_15_BUF_CIN,2004,15,CIN,-7.433,-8.057
2004_16_NYG_CIN,2004,16,CIN,-8.057,-7.445
2004_17_CIN_PHI,2004,17,CIN,-7.445,-6.34
2005_01_CIN_CLE,2005,1,CIN,-4.064,-4.869
2005_02_MIN_CIN,2005,2,CIN,-4.869,-1.44
2005_03_CIN_CHI,2005,3,CIN,-1.44,1.297
2005_04_HOU_CIN,2005,4,CIN,1.297,1.705
2005_05_CIN_JAX,2005,5,CIN,1.705,1.559
2005_06_CIN_TEN,2005,6,CIN,1.559,2.109
2005_07_PIT_CIN,2005,7,CIN,2.109,2.989
2005_08_GB_CIN,2005,8,CIN,2.989,4.829
2005_09_CIN_BAL,2005,9,CIN,4.829,3.988
2005_11_IND_CIN,2005,11,CIN,3.988,3.759
2005_12_BAL_CIN,2005,12,CIN,3.759,3.353
2005_13_CIN_PIT,2005,13,CIN,3.353,1.869
2005_14_CLE_CIN,2005,14,CIN,1.869,0.865
2005_15_CIN_DET,2005,15,CIN,0.865,1.609
2005_16_BUF_CIN,2005,16,CIN,1.609,-0.005
2005_17_CIN_KC,2005,17,CIN,-0.005,-1.333
2005_18_PIT_CIN,2005,18,CIN,-1.333,-2.994
2006_01_CIN_KC,2006,1,CIN,-1.919,-0.049
2006_02_CLE_CIN,2006,2,CIN,-0.049,-0.969
2006_03_CIN_PIT,2006,3,CIN,-0.969,1.818
2006_04_NE_CIN,2006,4,CIN,1.818,1.356
2006_06_CIN_TB,2006,6,CIN,1.356,0.595
2006_07_CAR_CIN,2006,7,CIN,0.595,0.552
2006_08_ATL_CIN,2006,8,CIN,0.552,-1.802
2006_09_CIN_BAL,2006,9,CIN,-1.802,-2.431
2006_10_LAC_CIN,2006,10,CIN,-2.431,-4.242
2006_11_CIN_NO,2006,11,CIN,-4.242,-5.909
2006_12_CIN_CLE,2006,12,CIN,-5.909,-3.223
2006_13_BAL_CIN,2006,13,CIN,-3.223,-4.323
2006_14_OAK_CIN,2006,14,CIN,-4.323,-3.725
2006_15_CIN_IND,2006,15,CIN,-3.725,-6.51
2006_16_CIN_DEN,2006,16,CIN,-6.51,-5.909
2006_17_PIT_CIN,2006,17,CIN,-5.909,-6.933
2007_01_BAL_CIN,2007,1,CIN,-4.444,-3.154
2007_02_CIN_CLE,2007,2,CIN,-3.154,-6.862
2007_03_CIN_SEA,2007,3,CIN,-6.862,-6.748
2007_04_NE_CIN,2007,4,CIN,-6.748,-7.471
2007_06_CIN_KC,2007,6,CIN,-7.471,-8.118
2007_07_NYJ_CIN,2007,7,CIN,-8.118,-9.142
2007_08_PIT_CIN,2007,8,CIN,-9.142,-9.756
2007_09_CIN_BUF,2007,9,CIN,-9.756,-11.486
2007_10_CIN_BAL,2007,10,CIN,-11.486,-9.956
2007_11_ARI_CIN,2007,11,CIN,-9.956,-9.508
2007_12_TEN_CIN,2007,12,CIN,-9.508,-9.176
2007_13_CIN_PIT,2007,13,CIN,-9.176,-9.555
2007_14_LAR_CIN,2007,14,CIN,-9.555,-9.117
2007_15_CIN_SF,2007,15,CIN,-9.117,-11.095
2007_16_CLE_CIN,2007,16,CIN,-11.095,-10.075
2007_17_CIN_MIA,2007,17,CIN,-10.075,-10.609
2008_01_CIN_BAL,2008,1,CIN,-6.8,-7.606
2008_02_TEN_CIN,2008,2,CIN,-7.606,-7.944
2008_03_CIN_NYG,2008,3,CIN,-7.944,-8.927
2008_04_CLE_CIN,2008,4,CIN,-8.927,-8.613
2008_05_CIN_DAL,2008,5,CIN,-8.613,-8.235
2008_06_CIN_NYJ,2008,6,CIN,-8.235,-6.975
2008_07_PIT_CIN,2008,7,CIN,-6.975,-7.908
2008_08_CIN_HOU,2008,8,CIN,-7.908,-10.85
2008_09_JAX_CIN,2008,9,CIN,-10.85,-9.371
2008_11_PHI_CIN,2008,11,CIN,-9.371,-7.198
2008_12_CIN_PIT,2008,12,CIN,-7.198,-9.056
2008_13_BAL_CIN,2008,13,CIN,-9.056,-10.381
2008_14_CIN_IND,2008,14,CIN,-10.381,-12.769
2008_15_WAS_CIN,2008,15,CIN,-12.769,-13.407
2008_16_CIN_CLE,2008,16,CIN,-13.407,-11.511
2008_17_KC_CIN,2008,17,CIN,-11.511,-11.34
2009_01_DEN_CIN,2009,1,CIN,-7.269,-7.327
2009_02_CIN_GB,2009,2,CIN,-7.327,-6.539
2009_03_PIT_CIN,2009,3,CIN,-6.539,-7.729
2009_04_CIN_CLE,2009,4,CIN,-7.729,-8.136
2009_05_CIN_BAL,2009,5,CIN,-8.136,-7.281
2009_06_HOU_CIN,2009,6,CIN,-7.281,-8.664
2009_07_CHI_CIN,2009,7,CIN,-8.664,-7.363
2009_09_BAL_CIN,2009,9,CIN,-7.363,-4.628
2009_10_CIN_PIT,2009,10,CIN,-4.628,-2.145
2009_11_CIN_OAK,2009,11,CIN,-2.145,-2.878
2009_12_CLE_CIN,2009,12,CIN,-2.878,-2.796
2009_13_DET_CIN,2009,13,CIN,-2.796,-0.332
2009_14_CIN_MIN,2009,14,CIN,-0.332,0.57
2009_15_CIN_LAC,2009,15,CIN,0.57,0.719
2009_16_KC_CIN,2009,16,CIN,0.719,0.493
2009_17_CIN_NYJ,2009,17,CIN,0.493,0.298
2009_18_NYJ_CIN,2009,18,CIN,0.298,-1.47
2010_01_CIN_NE,2010,1,CIN,-0.942,-2.489
2010_02_BAL_CIN,2010,2,CIN,-2.489,0.166
2010_03_CIN_CAR,2010,3,CIN,0.166,0.737
2010_04_CIN_CLE,2010,4,CIN,0.737,1.103
2010_05_TB_CIN,2010,5,CIN,1.103,0.578
2010_07_CIN_ATL,2010,7,CIN,0.578,-2.345
2010_08_MIA_CIN,2010,8,CIN,-2.345,-1.959
2010_09_PIT_CIN,2010,9,CIN,-1.959,-1.318
2010_10_CIN_IND,2010,10,CIN,-1.318,-0.013
2010_11_BUF_CIN,2010,11,CIN,-0.013,-1.87
2010_12_CIN_NYJ,2010,12,CIN,-1.87,-0.744
2010_13_NO_CIN,2010,13,CIN,-0.744,-0.954
2010_14_CIN_PIT,2010,14,CIN,-0.954,-0.545
2010_15_CLE_CIN,2010,15,CIN,-0.545,-1.94
2010_16_LAC_CIN,2010,16,CIN,-1.94,-1.907
2010_17_CIN_BAL,2010,17,CIN,-1.907,0.172
2011_01_CIN_CLE,2011,1,CIN,0.11,0.182
2011_02_CIN_DEN,2011,2,CIN,0.182,-0.119
2011_03_SF_CIN,2011,3,CIN,-0.119,0.685
2011_04_BUF_CIN,2011,4,CIN,0.685,1.03
2011_05_CIN_JAX,2011,5,CIN,1.03,0.662
2011_06_IND_CIN,2011,6,CIN,0.662,-0.109
2011_08_CIN_SEA,2011,8,CIN,-0.109,0.485
2011_09_CIN_TEN,2011,9,CIN,0.485,-0.522
2011_10_PIT_CIN,2011,10,CIN,-0.522,0.871
2011_11_CIN_BAL,2011,11,CIN,0.871,0.024
2011_12_CLE_CIN,2011,12,CIN,0.024,0.233
2011_13_CIN_PIT,2011,13,CIN,0.233,0.038
2011_14_HOU_CIN,2011,14,CIN,0.038,-0.868
2011_15_CIN_LAR,2011,15,CIN,-0.868,-3.097
2011_16_ARI_CIN,2011,16,CIN,-3.097,-1.829
2011_17_BAL_CIN,2011,17,CIN,-1.829,-2.47
2011_18_CIN_HOU,2011,18,CIN,-2.47,-3.338
2012_01_CIN_BAL,2012,1,CIN,-2.14,-3.426
2012_02_CLE_CIN,2012,2,CIN,-3.426,-5.885
2012_03_CIN_WAS,2012,3,CIN,-5.885,-6.35
2012_04_CIN_JAX,2012,4,CIN,-6.35,-5.572
2012_05_MIA_CIN,2012,5,CIN,-5.572,-5.212
2012_06_CIN_CLE,2012,6,CIN,-5.212,-5.699
2012_07_PIT_CIN,2012,7,CIN,-5.699,-5.169
2012_09_DEN_CIN,2012,9,CIN,-5.169,-5.153
2012_10_NYG_CIN,2012,10,CIN,-5.153,-3.022
2012_11_CIN_KC,2012,11,CIN,-3.022,-2.363
2012_12_OAK_CIN,2012,12,CIN,-2.363,-0.201
2012_13_CIN_LAC,2012,13,CIN,-0.201,0.77
2012_14_DAL_CIN,2012,14,CIN,0.77,2.411
2012_15_CIN_PHI,2012,15,CIN,2.411,2.799
2012_16_CIN_PIT,2012,16,CIN,2.799,5.147
2012_17_BAL_CIN,2012,17,CIN,5.147,4.065
2012_18_CIN_HOU,2012,18,CIN,4.065,2.685
2013_01_CIN_CHI,2013,1,CIN,1.721,0.352
2013_02_PIT_CIN,2013,2,CIN,0.352,0.928
2013_03_GB_CIN,2013,3,CIN,0.928,2.976
2013_04_CIN_CLE,2013,4,CIN,2.976,1.119
2013_05_NE_CIN,2013,5,CIN,1.119,4.221
2013_06_CIN_BUF,2013,6,CIN,4.221,2.922
2013_07_CIN_DET,2013,7,CIN,2.922,0.716
2013_08_NYJ_CIN,2013,8,CIN,0.716,1.92
2013_09_CIN_MIA,2013,9,CIN,1.92,1.099
2013_10_CIN_BAL,2013,10,CIN,1.099,3.055
2013_11_CLE_CIN,2013,11,CIN,3.055,5.841
2013_13_CIN_LAC,2013,13,CIN,5.841,6.617
2013_14_IND_CIN,2013,14,CIN,6.617,3.195
2013_15_CIN_PIT,2013,15,CIN,3.195,3.064
2013_16_MIN_CIN,2013,16,CIN,3.064,6.185
2013_17_BAL_CIN,2013,17,CIN,6.185,7.381
2013_18_LAC_CIN,2013,18,CIN,7.381,7.791
2014_01_CIN_BAL,2014,1,CIN,4.994,4.804
2014_02_ATL_CIN,2014,2,CIN,4.804,7.146
2014_03_TEN_CIN,2014,3,CIN,7.146,7.766
2014_05_CIN_NE,2014,5,CIN,7.766,6.177
2014_06_CAR_CIN,2014,6,CIN,6.177,2.724
2014_07_CIN_IND,2014,7,CIN,2.724,1.52
2014_08_BAL_CIN,2014,8,CIN,1.52,3.43
2014_09_JAX_CIN,2014,9,CIN,3.43,2.422
2014_10_CLE_CIN,2014,10,CIN,2.422,1.623
2014_11_CIN_NO,2014,11,CIN,1.623,0.224
2014_12_CIN_HOU,2014,12,CIN,0.224,0.393
2014_13_CIN_TB,2014,13,CIN,0.393,1.591
2014_14_PIT_CIN,2014,14,CIN,1.591,-0.36
2014_15_CIN_CLE,2014,15,CIN,-0.36,2.028
2014_16_DEN_CIN,2014,16,CIN,2.028,4.041
2014_17_CIN_PIT,2014,17,CIN,4.041,3.521
2014_18_CIN_IND,2014,18,CIN,3.521,1.143
2015_01_CIN_OAK,2015,1,CIN,0.733,1.406
2015_02_LAC_CIN,2015,2,CIN,1.406,1.716
2015_03_CIN_BAL,2015,3,CIN,1.716,-0.193
2015_04_KC_CIN,2015,4,CIN,-0.193,-0.933
2015_05_SEA_CIN,2015,5,CIN,-0.933,0.27
2015_06_CIN_BUF,2015,6,CIN,0.27,-0.883
2015_08_CIN_PIT,2015,8,CIN,-0.883,1.129
2015_09_CLE_CIN,2015,9,CIN,1.129,1.253
2015_10_HOU_CIN,2015,10,CIN,1.253,2.59
2015_11_CIN_ARI,2015,11,CIN,2.59,1.474
2015_12_LAR_CIN,2015,12,CIN,1.474,2.791
2015_13_CIN_CLE,2015,13,CIN,2.791,3.103
2015_14_PIT_CIN,2015,14,CIN,3.103,3.222
2015_15_CIN_SF,2015,15,CIN,3.222,3.732
2015_16_CIN_DEN,2015,16,CIN,3.732,2.039
2015_17_BAL_CIN,2015,17,CIN,2.039,2.167
2015_18_PIT_CIN,2015,18,CIN,2.167,3.154
2016_01_CIN_NYJ,2016,1,CIN,2.022,2.298
2016_02_CIN_PIT,2016,2,CIN,2.298,2.563
2016_03_DEN_CIN,2016,3,CIN,2.563,-0.394
2016_04_MIA_CIN,2016,4,CIN,-0.394,1.676
2016_05_CIN_DAL,2016,5,CIN,1.676,-0.59
2016_06_CIN_NE,2016,6,CIN,-0.59,-2.341
2016_07_CLE_CIN,2016,7,CIN,-2.341,-2.007
2016_08_WAS_CIN,2016,8,CIN,-2.007,-3.524
2016_10_CIN_NYG,2016,10,CIN,-3.524,-3.42
2016_11_BUF_CIN,2016,11,CIN,-3.42,-2.482
2016_12_CIN_BAL,2016,12,CIN,-2.482,-2.717
2016_13_PHI_CIN,2016,13,CIN,-2.717,-2.408
2016_14_CIN_CLE,2016,14,CIN,-2.408,-1.075
2016_15_PIT_CIN,2016,15,CIN,-1.075,-1.002
2016_16_CIN_HOU,2016,16,CIN,-1.002,-1.465
2016_17_BAL_CIN,2016,17,CIN,-1.465,-0.481
2017_01_BAL_CIN,2017,1,CIN,-0.308,1.099
2017_02_HOU_CIN,2017,2,CIN,1.099,0.341
2017_03_CIN_GB,2017,3,CIN,0.341,0.775
2017_04_CIN_CLE,2017,4,CIN,0.775,2.157
2017_05_BUF_CIN,2017,5,CIN,2.157,4.739
2017_07_CIN_PIT,2017,7,CIN,4.739,3.954
2017_08_IND_CIN,2017,8,CIN,3.954,3.88
2017_09_CIN_JAX,2017,9,CIN,3.88,2.574
2017_10_CIN_TEN,2017,10,CIN,2.574,3.01
2017_11_CIN_DEN,2017,11,CIN,3.01,3.145
2017_12_CLE_CIN,2017,12,CIN,3.145,1.663
2017_13_PIT_CIN,2017,13,CIN,1.663,1.487
2017_14_CHI_CIN,2017,14,CIN,1.487,-0.894
2017_15_CIN_MIN,2017,15,CIN,-0.894,-2.838
2017_16_DET_CIN,2017,16,CIN,-2.838,-0.904
2017_17_CIN_BAL,2017,17,CIN,-0.904,-0.902
2018_01_CIN_IND,2018,1,CIN,-0.578,-2.336
2018_02_BAL_CIN,2018,2,CIN,-2.336,-1.793
2018_03_CIN_CAR,2018,3,CIN,-1.793,-3.048
2018_04_CIN_ATL,2018,4,CIN,-3.048,-5.393
2018_05_MIA_CIN,2018,5,CIN,-5.393,-3.527
2018_06_PIT_CIN,2018,6,CIN,-3.527,-4.889
2018_07_CIN_KC,2018,7,CIN,-4.889,-7.186
2018_08_TB_CIN,2018,8,CIN,-7.186,-3.747
2018_10_NO_CIN,2018,10,CIN,-3.747,-4.706
2018_11_CIN_BAL,2018,11,CIN,-4.706,-5.029
2018_12_CLE_CIN,2018,12,CIN,-5.029,-7.216
2018_13_DEN_CIN,2018,13,CIN,-7.216,-6.343
2018_14_CIN_LAC,2018,14,CIN,-6.343,-6.425
2018_15_OAK_CIN,2018,15,CIN,-6.425,-5.001
2018_16_CIN_CLE,2018,16,CIN,-5.001,-7.272
2018_17_CIN_PIT,2018,17,CIN,-7.272,-6.545
2019_01_CIN_SEA,2019,1,CIN,-4.195,-3.373
2019_02_SF_CIN,2019,2,CIN,-3.373,-4.993
2019_03_CIN_BUF,2019,3,CIN,-4.993,-5.438
2019_04_CIN_PIT,2019,4,CIN,-5.438,-7.369
2019_05_ARI_CIN,2019,5,CIN,-7.369,-9.417
2019_06_CIN_BAL,2019,6,CIN,-9.417,-11.995
2019_07_JAX_CIN,2019,7,CIN,-11.995,-12.175
2019_08_CIN_LAR,2019,8,CIN,-12.175,-13.223
2019_10_BAL_CIN,2019,10,CIN,-13.223,-15.711
2019_11_CIN_OAK,2019,11,CIN,-15.711,-15.697
2019_12_PIT_CIN,2019,12,CIN,-15.697,-13.563
2019_13_NYJ_CIN,2019,13,CIN,-13.563,-12.453
2019_14_CIN_CLE,2019,14,CIN,-12.453,-10.964
2019_15_NE_CIN,2019,15,CIN,-10.964,-9.362
2019_16_CIN_MIA,2019,16,CIN,-9.362,-11.15
2019_17_CLE_CIN,2019,17,CIN,-11.15,-8.931
2020_01_LAC_CIN,2020,1,CIN,-5.725,-4.871
2020_02_CIN_CLE,2020,2,CIN,-4.871,-5.43
2020_03_CIN_PHI,2020,3,CIN,-5.43,-5.416
2020_04_JAX_CIN,2020,4,CIN,-5.416,-6.145
2020_05_CIN_BAL,2020,5,CIN,-6.145,-4.05
2020_06_CIN_IND,2020,6,CIN,-4.05,-6.374
2020_07_CLE_CIN,2020,7,CIN,-6.374,-9.15
2020_08_TEN_CIN,2020,8,CIN,-9.15,-8.726
2020_10_CIN_PIT,2020,10,CIN,-8.726,-10.448
2020_11_CIN_WAS,2020,11,CIN,-10.448,-8.64
2020_12_NYG_CIN,2020,12,CIN,-8.64,-8.326
2020_13_CIN_MIA,2020,13,CIN,-8.326,-9.602
2020_14_DAL_CIN,2020,14,CIN,-9.602,-9.429
2020_15_PIT_CIN,2020,15,CIN,-9.429,-7.181
2020_16_CIN_HOU,2020,16,CIN,-7.181,-9.322
2020_17_BAL_CIN,2020,17,CIN,-9.322,-9.361
2021_01_MIN_CIN,2021,1,CIN,-6.0,-6.938
2021_02_CIN_CHI,2021,2,CIN,-6.938,-6.278
2021_03_CIN_PIT,2021,3,CIN,-6.278,-5.133
2021_04_JAX_CIN,2021,4,CIN,-5.133,-6.151
2021_05_GB_CIN,2021,5,CIN,-6.151,-6.362
2021_06_CIN_DET,2021,6,CIN,-6.362,-5.852
2021_07_CIN_BAL,2021,7,CIN,-5.852,-4.701
2021_08_CIN_NYJ,2021,8,CIN,-4.701,-7.375
2021_09_CLE_CIN,2021,9,CIN,-7.375,-7.282
2021_11_CIN_OAK,2021,11,CIN,-7.282,-6.58
2021_12_PIT_CIN,2021,12,CIN,-6.58,-4.762
2021_13_LAC_CIN,2021,13,CIN,-4.762,-4.296
2021_14_SF_CIN,2021,14,CIN,-4.296,-4.435
2021_15_CIN_DEN,2021,15,CIN,-4.435,-2.82
2021_16_BAL_CIN,2021,16,CIN,-2.82,-4.985
2021_17_KC_CIN,2021,17,CIN,-4.985,-6.013
2021_18_CIN_CLE,2021,18,CIN,-6.013,-6.187
2021_19_OAK_CIN,2021,19,CIN,-6.187,-4.961
2021_20_CIN_TEN,2021,20,CIN,-4.961,-3.289
2021_21_CIN_KC,2021,21,CIN,-3.289,-1.351
2021_22_LAR_CIN,2021,22,CIN,-1.351,-1.408
2022_01_PIT_CIN,2022,1,CIN,-0.903,-1.251
2022_02_CIN_DAL,2022,2,CIN,-1.251,-2.884
2022_03_CIN_NYJ,2022,3,CIN,-2.884,-1.293
2022_04_MIA_CIN,2022,4,CIN,-1.293,0.162
2022_05_CIN_BAL,2022,5,CIN,0.162,0.277
2022_06_CIN_NO,2022,6,CIN,0.277,-0.022
2022_07_ATL_CIN,2022,7,CIN,-0.022,-0.067
2022_08_CIN_CLE,2022,8,CIN,-0.067,-1.16
2022_09_CAR_CIN,2022,9,CIN,-1.16,1.209
2022_11_CIN_PIT,2022,11,CIN,1.209,0.39
2022_12_CIN_TEN,2022,12,CIN,0.39,0.002
2022_13_KC_CIN,2022,13,CIN,0.002,1.449
2022_14_CLE_CIN,2022,14,CIN,1.449,2.205
2022_15_CIN_TB,2022,15,CIN,2.205,2.107
2022_16_CIN_NE,2022,16,CIN,2.107,1.827
2022_18_BAL_CIN,2022,18,CIN,1.827,3.81
2022_19_BAL_CIN,2022,19,CIN,3.81,2.586
2022_20_CIN_BUF,2022,20,CIN,2.586,3.407
2022_21_CIN_KC,2022,21,CIN,3.407,3.423
2023_01_CIN_CLE,2023,1,CIN,2.194,2.041
2023_02_BAL_CIN,2023,2,CIN,2.041,-0.685
2023_03_LAR_CIN,2023,3,CIN,-0.685,2.394
2023_04_CIN_TEN,2023,4,CIN,2.394,2.719
2023_05_CIN_ARI,2023,5,CIN,2.719,3.887
2023_06_SEA_CIN,2023,6,CIN,3.887,4.77
2023_08_CIN_SF,2023,8,CIN,4.77,3.555
2023_09_BUF_CIN,2023,9,CIN,3.555,3.355
2023_10_HOU_CIN,2023,10,CIN,3.355,2.59
2023_11_CIN_BAL,2023,11,CIN,2.59,2.195
2023_12_PIT_CIN,2023,12,CIN,2.195,1.408
2023_13_CIN_JAX,2023,13,CIN,1.408,0.435
2023_14_IND_CIN,2023,14,CIN,0.435,1.084
2023_15_MIN_CIN,2023,15,CIN,1.084,0.734
2023_16_CIN_PIT,2023,16,CIN,0.734,-0.809
2023_17_CIN_KC,2023,17,CIN,-0.809,-0.33
2023_18_CLE_CIN,2023,18,CIN,-0.33,0.331
2024_01_NE_CIN,2024,1,CIN,0.212,1.123
2024_02_CIN_KC,2024,2,CIN,1.123,2.668
2024_03_WAS_CIN,2024,3,CIN,2.668,0.044
2024_04_CIN_CAR,2024,4,CIN,0.044,-0.276
2024_05_BAL_CIN,2024,5,CIN,-0.276,-2.239
2024_06_CIN_NYG,2024,6,CIN,-2.239,-1.416
2024_07_CIN_CLE,2024,7,CIN,-1.416,-0.977
2024_08_PHI_CIN,2024,8,CIN,-0.977,-3.629
2024_09_OAK_CIN,2024,9,CIN,-3.629,-2.291
2024_10_CIN_BAL,2024,10,CIN,-2.291,-4.011
2024_11_CIN_LAC,2024,11,CIN,-4.011,-5.565
2024_13_PIT_CIN,2024,13,CIN,-5.565,-7.541
2024_14_CIN_DAL,2024,14,CIN,-7.541,-7.059
2024_15_CIN_TEN,2024,15,CIN,-7.059,-4.885
2024_16_CLE_CIN,2024,16,CIN,-4.885,-3.362
2024_17_DEN_CIN,2024,17,CIN,-3.362,-4.157
2024_18_CIN_PIT,2024,18,CIN,-4.157,-2.77
2025_01_CIN_CLE,2025,1,CIN,-1.775,-1.628
2025_02_JAX_CIN,2025,2,CIN,-1.628,-1.502
2025_03_CIN_MIN,2025,3,CIN,-1.502,-2.26
2025_04_CIN_DEN,2025,4,CIN,-2.26,-3.85
2025_05_DET_CIN,2025,5,CIN,-3.85,-3.459
2025_06_CIN_GB,2025,6,CIN,-3.459,-3.632
2025_07_PIT_CIN,2025,7,CIN,-3.632,-4.195
2025_08_NYJ_CIN,2025,8,CIN,-4.195,-5.191
2025_09_CHI_CIN,2025,9,CIN,-5.191,-6.95
2025_11_CIN_PIT,2025,11,CIN,-6.95,-6.084
2025_12_NE_CIN,2025,12,CIN,-6.084,-5.979
2025_13_CIN_BAL,2025,13,CIN,-5.979,-3.94
2025_14_CIN_BUF,2025,14,CIN,-3.94,-6.068
2025_15_BAL_CIN,2025,15,CIN,-6.068,-5.129
2025_16_CIN_MIA,2025,16,CIN,-5.129,-5.267
2025_17_ARI_CIN,2025,17,CIN,-5.267,-3.984
2025_18_CLE_CIN,2025,18,CIN,-3.984,-2.087
2026_01_TB_CIN,2026,1,CIN,-1.338,-1.535
1999_01_PIT_CLE,1999,1,CLE,0.0,-2.383
1999_02_CLE_TEN,1999,2,CLE,-2.383,-5.551
1999_03_CLE_BAL,1999,3,CLE,-5.551,-5.101
1999_04_NE_CLE,1999,4,CLE,-5.101,-6.402
1999_05_CIN_CLE,1999,5,CLE,-6.402,-6.901
1999_06_CLE_JAX,1999,6,CLE,-6.901,-7.359
1999_07_CLE_LAR,1999,7,CLE,-7.359,-10.145
1999_08_CLE_NO,1999,8,CLE,-10.145,-10.154
1999_09_BAL_CLE,1999,9,CLE,-10.154,-10.684
1999_10_CLE_PIT,1999,10,CLE,-10.684,-9.993
1999_11_CAR_CLE,1999,11,CLE,-9.993,-11.569
1999_12_TEN_CLE,1999,12,CLE,-11.569,-12.567
1999_13_CLE_LAC,1999,13,CLE,-12.567,-11.986
1999_14_CLE_CIN,1999,14,CLE,-11.986,-12.439
1999_15_JAX_CLE,1999,15,CLE,-12.439,-13.656
1999_16_IND_CLE,1999,16,CLE,-13.656,-13.971
2000_01_JAX_CLE,2000,1,CLE,-8.956,-9.818
2000_02_CLE_CIN,2000,2,CLE,-9.818,-7.112
2000_03_PIT_CLE,2000,3,CLE,-7.112,-6.509
2000_04_CLE_OAK,2000,4,CLE,-6.509,-6.297
2000_05_BAL_CLE,2000,5,CLE,-6.297,-5.34
2000_06_CLE_ARI,2000,6,CLE,-5.34,-6.267
2000_07_CLE_DEN,2000,7,CLE,-6.267,-8.428
2000_08_CLE_PIT,2000,8,CLE,-8.428,-7.118
2000_09_CIN_CLE,2000,9,CLE,-7.118,-4.704
2000_10_NYG_CLE,2000,10,CLE,-4.704,-5.903
2000_11_NE_CLE,2000,11,CLE,-5.903,-5.326
2000_12_CLE_TEN,2000,12,CLE,-5.326,-2.998
2000_13_CLE_BAL,2000,13,CLE,-2.998,-3.439
2000_14_CLE_JAX,2000,14,CLE,-3.439,-3.928
2000_15_PHI_CLE,2000,15,CLE,-3.928,-5.952
2000_16_TEN_CLE,2000,16,CLE,-5.952,-4.323
2001_01_SEA_CLE,2001,1,CLE,-2.771,-1.349
2001_02_DET_CLE,2001,2,CLE,-1.349,1.9
2001_04_LAC_CLE,2001,4,CLE,1.9,2.831
2001_05_CLE_CIN,2001,5,CLE,2.831,1.82
2001_06_BAL_CLE,2001,6,CLE,1.82,3.297
2001_08_CLE_CHI,2001,8,CLE,3.297,3.372
2001_09_PIT_CLE,2001,9,CLE,3.372,2.145
2001_10_CLE_BAL,2001,10,CLE,2.145,3.526
2001_11_CIN_CLE,2001,11,CLE,3.526,4.933
2001_12_TEN_CLE,2001,12,CLE,4.933,2.955
2001_13_CLE_NE,2001,13,CLE,2.955,3.728
2001_14_JAX_CLE,2001,14,CLE,3.728,6.306
2001_15_CLE_GB,2001,15,CLE,6.306,4.845
2001_16_CLE_TEN,2001,16,CLE,4.845,2.988
2001_17_CLE_PIT,2001,17,CLE,2.988,4.815
2002_01_KC_CLE,2002,1,CLE,3.086,1.222
2002_02_CIN_CLE,2002,2,CLE,1.222,3.105
2002_03_CLE_TEN,2002,3,CLE,3.105,2.921
2002_04_CLE_PIT,2002,4,CLE,2.921,3.082
2002_05_BAL_CLE,2002,5,CLE,3.082,0.86
2002_06_CLE_TB,2002,6,CLE,0.86,1.569
2002_07_HOU_CLE,2002,7,CLE,1.569,1.876
2002_08_CLE_NYJ,2002,8,CLE,1.876,0.825
2002_09_PIT_CLE,2002,9,CLE,0.825,0.44
2002_11_CLE_CIN,2002,11,CLE,0.44,-0.976
2002_12_CLE_NO,2002,12,CLE,-0.976,-0.212
2002_13_CAR_CLE,2002,13,CLE,-0.212,-0.276
2002_15_IND_CLE,2002,15,CLE,-0.276,-0.389
2002_16_CLE_BAL,2002,16,CLE,-0.389,0.041
2002_17_ATL_CLE,2002,17,CLE,0.041,1.297
2002_18_CLE_PIT,2002,18,CLE,1.297,-0.104
2003_01_IND_CLE,2003,1,CLE,-0.067,1.504
2003_02_CLE_BAL,2003,2,CLE,1.504,3.501
2003_03_CLE_SF,2003,3,CLE,3.501,4.231
2003_04_CIN_CLE,2003,4,CLE,4.231,1.803
2003_05_CLE_PIT,2003,5,CLE,1.803,4.332
2003_06_OAK_CLE,2003,6,CLE,4.332,4.0
2003_07_LAC_CLE,2003,7,CLE,4.0,5.427
2003_08_CLE_NE,2003,8,CLE,5.427,4.618
2003_10_CLE_KC,2003,10,CLE,4.618,2.391
2003_11_ARI_CLE,2003,11,CLE,2.391,3.805
2003_12_PIT_CLE,2003,12,CLE,3.805,4.815
2003_13_CLE_SEA,2003,13,CLE,4.815,2.775
2003_14_LAR_CLE,2003,14,CLE,2.775,3.375
2003_15_CLE_DEN,2003,15,CLE,3.375,3.356
2003_16_BAL_CLE,2003,16,CLE,3.356,3.37
2003_17_CLE_CIN,2003,17,CLE,3.37,4.286
2004_01_BAL_CLE,2004,1,CLE,2.748,3.529
2004_02_CLE_DAL,2004,2,CLE,3.529,3.436
2004_03_CLE_NYG,2004,3,CLE,3.436,2.508
2004_04_WAS_CLE,2004,4,CLE,2.508,2.232
2004_05_CLE_PIT,2004,5,CLE,2.232,0.237
2004_06_CIN_CLE,2004,6,CLE,0.237,0.828
2004_07_PHI_CLE,2004,7,CLE,0.828,-1.656
2004_09_CLE_BAL,2004,9,CLE,-1.656,-1.832
2004_10_PIT_CLE,2004,10,CLE,-1.832,-0.965
2004_11_NYJ_CLE,2004,11,CLE,-0.965,1.361
2004_12_CLE_CIN,2004,12,CLE,1.361,-0.859
2004_13_NE_CLE,2004,13,CLE,-0.859,0.272
2004_14_CLE_BUF,2004,14,CLE,0.272,1.229
2004_15_LAC_CLE,2004,15,CLE,1.229,1.687
2004_16_CLE_MIA,2004,16,CLE,1.687,0.925
2004_17_CLE_HOU,2004,17,CLE,0.925,1.175
2005_01_CIN_CLE,2005,1,CLE,0.753,-0.533
2005_02_CLE_GB,2005,2,CLE,-0.533,-2.562
2005_03_CLE_IND,2005,3,CLE,-2.562,-2.459
2005_05_CHI_CLE,2005,5,CLE,-2.459,-2.654
2005_06_CLE_BAL,2005,6,CLE,-2.654,-4.051
2005_07_DET_CLE,2005,7,CLE,-4.051,-4.787
2005_08_CLE_HOU,2005,8,CLE,-4.787,-4.87
2005_09_TEN_CLE,2005,9,CLE,-4.87,-3.741
2005_10_CLE_PIT,2005,10,CLE,-3.741,-4.982
2005_11_MIA_CLE,2005,11,CLE,-4.982,-3.437
2005_12_CLE_MIN,2005,12,CLE,-3.437,-5.175
2005_13_JAX_CLE,2005,13,CLE,-5.175,-5.045
2005_14_CLE_CIN,2005,14,CLE,-5.045,-3.088
2005_15_CLE_OAK,2005,15,CLE,-3.088,-1.655
2005_16_PIT_CLE,2005,16,CLE,-1.655,-1.741
2005_17_BAL_CLE,2005,17,CLE,-1.741,0.637
2006_01_NO_CLE,2006,1,CLE,0.408,1.132
2006_02_CLE_CIN,2006,2,CLE,1.132,1.687
2006_03_BAL_CLE,2006,3,CLE,1.687,1.446
2006_04_CLE_OAK,2006,4,CLE,1.446,2.755
2006_05_CLE_CAR,2006,5,CLE,2.755,2.172
2006_07_DEN_CLE,2006,7,CLE,2.172,3.168
2006_08_NYJ_CLE,2006,8,CLE,3.168,5.25
2006_09_CLE_LAC,2006,9,CLE,5.25,5.554
2006_10_CLE_ATL,2006,10,CLE,5.554,5.574
2006_11_PIT_CLE,2006,11,CLE,5.574,5.705
2006_12_CIN_CLE,2006,12,CLE,5.705,4.458
2006_13_KC_CLE,2006,13,CLE,4.458,1.999
2006_14_CLE_PIT,2006,14,CLE,1.999,-0.02
2006_15_CLE_BAL,2006,15,CLE,-0.02,1.972
2006_16_TB_CLE,2006,16,CLE,1.972,2.356
2006_17_CLE_HOU,2006,17,CLE,2.356,3.138
2007_01_PIT_CLE,2007,1,CLE,2.012,0.702
2007_02_CIN_CLE,2007,2,CLE,0.702,-2.308
2007_03_CLE_OAK,2007,3,CLE,-2.308,-2.187
2007_04_BAL_CLE,2007,4,CLE,-2.187,-3.264
2007_05_CLE_NE,2007,5,CLE,-3.264,-4.052
2007_06_MIA_CLE,2007,6,CLE,-4.052,-5.715
2007_08_CLE_LAR,2007,8,CLE,-5.715,-7.887
2007_09_SEA_CLE,2007,9,CLE,-7.887,-9.498
2007_10_CLE_PIT,2007,10,CLE,-9.498,-10.567
2007_11_CLE_BAL,2007,11,CLE,-10.567,-8.99
2007_12_HOU_CLE,2007,12,CLE,-8.99,-8.822
2007_13_CLE_ARI,2007,13,CLE,-8.822,-9.485
2007_14_CLE_NYJ,2007,14,CLE,-9.485,-9.181
2007_15_BUF_CLE,2007,15,CLE,-9.181,-8.595
2007_16_CLE_CIN,2007,16,CLE,-8.595,-6.887
2007_17_SF_CLE,2007,17,CLE,-6.887,-5.845
2008_01_DAL_CLE,2008,1,CLE,-3.747,-5.068
2008_02_PIT_CLE,2008,2,CLE,-5.068,-4.664
2008_03_CLE_BAL,2008,3,CLE,-4.664,-3.128
2008_04_CLE_CIN,2008,4,CLE,-3.128,-2.37
2008_06_NYG_CLE,2008,6,CLE,-2.37,-1.158
2008_07_CLE_WAS,2008,7,CLE,-1.158,-1.104
2008_08_CLE_JAX,2008,8,CLE,-1.104,-2.707
2008_09_BAL_CLE,2008,9,CLE,-2.707,-3.643
2008_10_DEN_CLE,2008,10,CLE,-3.643,-5.746
2008_11_CLE_BUF,2008,11,CLE,-5.746,-5.292
2008_12_HOU_CLE,2008,12,CLE,-5.292,-5.882
2008_13_IND_CLE,2008,13,CLE,-5.882,-3.263
2008_14_CLE_TEN,2008,14,CLE,-3.263,-2.976
2008_15_CLE_PHI,2008,15,CLE,-2.976,-3.815
2008_16_CIN_CLE,2008,16,CLE,-3.815,-4.409
2008_17_CLE_PIT,2008,17,CLE,-4.409,-3.766
2009_01_MIN_CLE,2009,1,CLE,-2.414,-1.044
2009_02_CLE_DEN,2009,2,CLE,-1.044,-1.822
2009_03_CLE_BAL,2009,3,CLE,-1.822,-3.848
2009_04_CIN_CLE,2009,4,CLE,-3.848,-3.884
2009_05_CLE_BUF,2009,5,CLE,-3.884,-3.365
2009_06_CLE_PIT,2009,6,CLE,-3.365,-4.449
2009_07_GB_CLE,2009,7,CLE,-4.449,-6.467
2009_08_CLE_CHI,2009,8,CLE,-6.467,-4.79
2009_10_BAL_CLE,2009,10,CLE,-4.79,-4.123
2009_11_CLE_DET,2009,11,CLE,-4.123,-7.937
2009_12_CLE_CIN,2009,12,CLE,-7.937,-6.568
2009_13_LAC_CLE,2009,13,CLE,-6.568,-7.854
2009_14_PIT_CLE,2009,14,CLE,-7.854,-5.738
2009_15_CLE_KC,2009,15,CLE,-5.738,-8.095
2009_16_OAK_CLE,2009,16,CLE,-8.095,-7.106
2009_17_JAX_CLE,2009,17,CLE,-7.106,-7.765
2010_01_CLE_TB,2010,1,CLE,-4.977,-5.486
2010_02_KC_CLE,2010,2,CLE,-5.486,-4.472
2010_03_CLE_BAL,2010,3,CLE,-4.472,-7.01
2010_04_CIN_CLE,2010,4,CLE,-7.01,-8.388
2010_05_ATL_CLE,2010,5,CLE,-8.388,-7.316
2010_06_CLE_PIT,2010,6,CLE,-7.316,-8.398
2010_07_CLE_NO,2010,7,CLE,-8.398,-7.203
2010_09_NE_CLE,2010,9,CLE,-7.203,-6.897
2010_10_NYJ_CLE,2010,10,CLE,-6.897,-8.409
2010_11_CLE_JAX,2010,11,CLE,-8.409,-6.507
2010_12_CAR_CLE,2010,12,CLE,-6.507,-5.792
2010_13_CLE_MIA,2010,13,CLE,-5.792,-3.903
2010_14_CLE_BUF,2010,14,CLE,-3.903,-4.162
2010_15_CLE_CIN,2010,15,CLE,-4.162,-4.279
2010_16_BAL_CLE,2010,16,CLE,-4.279,-4.094
2010_17_PIT_CLE,2010,17,CLE,-4.094,-6.014
2011_01_CIN_CLE,2011,1,CLE,-3.855,-3.114
2011_02_CLE_IND,2011,2,CLE,-3.114,-3.031
2011_03_MIA_CLE,2011,3,CLE,-3.031,-2.757
2011_04_TEN_CLE,2011,4,CLE,-2.757,-3.552
2011_06_CLE_OAK,2011,6,CLE,-3.552,-2.717
2011_07_SEA_CLE,2011,7,CLE,-2.717,-0.187
2011_08_CLE_SF,2011,8,CLE,-0.187,-0.844
2011_09_CLE_HOU,2011,9,CLE,-0.844,-0.346
2011_10_LAR_CLE,2011,10,CLE,-0.346,-0.113
2011_11_JAX_CLE,2011,11,CLE,-0.113,-0.847
2011_12_CLE_CIN,2011,12,CLE,-0.847,-2.073
2011_13_BAL_CLE,2011,13,CLE,-2.073,-1.174
2011_14_CLE_PIT,2011,14,CLE,-1.174,-2.02
2011_15_CLE_ARI,2011,15,CLE,-2.02,-3.525
2011_16_CLE_BAL,2011,16,CLE,-3.525,-3.351
2011_17_PIT_CLE,2011,17,CLE,-3.351,-2.787
2012_01_PHI_CLE,2012,1,CLE,-1.786,0.048
2012_02_CLE_CIN,2012,2,CLE,0.048,-0.753
2012_03_BUF_CLE,2012,3,CLE,-0.753,-1.858
2012_04_CLE_BAL,2012,4,CLE,-1.858,-2.268
2012_05_CLE_NYG,2012,5,CLE,-2.268,-3.088
2012_06_CIN_CLE,2012,6,CLE,-3.088,-4.205
2012_07_CLE_IND,2012,7,CLE,-4.205,-5.235
2012_08_LAC_CLE,2012,8,CLE,-5.235,-4.286
2012_09_BAL_CLE,2012,9,CLE,-4.286,-4.166
2012_11_CLE_DAL,2012,11,CLE,-4.166,-4.242
2012_12_PIT_CLE,2012,12,CLE,-4.242,-2.645
2012_13_CLE_OAK,2012,13,CLE,-2.645,-4.171
2012_14_KC_CLE,2012,14,CLE,-4.171,-2.099
2012_15_WAS_CLE,2012,15,CLE,-2.099,-4.574
2012_16_CLE_DEN,2012,16,CLE,-4.574,-5.967
2012_17_CLE_PIT,2012,17,CLE,-5.967,-5.901
2013_01_MIA_CLE,2013,1,CLE,-3.783,-3.381
2013_02_CLE_BAL,2013,2,CLE,-3.381,-3.303
2013_03_CLE_MIN,2013,3,CLE,-3.303,-4.036
2013_04_CIN_CLE,2013,4,CLE,-4.036,-2.726
2013_05_BUF_CLE,2013,5,CLE,-2.726,-2.031
2013_06_DET_CLE,2013,6,CLE,-2.031,-2.201
2013_07_CLE_GB,2013,7,CLE,-2.201,-3.22
2013_08_CLE_KC,2013,8,CLE,-3.22,-3.453
2013_09_BAL_CLE,2013,9,CLE,-3.453,-2.935
2013_11_CLE_CIN,2013,11,CLE,-2.935,-1.635
2013_12_PIT_CLE,2013,12,CLE,-1.635,-2.987
2013_13_JAX_CLE,2013,13,CLE,-2.987,-2.959
2013_14_CLE_NE,2013,14,CLE,-2.959,-3.05
2013_15_CHI_CLE,2013,15,CLE,-3.05,-3.914
2013_16_CLE_NYJ,2013,16,CLE,-3.914,-6.923
2013_17_CLE_PIT,2013,17,CLE,-6.923,-5.069
2014_01_CLE_PIT,2014,1,CLE,-3.249,-3.52
2014_02_NO_CLE,2014,2,CLE,-3.52,-2.265
2014_03_BAL_CLE,2014,3,CLE,-2.265,-2.542
2014_05_CLE_TEN,2014,5,CLE,-2.542,-3.433
2014_06_PIT_CLE,2014,6,CLE,-3.433,-2.212
2014_07_CLE_JAX,2014,7,CLE,-2.212,-0.752
2014_08_OAK_CLE,2014,8,CLE,-0.752,-1.712
2014_09_TB_CLE,2014,9,CLE,-1.712,-1.627
2014_10_CLE_CIN,2014,10,CLE,-1.627,2.783
2014_11_HOU_CLE,2014,11,CLE,2.783,1.502
2014_12_CLE_ATL,2014,12,CLE,1.502,1.049
2014_13_CLE_BUF,2014,13,CLE,1.049,2.301
2014_14_IND_CLE,2014,14,CLE,2.301,4.123
2014_15_CIN_CLE,2014,15,CLE,4.123,6.031
2014_16_CLE_CAR,2014,16,CLE,6.031,4.899
2014_17_CLE_BAL,2014,17,CLE,4.899,3.689
2015_01_CLE_NYJ,2015,1,CLE,2.364,2.357
2015_02_TEN_CLE,2015,2,CLE,2.357,2.848
2015_03_OAK_CLE,2015,3,CLE,2.848,0.747
2015_04_CLE_LAC,2015,4,CLE,0.747,-0.799
2015_05_CLE_BAL,2015,5,CLE,-0.799,-1.719
2015_06_DEN_CLE,2015,6,CLE,-1.719,-0.336
2015_07_CLE_LAR,2015,7,CLE,-0.336,-0.284
2015_08_ARI_CLE,2015,8,CLE,-0.284,-1.914
2015_09_CLE_CIN,2015,9,CLE,-1.914,-2.663
2015_10_CLE_PIT,2015,10,CLE,-2.663,-1.98
2015_12_BAL_CLE,2015,12,CLE,-1.98,-1.668
2015_13_CIN_CLE,2015,13,CLE,-1.668,-2.791
2015_14_SF_CLE,2015,14,CLE,-2.791,-1.483
2015_15_CLE_SEA,2015,15,CLE,-1.483,-2.655
2015_16_CLE_KC,2015,16,CLE,-2.655,-3.128
2015_17_PIT_CLE,2015,17,CLE,-3.128,-4.183
2016_01_CLE_PHI,2016,1,CLE,-2.681,-3.547
2016_02_BAL_CLE,2016,2,CLE,-3.547,-3.463
2016_03_CLE_MIA,2016,3,CLE,-3.463,-4.283
2016_04_CLE_WAS,2016,4,CLE,-4.283,-3.815
2016_05_NE_CLE,2016,5,CLE,-3.815,-6.15
2016_06_CLE_TEN,2016,6,CLE,-6.15,-7.995
2016_07_CLE_CIN,2016,7,CLE,-7.995,-8.111
2016_08_NYJ_CLE,2016,8,CLE,-8.111,-7.532
2016_09_DAL_CLE,2016,9,CLE,-7.532,-9.431
2016_10_CLE_BAL,2016,10,CLE,-9.431,-10.222
2016_11_PIT_CLE,2016,11,CLE,-10.222,-9.274
2016_12_NYG_CLE,2016,12,CLE,-9.274,-9.216
2016_14_CIN_CLE,2016,14,CLE,-9.216,-8.845
2016_15_CLE_BUF,2016,15,CLE,-8.845,-9.933
2016_16_LAC_CLE,2016,16,CLE,-9.933,-10.22
2016_17_CLE_PIT,2016,17,CLE,-10.22,-10.676
2017_01_PIT_CLE,2017,1,CLE,-6.843,-6.707
2017_02_CLE_BAL,2017,2,CLE,-6.707,-6.735
2017_03_CLE_IND,2017,3,CLE,-6.735,-9.399
2017_04_CIN_CLE,2017,4,CLE,-9.399,-11.892
2017_05_NYJ_CLE,2017,5,CLE,-11.892,-11.511
2017_06_CLE_HOU,2017,6,CLE,-11.511,-12.417
2017_07_TEN_CLE,2017,7,CLE,-12.417,-11.157
2017_08_MIN_CLE,2017,8,CLE,-11.157,-11.379
2017_10_CLE_DET,2017,10,CLE,-11.379,-11.355
2017_11_JAX_CLE,2017,11,CLE,-11.355,-10.21
2017_12_CLE_CIN,2017,12,CLE,-10.21,-10.986
2017_13_CLE_LAC,2017,13,CLE,-10.986,-11.619
2017_14_GB_CLE,2017,14,CLE,-11.619,-14.827
2017_15_BAL_CLE,2017,15,CLE,-14.827,-15.815
2017_16_CLE_CHI,2017,16,CLE,-15.815,-15.422
2017_17_CLE_PIT,2017,17,CLE,-15.422,-15.786
2018_01_PIT_CLE,2018,1,CLE,-10.119,-7.939
2018_02_CLE_NO,2018,2,CLE,-7.939,-7.866
2018_03_NYJ_CLE,2018,3,CLE,-7.866,-5.462
2018_04_CLE_OAK,2018,4,CLE,-5.462,-6.434
2018_05_BAL_CLE,2018,5,CLE,-6.434,-4.994
2018_06_LAC_CLE,2018,6,CLE,-4.994,-3.879
2018_07_CLE_TB,2018,7,CLE,-3.879,-3.801
2018_08_CLE_PIT,2018,8,CLE,-3.801,-3.711
2018_09_KC_CLE,2018,9,CLE,-3.711,-5.011
2018_10_ATL_CLE,2018,10,CLE,-5.011,-5.502
2018_12_CLE_CIN,2018,12,CLE,-5.502,-4.684
2018_13_CLE_HOU,2018,13,CLE,-4.684,-4.869
2018_14_CAR_CLE,2018,14,CLE,-4.869,-3.941
2018_15_CLE_DEN,2018,15,CLE,-3.941,-3.339
2018_16_CIN_CLE,2018,16,CLE,-3.339,-3.931
2018_17_CLE_BAL,2018,17,CLE,-3.931,-5.513
2019_01_TEN_CLE,2019,1,CLE,-3.534,-4.127
2019_02_CLE_NYJ,2019,2,CLE,-4.127,-2.281
2019_03_LAR_CLE,2019,3,CLE,-2.281,-1.986
2019_04_CLE_BAL,2019,4,CLE,-1.986,-2.331
2019_05_CLE_SF,2019,5,CLE,-2.331,-2.379
2019_06_SEA_CLE,2019,6,CLE,-2.379,-3.446
2019_08_CLE_NE,2019,8,CLE,-3.446,-2.558
2019_09_CLE_DEN,2019,9,CLE,-2.558,-3.065
2019_10_BUF_CLE,2019,10,CLE,-3.065,-4.281
2019_11_PIT_CLE,2019,11,CLE,-4.281,-1.414
2019_12_MIA_CLE,2019,12,CLE,-1.414,-1.27
2019_13_CLE_PIT,2019,13,CLE,-1.27,-1.38
2019_14_CIN_CLE,2019,14,CLE,-1.38,-0.896
2019_15_CLE_ARI,2019,15,CLE,-0.896,-2.831
2019_16_BAL_CLE,2019,16,CLE,-2.831,-4.431
2019_17_CLE_CIN,2019,17,CLE,-4.431,-4.183
2020_01_CLE_BAL,2020,1,CLE,-2.681,-3.825
2020_02_CIN_CLE,2020,2,CLE,-3.825,-5.188
2020_03_WAS_CLE,2020,3,CLE,-5.188,-3.917
2020_04_CLE_DAL,2020,4,CLE,-3.917,-6.608
2020_05_IND_CLE,2020,5,CLE,-6.608,-5.031
2020_06_CLE_PIT,2020,6,CLE,-5.031,-3.797
2020_07_CLE_CIN,2020,7,CLE,-3.797,-6.789
2020_08_OAK_CLE,2020,8,CLE,-6.789,-5.524
2020_10_HOU_CLE,2020,10,CLE,-5.524,-4.431
2020_11_PHI_CLE,2020,11,CLE,-4.431,-2.987
2020_12_CLE_JAX,2020,12,CLE,-2.987,-4.2
2020_13_CLE_TEN,2020,13,CLE,-4.2,-4.739
2020_14_BAL_CLE,2020,14,CLE,-4.739,-6.381
2020_15_CLE_NYG,2020,15,CLE,-6.381,-6.667
2020_16_CLE_NYJ,2020,16,CLE,-6.667,-6.578
2020_17_PIT_CLE,2020,17,CLE,-6.578,-7.308
2020_18_CLE_PIT,2020,18,CLE,-7.308,-8.931
2020_19_CLE_KC,2020,19,CLE,-8.931,-8.969
2021_01_CLE_KC,2021,1,CLE,-5.749,-7.346
2021_02_HOU_CLE,2021,2,CLE,-7.346,-8.441
2021_03_CHI_CLE,2021,3,CLE,-8.441,-3.918
2021_04_CLE_MIN,2021,4,CLE,-3.918,-2.129
2021_05_CLE_LAC,2021,5,CLE,-2.129,-5.433
2021_06_ARI_CLE,2021,6,CLE,-5.433,-5.169
2021_07_DEN_CLE,2021,7,CLE,-5.169,-4.83
2021_08_PIT_CLE,2021,8,CLE,-4.83,-4.834
2021_09_CLE_CIN,2021,9,CLE,-4.834,-2.613
2021_10_CLE_NE,2021,10,CLE,-2.613,-3.702
2021_11_DET_CLE,2021,11,CLE,-3.702,-2.223
2021_12_CLE_BAL,2021,12,CLE,-2.223,0.52
2021_14_BAL_CLE,2021,14,CLE,0.52,2.452
2021_15_OAK_CLE,2021,15,CLE,2.452,3.577
2021_16_CLE_GB,2021,16,CLE,3.577,3.106
2021_17_CLE_PIT,2021,17,CLE,3.106,4.903
2021_18_CIN_CLE,2021,18,CLE,4.903,5.695
2022_01_CLE_CAR,2022,1,CLE,3.651,2.964
2022_02_NYJ_CLE,2022,2,CLE,2.964,0.204
2022_03_PIT_CLE,2022,3,CLE,0.204,-0.806
2022_04_CLE_ATL,2022,4,CLE,-0.806,0.483
2022_05_LAC_CLE,2022,5,CLE,0.483,0.472
2022_06_NE_CLE,2022,6,CLE,0.472,-2.215
2022_07_CLE_BAL,2022,7,CLE,-2.215,-1.163
2022_08_CIN_CLE,2022,8,CLE,-1.163,0.57
2022_10_CLE_MIA,2022,10,CLE,0.57,-0.952
2022_11_CLE_BUF,2022,11,CLE,-0.952,-0.037
2022_12_TB_CLE,2022,12,CLE,-0.037,0.409
2022_13_CLE_HOU,2022,13,CLE,0.409,0.221
2022_14_CLE_CIN,2022,14,CLE,0.221,1.52
2022_15_BAL_CLE,2022,15,CLE,1.52,3.093
2022_16_NO_CLE,2022,16,CLE,3.093,4.001
2022_17_CLE_WAS,2022,17,CLE,4.001,6.55
2022_18_CLE_PIT,2022,18,CLE,6.55,6.85
2023_01_CIN_CLE,2023,1,CLE,4.391,6.273
2023_02_CLE_PIT,2023,2,CLE,6.273,6.316
2023_03_TEN_CLE,2023,3,CLE,6.316,8.903
2023_04_BAL_CLE,2023,4,CLE,8.903,7.836
2023_06_SF_CLE,2023,6,CLE,7.836,10.111
2023_07_CLE_IND,2023,7,CLE,10.111,7.149
2023_08_CLE_SEA,2023,8,CLE,7.149,7.435
2023_09_ARI_CLE,2023,9,CLE,7.435,10.548
2023_10_CLE_BAL,2023,10,CLE,10.548,12.185
2023_11_PIT_CLE,2023,11,CLE,12.185,13.355
2023_12_CLE_DEN,2023,12,CLE,13.355,12.902
2023_13_CLE_LAR,2023,13,CLE,12.902,10.51
2023_14_JAX_CLE,2023,14,CLE,10.51,12.28
2023_15_CHI_CLE,2023,15,CLE,12.28,14.22
2023_16_CLE_HOU,2023,16,CLE,14.22,15.678
2023_17_NYJ_CLE,2023,17,CLE,15.678,14.219
2023_18_CLE_CIN,2023,18,CLE,14.219,12.796
2023_19_CLE_HOU,2023,19,CLE,12.796,9.987
2024_01_DAL_CLE,2024,1,CLE,6.402,7.79
2024_02_CLE_JAX,2024,2,CLE,7.79,8.585
2024_03_NYG_CLE,2024,3,CLE,8.585,6.979
2024_04_CLE_OAK,2024,4,CLE,6.979,7.372
2024_05_CLE_WAS,2024,5,CLE,7.372,7.105
2024_06_CLE_PHI,2024,6,CLE,7.105,6.175
2024_07_CIN_CLE,2024,7,CLE,6.175,7.242
2024_08_BAL_CLE,2024,8,CLE,7.242,7.293
2024_09_LAC_CLE,2024,9,CLE,7.293,7.896
2024_11_CLE_NO,2024,11,CLE,7.896,5.845
2024_12_PIT_CLE,2024,12,CLE,5.845,5.42
2024_13_CLE_DEN,2024,13,CLE,5.42,6.145
2024_14_CLE_PIT,2024,14,CLE,6.145,6.12
2024_15_KC_CLE,2024,15,CLE,6.12,6.163
2024_16_CLE_CIN,2024,16,CLE,6.163,5.733
2024_17_MIA_CLE,2024,17,CLE,5.733,3.242
2024_18_CLE_BAL,2024,18,CLE,3.242,3.303
2025_01_CIN_CLE,2025,1,CLE,2.117,4.245
2025_02_CLE_BAL,2025,2,CLE,4.245,4.289
2025_03_GB_CLE,2025,3,CLE,4.289,5.665
2025_04_CLE_DET,2025,4,CLE,5.665,5.79
2025_05_MIN_CLE,2025,5,CLE,5.79,4.986
2025_06_CLE_PIT,2025,6,CLE,4.986,3.952
2025_07_MIA_CLE,2025,7,CLE,3.952,7.261
2025_08_CLE_NE,2025,8,CLE,7.261,6.821
2025_10_CLE_NYJ,2025,10,CLE,6.821,8.482
2025_11_BAL_CLE,2025,11,CLE,8.482,11.904
2025_12_CLE_OAK,2025,12,CLE,11.904,11.908
2025_13_SF_CLE,2025,13,CLE,11.908,11.507
2025_14_TEN_CLE,2025,14,CLE,11.507,11.576
2025_15_CLE_CHI,2025,15,CLE,11.576,10.441
2025_16_BUF_CLE,2025,16,CLE,10.441,12.104
2025_17_PIT_CLE,2025,17,CLE,12.104,13.122
2025_18_CLE_CIN,2025,18,CLE,13.122,11.99
2026_01_CLE_JAX,2026,1,CLE,7.685,5.758
1999_01_DAL_WAS,1999,1,DAL,0.0,-2.96
1999_02_ATL_DAL,1999,2,DAL,-2.96,-2.334
1999_04_ARI_DAL,1999,4,DAL,-2.334,-1.522
1999_05_DAL_PHI,1999,5,DAL,-1.522,-0.959
1999_06_DAL_NYG,1999,6,DAL,-0.959,-0.932
1999_07_WAS_DAL,1999,7,DAL,-0.932,-2.328
1999_08_DAL_IND,1999,8,DAL,-2.328,-4.428
1999_09_DAL_MIN,1999,9,DAL,-4.428,-5.335
1999_10_GB_DAL,1999,10,DAL,-5.335,-4.522
1999_11_DAL_ARI,1999,11,DAL,-4.522,-3.226
1999_12_MIA_DAL,1999,12,DAL,-3.226,0.231
1999_13_DAL_NE,1999,13,DAL,0.231,0.867
1999_14_PHI_DAL,1999,14,DAL,0.867,2.486
1999_15_NYJ_DAL,1999,15,DAL,2.486,0.964
1999_16_DAL_NO,1999,16,DAL,0.964,-1.692
1999_17_NYG_DAL,1999,17,DAL,-1.692,-2.855
1999_18_DAL_MIN,1999,18,DAL,-2.855,-4.193
2000_01_PHI_DAL,2000,1,DAL,-2.688,-2.88
2000_02_DAL_ARI,2000,2,DAL,-2.88,-4.926
2000_03_DAL_WAS,2000,3,DAL,-4.926,-4.598
2000_04_SF_DAL,2000,4,DAL,-4.598,-6.922
2000_05_DAL_CAR,2000,5,DAL,-6.922,-6.649
2000_07_DAL_NYG,2000,7,DAL,-6.649,-6.461
2000_08_ARI_DAL,2000,8,DAL,-6.461,-5.941
2000_09_JAX_DAL,2000,9,DAL,-5.941,-9.734
2000_10_DAL_PHI,2000,10,DAL,-9.734,-10.588
2000_11_CIN_DAL,2000,11,DAL,-10.588,-9.203
2000_12_DAL_BAL,2000,12,DAL,-9.203,-9.462
2000_13_MIN_DAL,2000,13,DAL,-9.462,-9.146
2000_14_DAL_TB,2000,14,DAL,-9.146,-7.945
2000_15_WAS_DAL,2000,15,DAL,-7.945,-6.18
2000_16_NYG_DAL,2000,16,DAL,-6.18,-4.688
2000_17_DAL_TEN,2000,17,DAL,-4.688,-4.98
2001_01_TB_DAL,2001,1,DAL,-3.192,-3.645
2001_02_LAC_DAL,2001,2,DAL,-3.645,-5.546
2001_03_DAL_PHI,2001,3,DAL,-5.546,-5.856
2001_04_DAL_OAK,2001,4,DAL,-5.856,-6.113
2001_05_WAS_DAL,2001,5,DAL,-6.113,-6.192
2001_07_ARI_DAL,2001,7,DAL,-6.192,-5.857
2001_08_DAL_NYG,2001,8,DAL,-5.857,-6.381
2001_09_DAL_ATL,2001,9,DAL,-6.381,-5.9
2001_10_PHI_DAL,2001,10,DAL,-5.9,-5.029
2001_11_DEN_DAL,2001,11,DAL,-5.029,-4.215
2001_12_DAL_WAS,2001,12,DAL,-4.215,-4.796
2001_13_NYG_DAL,2001,13,DAL,-4.796,-3.9
2001_14_DAL_SEA,2001,14,DAL,-3.9,-4.639
2001_15_DAL_ARI,2001,15,DAL,-4.639,-3.769
2001_16_SF_DAL,2001,16,DAL,-3.769,-5.031
2001_17_DAL_DET,2001,17,DAL,-5.031,-8.296
2002_01_DAL_HOU,2002,1,DAL,-5.318,-4.397
2002_02_TEN_DAL,2002,2,DAL,-4.397,-3.147
2002_03_DAL_PHI,2002,3,DAL,-3.147,-6.167
2002_04_DAL_LAR,2002,4,DAL,-6.167,-4.506
2002_05_NYG_DAL,2002,5,DAL,-4.506,-5.128
2002_06_CAR_DAL,2002,6,DAL,-5.128,-5.829
2002_07_DAL_ARI,2002,7,DAL,-5.829,-6.365
2002_08_SEA_DAL,2002,8,DAL,-6.365,-5.128
2002_09_DAL_DET,2002,9,DAL,-5.128,-3.505
2002_11_DAL_IND,2002,11,DAL,-3.505,-4.837
2002_12_JAX_DAL,2002,12,DAL,-4.837,-4.37
2002_13_WAS_DAL,2002,13,DAL,-4.37,-5.374
2002_14_SF_DAL,2002,14,DAL,-5.374,-8.237
2002_15_DAL_NYG,2002,15,DAL,-8.237,-7.711
2002_16_PHI_DAL,2002,16,DAL,-7.711,-7.604
2002_17_DAL_WAS,2002,17,DAL,-7.604,-6.723
2003_01_ATL_DAL,2003,1,DAL,-4.31,-5.54
2003_02_DAL_NYG,2003,2,DAL,-5.54,-4.128
2003_04_DAL_NYJ,2003,4,DAL,-4.128,-4.968
2003_05_ARI_DAL,2003,5,DAL,-4.968,-2.637
2003_06_PHI_DAL,2003,6,DAL,-2.637,-1.038
2003_07_DAL_DET,2003,7,DAL,-1.038,0.469
2003_08_DAL_TB,2003,8,DAL,0.469,1.72
2003_09_WAS_DAL,2003,9,DAL,1.72,1.872
2003_10_BUF_DAL,2003,10,DAL,1.872,3.217
2003_11_DAL_NE,2003,11,DAL,3.217,4.17
2003_12_CAR_DAL,2003,12,DAL,4.17,4.723
2003_13_MIA_DAL,2003,13,DAL,4.723,1.721
2003_14_DAL_PHI,2003,14,DAL,1.721,-0.006
2003_15_DAL_WAS,2003,15,DAL,-0.006,3.574
2003_16_NYG_DAL,2003,16,DAL,3.574,4.379
2003_17_DAL_NO,2003,17,DAL,4.379,4.033
2003_18_DAL_CAR,2003,18,DAL,4.033,2.633
2004_01_DAL_MIN,2004,1,DAL,1.688,-1.348
2004_02_CLE_DAL,2004,2,DAL,-1.348,2.187
2004_03_DAL_WAS,2004,3,DAL,2.187,1.546
2004_05_NYG_DAL,2004,5,DAL,1.546,2.184
2004_06_PIT_DAL,2004,6,DAL,2.184,0.597
2004_07_DAL_GB,2004,7,DAL,0.597,-0.944
2004_08_DET_DAL,2004,8,DAL,-0.944,-1.437
2004_09_DAL_CIN,2004,9,DAL,-1.437,-3.666
2004_10_PHI_DAL,2004,10,DAL,-3.666,-5.653
2004_11_DAL_BAL,2004,11,DAL,-5.653,-7.706
2004_12_CHI_DAL,2004,12,DAL,-7.706,-7.194
2004_13_DAL_SEA,2004,13,DAL,-7.194,-10.388
2004_14_NO_DAL,2004,14,DAL,-10.388,-9.048
2004_15_DAL_PHI,2004,15,DAL,-9.048,-7.226
2004_16_WAS_DAL,2004,16,DAL,-7.226,-6.229
2004_17_DAL_NYG,2004,17,DAL,-6.229,-7.364
2005_01_DAL_LAC,2005,1,DAL,-4.72,-3.208
2005_02_WAS_DAL,2005,2,DAL,-3.208,-3.876
2005_03_DAL_SF,2005,3,DAL,-3.876,-5.163
2005_04_DAL_OAK,2005,4,DAL,-5.163,-4.106
2005_05_PHI_DAL,2005,5,DAL,-4.106,-1.176
2005_06_NYG_DAL,2005,6,DAL,-1.176,-0.095
2005_07_DAL_SEA,2005,7,DAL,-0.095,0.907
2005_08_ARI_DAL,2005,8,DAL,0.907,2.583
2005_10_DAL_PHI,2005,10,DAL,2.583,3.431
2005_11_DET_DAL,2005,11,DAL,3.431,3.135
2005_12_DEN_DAL,2005,12,DAL,3.135,3.908
2005_13_DAL_NYG,2005,13,DAL,3.908,5.744
2005_14_KC_DAL,2005,14,DAL,5.744,4.739
2005_15_DAL_WAS,2005,15,DAL,4.739,2.666
2005_16_DAL_CAR,2005,16,DAL,2.666,3.215
2005_17_LAR_DAL,2005,17,DAL,3.215,3.454
2006_01_DAL_JAX,2006,1,DAL,2.214,0.998
2006_02_WAS_DAL,2006,2,DAL,0.998,2.746
2006_04_DAL_TEN,2006,4,DAL,2.746,4.15
2006_05_DAL_PHI,2006,5,DAL,4.15,3.173
2006_06_HOU_DAL,2006,6,DAL,3.173,4.532
2006_07_NYG_DAL,2006,7,DAL,4.532,4.958
2006_08_DAL_CAR,2006,8,DAL,4.958,6.679
2006_09_DAL_WAS,2006,9,DAL,6.679,6.094
2006_10_DAL_ARI,2006,10,DAL,6.094,4.924
2006_11_IND_DAL,2006,11,DAL,4.924,6.922
2006_12_TB_DAL,2006,12,DAL,6.922,7.707
2006_13_DAL_NYG,2006,13,DAL,7.707,4.825
2006_14_NO_DAL,2006,14,DAL,4.825,2.513
2006_15_DAL_ATL,2006,15,DAL,2.513,0.382
2006_16_PHI_DAL,2006,16,DAL,0.382,0.107
2006_17_DET_DAL,2006,17,DAL,0.107,-1.351
2006_18_DAL_SEA,2006,18,DAL,-1.351,-1.516
2007_01_NYG_DAL,2007,1,DAL,-0.972,-3.69
2007_02_DAL_MIA,2007,2,DAL,-3.69,-2.506
2007_03_DAL_CHI,2007,3,DAL,-2.506,-0.523
2007_04_LAR_DAL,2007,4,DAL,-0.523,2.293
2007_05_DAL_BUF,2007,5,DAL,2.293,2.047
2007_06_NE_DAL,2007,6,DAL,2.047,-0.284
2007_07_MIN_DAL,2007,7,DAL,-0.284,1.036
2007_09_DAL_PHI,2007,9,DAL,1.036,2.23
2007_10_DAL_NYG,2007,10,DAL,2.23,3.155
2007_11_WAS_DAL,2007,11,DAL,3.155,1.155
2007_12_NYJ_DAL,2007,12,DAL,1.155,2.575
2007_13_GB_DAL,2007,13,DAL,2.575,5.967
2007_14_DAL_DET,2007,14,DAL,5.967,4.725
2007_15_PHI_DAL,2007,15,DAL,4.725,4.62
2007_16_DAL_CAR,2007,16,DAL,4.62,5.258
2007_17_DAL_WAS,2007,17,DAL,5.258,4.169
2007_19_NYG_DAL,2007,19,DAL,4.169,3.752
2008_01_DAL_CLE,2008,1,DAL,2.405,2.551
2008_02_PHI_DAL,2008,2,DAL,2.551,2.383
2008_03_DAL_GB,2008,3,DAL,2.383,2.603
2008_04_WAS_DAL,2008,4,DAL,2.603,1.79
2008_05_CIN_DAL,2008,5,DAL,1.79,1.805
2008_06_DAL_ARI,2008,6,DAL,1.805,0.598
2008_07_DAL_LAR,2008,7,DAL,0.598,0.28
2008_08_TB_DAL,2008,8,DAL,0.28,0.552
2008_09_DAL_NYG,2008,9,DAL,0.552,1.374
2008_11_DAL_WAS,2008,11,DAL,1.374,1.609
2008_12_SF_DAL,2008,12,DAL,1.609,0.699
2008_13_SEA_DAL,2008,13,DAL,0.699,1.855
2008_14_DAL_PIT,2008,14,DAL,1.855,2.053
2008_15_NYG_DAL,2008,15,DAL,2.053,5.972
2008_16_BAL_DAL,2008,16,DAL,5.972,6.538
2008_17_DAL_PHI,2008,17,DAL,6.538,5.497
2009_01_DAL_TB,2009,1,DAL,3.524,2.058
2009_02_NYG_DAL,2009,2,DAL,2.058,-1.317
2009_03_CAR_DAL,2009,3,DAL,-1.317,-1.756
2009_04_DAL_DEN,2009,4,DAL,-1.756,-2.506
2009_05_DAL_KC,2009,5,DAL,-2.506,-2.935
2009_07_ATL_DAL,2009,7,DAL,-2.935,-1.748
2009_08_SEA_DAL,2009,8,DAL,-1.748,-3.255
2009_09_DAL_PHI,2009,9,DAL,-3.255,-0.93
2009_10_DAL_GB,2009,10,DAL,-0.93,-0.944
2009_11_WAS_DAL,2009,11,DAL,-0.944,-2.027
2009_12_OAK_DAL,2009,12,DAL,-2.027,-3.658
2009_13_DAL_NYG,2009,13,DAL,-3.658,-3.237
2009_14_LAC_DAL,2009,14,DAL,-3.237,-3.669
2009_15_DAL_NO,2009,15,DAL,-3.669,-2.568
2009_16_DAL_WAS,2009,16,DAL,-2.568,-1.332
2009_17_PHI_DAL,2009,17,DAL,-1.332,-0.755
2009_18_PHI_DAL,2009,18,DAL,-0.755,-0.092
2009_19_DAL_MIN,2009,19,DAL,-0.092,-1.086
2010_01_DAL_WAS,2010,1,DAL,-0.696,0.34
2010_02_CHI_DAL,2010,2,DAL,0.34,-2.627
2010_03_DAL_HOU,2010,3,DAL,-2.627,-1.737
2010_05_TEN_DAL,2010,5,DAL,-1.737,-2.545
2010_06_DAL_MIN,2010,6,DAL,-2.545,-2.683
2010_07_NYG_DAL,2010,7,DAL,-2.683,-4.602
2010_08_JAX_DAL,2010,8,DAL,-4.602,-8.113
2010_09_DAL_GB,2010,9,DAL,-8.113,-10.593
2010_10_DAL_NYG,2010,10,DAL,-10.593,-11.776
2010_11_DET_DAL,2010,11,DAL,-11.776,-12.876
2010_12_NO_DAL,2010,12,DAL,-12.876,-12.11
2010_13_DAL_IND,2010,13,DAL,-12.11,-12.328
2010_14_PHI_DAL,2010,14,DAL,-12.328,-12.342
2010_15_WAS_DAL,2010,15,DAL,-12.342,-13.652
2010_16_DAL_ARI,2010,16,DAL,-13.652,-14.769
2010_17_DAL_PHI,2010,17,DAL,-14.769,-11.165
2011_01_DAL_NYJ,2011,1,DAL,-7.157,-7.16
2011_02_DAL_SF,2011,2,DAL,-7.16,-6.148
2011_03_WAS_DAL,2011,3,DAL,-6.148,-6.88
2011_04_DET_DAL,2011,4,DAL,-6.88,-7.066
2011_06_DAL_NE,2011,6,DAL,-7.066,-5.794
2011_07_LAR_DAL,2011,7,DAL,-5.794,-6.378
2011_08_DAL_PHI,2011,8,DAL,-6.378,-6.844
2011_09_SEA_DAL,2011,9,DAL,-6.844,-6.061
2011_10_BUF_DAL,2011,10,DAL,-6.061,-5.241
2011_11_DAL_WAS,2011,11,DAL,-5.241,-6.982
2011_12_MIA_DAL,2011,12,DAL,-6.982,-7.974
2011_13_DAL_ARI,2011,13,DAL,-7.974,-8.862
2011_14_NYG_DAL,2011,14,DAL,-8.862,-10.418
2011_15_DAL_TB,2011,15,DAL,-10.418,-10.096
2011_16_PHI_DAL,2011,16,DAL,-10.096,-10.949
2011_17_DAL_NYG,2011,17,DAL,-10.949,-12.6
2012_01_DAL_NYG,2012,1,DAL,-8.077,-7.307
2012_02_DAL_SEA,2012,2,DAL,-7.307,-8.185
2012_03_TB_DAL,2012,3,DAL,-8.185,-6.681
2012_04_CHI_DAL,2012,4,DAL,-6.681,-9.136
2012_06_DAL_BAL,2012,6,DAL,-9.136,-9.501
2012_07_DAL_CAR,2012,7,DAL,-9.501,-9.342
2012_08_NYG_DAL,2012,8,DAL,-9.342,-8.23
2012_09_DAL_ATL,2012,9,DAL,-8.23,-8.612
2012_10_DAL_PHI,2012,10,DAL,-8.612,-7.512
2012_11_CLE_DAL,2012,11,DAL,-7.512,-8.919
2012_12_WAS_DAL,2012,12,DAL,-8.919,-10.639
2012_13_PHI_DAL,2012,13,DAL,-10.639,-12.842
2012_14_DAL_CIN,2012,14,DAL,-12.842,-10.59
2012_15_PIT_DAL,2012,15,DAL,-10.59,-10.859
2012_16_NO_DAL,2012,16,DAL,-10.859,-13.866
2012_17_DAL_WAS,2012,17,DAL,-13.866,-13.033
2013_01_NYG_DAL,2013,1,DAL,-8.354,-10.11
2013_02_DAL_KC,2013,2,DAL,-10.11,-10.408
2013_03_LAR_DAL,2013,3,DAL,-10.408,-9.438
2013_04_DAL_LAC,2013,4,DAL,-9.438,-11.914
2013_05_DEN_DAL,2013,5,DAL,-11.914,-14.621
2013_06_WAS_DAL,2013,6,DAL,-14.621,-14.249
2013_07_DAL_PHI,2013,7,DAL,-14.249,-11.75
2013_08_DAL_DET,2013,8,DAL,-11.75,-13.688
2013_09_MIN_DAL,2013,9,DAL,-13.688,-15.04
2013_10_DAL_NO,2013,10,DAL,-15.04,-17.945
2013_12_DAL_NYG,2013,12,DAL,-17.945,-17.621
2013_13_OAK_DAL,2013,13,DAL,-17.621,-18.34
2013_14_DAL_CHI,2013,14,DAL,-18.34,-22.459
2013_15_GB_DAL,2013,15,DAL,-22.459,-24.788
2013_16_DAL_WAS,2013,16,DAL,-24.788,-24.262
2013_17_PHI_DAL,2013,17,DAL,-24.262,-23.48
2014_01_SF_DAL,2014,1,DAL,-15.051,-15.879
2014_02_DAL_TEN,2014,2,DAL,-15.879,-14.166
2014_03_DAL_LAR,2014,3,DAL,-14.166,-17.163
2014_04_NO_DAL,2014,4,DAL,-17.163,-17.882
2014_05_HOU_DAL,2014,5,DAL,-17.882,-17.227
2014_06_DAL_SEA,2014,6,DAL,-17.227,-14.721
2014_07_NYG_DAL,2014,7,DAL,-14.721,-17.085
2014_08_WAS_DAL,2014,8,DAL,-17.085,-18.752
2014_09_ARI_DAL,2014,9,DAL,-18.752,-19.053
2014_10_DAL_JAX,2014,10,DAL,-19.053,-17.579
2014_12_DAL_NYG,2014,12,DAL,-17.579,-18.754
2014_13_PHI_DAL,2014,13,DAL,-18.754,-21.078
2014_14_DAL_CHI,2014,14,DAL,-21.078,-22.746
2014_15_DAL_PHI,2014,15,DAL,-22.746,-20.492
2014_16_IND_DAL,2014,16,DAL,-20.492,-17.79
2014_17_DAL_WAS,2014,17,DAL,-17.79,-18.068
2014_18_DET_DAL,2014,18,DAL,-18.068,-18.477
2014_19_DAL_GB,2014,19,DAL,-18.477,-18.327
2015_01_NYG_DAL,2015,1,DAL,-11.748,-11.64
2015_02_DAL_PHI,2015,2,DAL,-11.64,-10.434
2015_03_ATL_DAL,2015,3,DAL,-10.434,-11.801
2015_04_DAL_NO,2015,4,DAL,-11.801,-13.218
2015_05_NE_DAL,2015,5,DAL,-13.218,-13.341
2015_07_DAL_NYG,2015,7,DAL,-13.341,-11.215
2015_08_SEA_DAL,2015,8,DAL,-11.215,-12.106
2015_09_PHI_DAL,2015,9,DAL,-12.106,-13.871
2015_10_DAL_TB,2015,10,DAL,-13.871,-12.576
2015_11_DAL_MIA,2015,11,DAL,-12.576,-11.302
2015_12_CAR_DAL,2015,12,DAL,-11.302,-11.965
2015_13_DAL_WAS,2015,13,DAL,-11.965,-11.415
2015_14_DAL_GB,2015,14,DAL,-11.415,-11.248
2015_15_NYJ_DAL,2015,15,DAL,-11.248,-11.661
2015_16_DAL_BUF,2015,16,DAL,-11.661,-10.743
2015_17_WAS_DAL,2015,17,DAL,-10.743,-11.988
2016_01_NYG_DAL,2016,1,DAL,-7.684,-8.605
2016_02_DAL_WAS,2016,2,DAL,-8.605,-8.519
2016_03_CHI_DAL,2016,3,DAL,-8.519,-10.849
2016_04_DAL_SF,2016,4,DAL,-10.849,-10.698
2016_05_CIN_DAL,2016,5,DAL,-10.698,-12.125
2016_06_DAL_GB,2016,6,DAL,-12.125,-12.124
2016_08_PHI_DAL,2016,8,DAL,-12.124,-12.96
2016_09_DAL_CLE,2016,9,DAL,-12.96,-12.707
2016_10_DAL_PIT,2016,10,DAL,-12.707,-15.459
2016_11_BAL_DAL,2016,11,DAL,-15.459,-16.824
2016_12_WAS_DAL,2016,12,DAL,-16.824,-20.429
2016_13_DAL_MIN,2016,13,DAL,-20.429,-21.101
2016_14_DAL_NYG,2016,14,DAL,-21.101,-18.925
2016_15_TB_DAL,2016,15,DAL,-18.925,-16.88
2016_16_DET_DAL,2016,16,DAL,-16.88,-15.205
2016_17_DAL_PHI,2016,17,DAL,-15.205,-15.906
2016_19_GB_DAL,2016,19,DAL,-15.906,-15.848
2017_01_NYG_DAL,2017,1,DAL,-10.159,-10.066
2017_02_DAL_DEN,2017,2,DAL,-10.066,-11.147
2017_03_DAL_ARI,2017,3,DAL,-11.147,-11.414
2017_04_LAR_DAL,2017,4,DAL,-11.414,-13.041
2017_05_GB_DAL,2017,5,DAL,-13.041,-13.551
2017_07_DAL_SF,2017,7,DAL,-13.551,-13.362
2017_08_DAL_WAS,2017,8,DAL,-13.362,-11.221
2017_09_KC_DAL,2017,9,DAL,-11.221,-11.889
2017_10_DAL_ATL,2017,10,DAL,-11.889,-12.142
2017_11_PHI_DAL,2017,11,DAL,-12.142,-12.541
2017_12_LAC_DAL,2017,12,DAL,-12.541,-16.261
2017_13_WAS_DAL,2017,13,DAL,-16.261,-15.31
2017_14_DAL_NYG,2017,14,DAL,-15.31,-14.995
2017_15_DAL_OAK,2017,15,DAL,-14.995,-15.36
2017_16_SEA_DAL,2017,16,DAL,-15.36,-14.609
2017_17_DAL_PHI,2017,17,DAL,-14.609,-14.995
2018_01_DAL_CAR,2018,1,DAL,-9.612,-9.381
2018_02_NYG_DAL,2018,2,DAL,-9.381,-10.015
2018_03_DAL_SEA,2018,3,DAL,-10.015,-9.451
2018_04_DET_DAL,2018,4,DAL,-9.451,-10.697
2018_05_DAL_HOU,2018,5,DAL,-10.697,-12.858
2018_06_JAX_DAL,2018,6,DAL,-12.858,-11.731
2018_07_DAL_WAS,2018,7,DAL,-11.731,-10.998
2018_09_TEN_DAL,2018,9,DAL,-10.998,-13.012
2018_10_DAL_PHI,2018,10,DAL,-13.012,-13.436
2018_11_DAL_ATL,2018,11,DAL,-13.436,-12.323
2018_12_WAS_DAL,2018,12,DAL,-12.323,-12.667
2018_13_NO_DAL,2018,13,DAL,-12.667,-9.783
2018_14_PHI_DAL,2018,14,DAL,-9.783,-10.751
2018_15_DAL_IND,2018,15,DAL,-10.751,-9.85
2018_16_TB_DAL,2018,16,DAL,-9.85,-11.686
2018_17_DAL_NYG,2018,17,DAL,-11.686,-11.803
2018_18_SEA_DAL,2018,18,DAL,-11.803,-13.311
2018_19_DAL_LAR,2018,19,DAL,-13.311,-11.823
2019_01_NYG_DAL,2019,1,DAL,-7.579,-9.567
2019_02_DAL_WAS,2019,2,DAL,-9.567,-9.992
2019_03_MIA_DAL,2019,3,DAL,-9.992,-9.702
2019_04_DAL_NO,2019,4,DAL,-9.702,-8.951
2019_05_GB_DAL,2019,5,DAL,-8.951,-8.353
2019_06_DAL_NYJ,2019,6,DAL,-8.353,-9.29
2019_07_PHI_DAL,2019,7,DAL,-9.29,-8.228
2019_09_DAL_NYG,2019,9,DAL,-8.228,-7.583
2019_10_MIN_DAL,2019,10,DAL,-7.583,-8.422
2019_11_DAL_DET,2019,11,DAL,-8.422,-10.818
2019_12_DAL_NE,2019,12,DAL,-10.818,-8.785
2019_13_BUF_DAL,2019,13,DAL,-8.785,-10.108
2019_14_DAL_CHI,2019,14,DAL,-10.108,-12.294
2019_15_LAR_DAL,2019,15,DAL,-12.294,-12.986
2019_16_DAL_PHI,2019,16,DAL,-12.986,-14.011
2019_17_WAS_DAL,2019,17,DAL,-14.011,-13.187
2020_01_DAL_LAR,2020,1,DAL,-8.453,-8.665
2020_02_ATL_DAL,2020,2,DAL,-8.665,-10.438
2020_03_DAL_SEA,2020,3,DAL,-10.438,-11.341
2020_04_CLE_DAL,2020,4,DAL,-11.341,-11.932
2020_05_NYG_DAL,2020,5,DAL,-11.932,-11.703
2020_06_ARI_DAL,2020,6,DAL,-11.703,-12.594
2020_07_DAL_WAS,2020,7,DAL,-12.594,-12.572
2020_08_DAL_PHI,2020,8,DAL,-12.572,-10.166
2020_09_PIT_DAL,2020,9,DAL,-10.166,-12.923
2020_11_DAL_MIN,2020,11,DAL,-12.923,-14.765
2020_12_WAS_DAL,2020,12,DAL,-14.765,-13.771
2020_13_DAL_BAL,2020,13,DAL,-13.771,-14.263
2020_14_DAL_CIN,2020,14,DAL,-14.263,-15.908
2020_15_SF_DAL,2020,15,DAL,-15.908,-15.55
2020_16_PHI_DAL,2020,16,DAL,-15.55,-16.374
2020_17_DAL_NYG,2020,17,DAL,-16.374,-16.158
2021_01_DAL_TB,2021,1,DAL,-10.358,-11.205
2021_02_DAL_LAC,2021,2,DAL,-11.205,-11.52
2021_03_PHI_DAL,2021,3,DAL,-11.52,-12.346
2021_04_CAR_DAL,2021,4,DAL,-12.346,-13.75
2021_05_NYG_DAL,2021,5,DAL,-13.75,-12.486
2021_06_DAL_NE,2021,6,DAL,-12.486,-12.041
2021_08_DAL_MIN,2021,8,DAL,-12.041,-11.658
2021_09_DEN_DAL,2021,9,DAL,-11.658,-12.179
2021_10_ATL_DAL,2021,10,DAL,-12.179,-8.626
2021_11_DAL_KC,2021,11,DAL,-8.626,-6.237
2021_12_OAK_DAL,2021,12,DAL,-6.237,-7.127
2021_14_DAL_WAS,2021,14,DAL,-7.127,-4.568
2021_15_DAL_NYG,2021,15,DAL,-4.568,-2.022
2021_16_WAS_DAL,2021,16,DAL,-2.022,0.363
2021_17_ARI_DAL,2021,17,DAL,0.363,-1.113
2021_18_DAL_PHI,2021,18,DAL,-1.113,0.052
2021_19_SF_DAL,2021,19,DAL,0.052,-0.043
2022_01_TB_DAL,2022,1,DAL,-0.028,0.592
2022_02_CIN_DAL,2022,2,DAL,0.592,0.759
2022_03_DAL_NYG,2022,3,DAL,0.759,0.926
2022_04_WAS_DAL,2022,4,DAL,0.926,1.747
2022_05_DAL_LAR,2022,5,DAL,1.747,1.849
2022_06_DAL_PHI,2022,6,DAL,1.849,2.423
2022_07_DET_DAL,2022,7,DAL,2.423,3.878
2022_08_CHI_DAL,2022,8,DAL,3.878,1.478
2022_10_DAL_GB,2022,10,DAL,1.478,1.312
2022_11_DAL_MIN,2022,11,DAL,1.312,4.291
2022_12_NYG_DAL,2022,12,DAL,4.291,3.838
2022_13_IND_DAL,2022,13,DAL,3.838,5.398
2022_14_HOU_DAL,2022,14,DAL,5.398,4.595
2022_15_DAL_JAX,2022,15,DAL,4.595,3.024
2022_16_PHI_DAL,2022,16,DAL,3.024,0.892
2022_17_DAL_TEN,2022,17,DAL,0.892,1.089
2022_18_DAL_WAS,2022,18,DAL,1.089,0.623
2022_19_DAL_TB,2022,19,DAL,0.623,1.704
2022_20_DAL_SF,2022,20,DAL,1.704,1.735
2023_01_DAL_NYG,2023,1,DAL,1.112,4.427
2023_02_NYJ_DAL,2023,2,DAL,4.427,5.215
2023_03_DAL_ARI,2023,3,DAL,5.215,2.541
2023_04_NE_DAL,2023,4,DAL,2.541,3.663
2023_05_DAL_SF,2023,5,DAL,3.663,1.886
2023_06_DAL_LAC,2023,6,DAL,1.886,1.769
2023_08_LAR_DAL,2023,8,DAL,1.769,1.991
2023_09_DAL_PHI,2023,9,DAL,1.991,1.953
2023_10_NYG_DAL,2023,10,DAL,1.953,1.885
2023_11_DAL_CAR,2023,11,DAL,1.885,4.332
2023_12_WAS_DAL,2023,12,DAL,4.332,3.23
2023_13_SEA_DAL,2023,13,DAL,3.23,0.19
2023_14_PHI_DAL,2023,14,DAL,0.19,0.186
2023_15_DAL_BUF,2023,15,DAL,0.186,1.809
2023_16_DAL_MIA,2023,16,DAL,1.809,1.472
2023_17_DET_DAL,2023,17,DAL,1.472,2.231
2023_18_DAL_WAS,2023,18,DAL,2.231,3.673
2023_19_GB_DAL,2023,19,DAL,3.673,1.327
2024_01_DAL_CLE,2024,1,DAL,0.85,3.499
2024_02_NO_DAL,2024,2,DAL,3.499,2.268
2024_03_BAL_DAL,2024,3,DAL,2.268,-0.319
2024_04_DAL_NYG,2024,4,DAL,-0.319,-0.707
2024_05_DAL_PIT,2024,5,DAL,-0.707,0.197
2024_06_DET_DAL,2024,6,DAL,0.197,-1.621
2024_08_DAL_SF,2024,8,DAL,-1.621,-3.023
2024_09_DAL_ATL,2024,9,DAL,-3.023,-3.849
2024_10_PHI_DAL,2024,10,DAL,-3.849,-4.909
2024_11_HOU_DAL,2024,11,DAL,-4.909,-5.709
2024_12_DAL_WAS,2024,12,DAL,-5.709,-6.468
2024_13_NYG_DAL,2024,13,DAL,-6.468,-6.427
2024_14_CIN_DAL,2024,14,DAL,-6.427,-8.123
2024_15_DAL_CAR,2024,15,DAL,-8.123,-6.947
2024_16_TB_DAL,2024,16,DAL,-6.947,-8.202
2024_17_DAL_PHI,2024,17,DAL,-8.202,-8.698
2024_18_WAS_DAL,2024,18,DAL,-8.698,-6.287
2025_01_DAL_PHI,2025,1,DAL,-4.03,-5.07
2025_02_NYG_DAL,2025,2,DAL,-5.07,-8.206
2025_03_DAL_CHI,2025,3,DAL,-8.206,-10.466
2025_04_GB_DAL,2025,4,DAL,-10.466,-13.851
2025_05_DAL_NYJ,2025,5,DAL,-13.851,-13.567
2025_06_DAL_CAR,2025,6,DAL,-13.567,-14.007
2025_07_WAS_DAL,2025,7,DAL,-14.007,-14.013
2025_08_DAL_DEN,2025,8,DAL,-14.013,-14.2
2025_09_ARI_DAL,2025,9,DAL,-14.2,-15.002
2025_11_DAL_OAK,2025,11,DAL,-15.002,-14.729
2025_12_PHI_DAL,2025,12,DAL,-14.729,-17.28
2025_13_KC_DAL,2025,13,DAL,-17.28,-18.629
2025_14_DAL_DET,2025,14,DAL,-18.629,-19.108
2025_15_MIN_DAL,2025,15,DAL,-19.108,-21.24
2025_16_LAC_DAL,2025,16,DAL,-21.24,-24.453
2025_17_DAL_WAS,2025,17,DAL,-24.453,-24.249
2025_18_DAL_NYG,2025,18,DAL,-24.249,-23.847
2026_01_DAL_NYG,2026,1,DAL,-15.286,-16.855
1999_01_MIA_DEN,1999,1,DEN,0.0,-2.017
1999_02_DEN_KC,1999,2,DEN,-2.017,-2.593
1999_03_DEN_TB,1999,3,DEN,-2.593,-1.562
1999_04_NYJ_DEN,1999,4,DEN,-1.562,-1.265
1999_05_DEN_OAK,1999,5,DEN,-1.265,-0.211
1999_06_GB_DEN,1999,6,DEN,-0.211,2.475
1999_07_DEN_NE,1999,7,DEN,2.475,3.043
1999_08_MIN_DEN,1999,8,DEN,3.043,2.043
1999_09_DEN_LAC,1999,9,DEN,2.043,1.48
1999_10_DEN_SEA,1999,10,DEN,1.48,-0.043
1999_11_OAK_DEN,1999,11,DEN,-0.043,0.841
1999_13_KC_DEN,1999,13,DEN,0.841,0.712
1999_14_DEN_JAX,1999,14,DEN,0.712,2.343
1999_15_SEA_DEN,1999,15,DEN,2.343,1.325
1999_16_DEN_DET,1999,16,DEN,1.325,0.321
1999_17_LAC_DEN,1999,17,DEN,0.321,1.756
2000_01_DEN_LAR,2000,1,DEN,1.126,-0.747
2000_02_ATL_DEN,2000,2,DEN,-0.747,0.782
2000_03_DEN_OAK,2000,3,DEN,0.782,2.017
2000_04_KC_DEN,2000,4,DEN,2.017,1.366
2000_05_NE_DEN,2000,5,DEN,1.366,-0.506
2000_06_DEN_LAC,2000,6,DEN,-0.506,2.122
2000_07_CLE_DEN,2000,7,DEN,2.122,3.61
2000_08_DEN_CIN,2000,8,DEN,3.61,4.04
2000_10_DEN_NYJ,2000,10,DEN,4.04,3.717
2000_11_OAK_DEN,2000,11,DEN,3.717,3.871
2000_12_LAC_DEN,2000,12,DEN,3.871,2.012
2000_13_DEN_SEA,2000,13,DEN,2.012,2.246
2000_14_DEN_NO,2000,14,DEN,2.246,-0.855
2000_15_SEA_DEN,2000,15,DEN,-0.855,-2.701
2000_16_DEN_KC,2000,16,DEN,-2.701,-3.168
2000_17_SF_DEN,2000,17,DEN,-3.168,0.491
2000_18_DEN_BAL,2000,18,DEN,0.491,-0.395
2001_01_NYG_DEN,2001,1,DEN,-0.253,-1.329
2001_02_DEN_ARI,2001,2,DEN,-1.329,-1.752
2001_03_BAL_DEN,2001,3,DEN,-1.752,-1.94
2001_04_KC_DEN,2001,4,DEN,-1.94,0.407
2001_05_DEN_SEA,2001,5,DEN,0.407,0.55
2001_06_DEN_LAC,2001,6,DEN,0.55,-0.004
2001_07_NE_DEN,2001,7,DEN,-0.004,0.785
2001_08_DEN_OAK,2001,8,DEN,0.785,-1.481
2001_09_LAC_DEN,2001,9,DEN,-1.481,1.452
2001_10_WAS_DEN,2001,10,DEN,1.452,2.431
2001_11_DEN_DAL,2001,11,DEN,2.431,2.666
2001_12_DEN_MIA,2001,12,DEN,2.666,1.92
2001_13_SEA_DEN,2001,13,DEN,1.92,2.877
2001_14_DEN_KC,2001,14,DEN,2.877,2.361
2001_16_OAK_DEN,2001,16,DEN,2.361,2.025
2001_17_DEN_IND,2001,17,DEN,2.025,1.948
2002_01_LAR_DEN,2002,1,DEN,1.249,1.271
2002_02_DEN_SF,2002,2,DEN,1.271,0.636
2002_03_BUF_DEN,2002,3,DEN,0.636,-0.302
2002_04_DEN_BAL,2002,4,DEN,-0.302,-1.296
2002_05_LAC_DEN,2002,5,DEN,-1.296,-2.211
2002_06_MIA_DEN,2002,6,DEN,-2.211,-1.438
2002_07_DEN_KC,2002,7,DEN,-1.438,-0.301
2002_08_DEN_NE,2002,8,DEN,-0.301,1.282
2002_10_OAK_DEN,2002,10,DEN,1.282,-1.868
2002_11_DEN_SEA,2002,11,DEN,-1.868,-0.086
2002_12_IND_DEN,2002,12,DEN,-0.086,1.381
2002_13_DEN_LAC,2002,13,DEN,1.381,0.486
2002_14_DEN_NYJ,2002,14,DEN,0.486,0.317
2002_15_KC_DEN,2002,15,DEN,0.317,-0.221
2002_16_DEN_OAK,2002,16,DEN,-0.221,0.38
2002_17_ARI_DEN,2002,17,DEN,0.38,0.142
2003_01_DEN_CIN,2003,1,DEN,0.091,1.476
2003_02_DEN_LAC,2003,2,DEN,1.476,1.695
2003_03_OAK_DEN,2003,3,DEN,1.695,4.184
2003_04_DET_DEN,2003,4,DEN,4.184,3.863
2003_05_DEN_KC,2003,5,DEN,3.863,3.944
2003_06_PIT_DEN,2003,6,DEN,3.944,5.369
2003_07_DEN_MIN,2003,7,DEN,5.369,3.575
2003_08_DEN_BAL,2003,8,DEN,3.575,2.846
2003_09_NE_DEN,2003,9,DEN,2.846,0.824
2003_11_LAC_DEN,2003,11,DEN,0.824,3.013
2003_12_CHI_DEN,2003,12,DEN,3.013,3.166
2003_13_DEN_OAK,2003,13,DEN,3.166,3.774
2003_14_KC_DEN,2003,14,DEN,3.774,1.56
2003_15_CLE_DEN,2003,15,DEN,1.56,1.284
2003_16_DEN_IND,2003,16,DEN,1.284,2.8
2003_17_DEN_GB,2003,17,DEN,2.8,4.023
2003_18_DEN_IND,2003,18,DEN,4.023,-0.195
2004_01_KC_DEN,2004,1,DEN,-0.125,1.301
2004_02_DEN_JAX,2004,2,DEN,1.301,1.074
2004_03_LAC_DEN,2004,3,DEN,1.074,1.577
2004_04_DEN_TB,2004,4,DEN,1.577,0.971
2004_05_CAR_DEN,2004,5,DEN,0.971,0.084
2004_06_DEN_OAK,2004,6,DEN,0.084,1.991
2004_07_DEN_CIN,2004,7,DEN,1.991,1.642
2004_08_ATL_DEN,2004,8,DEN,1.642,-2.179
2004_09_HOU_DEN,2004,9,DEN,-2.179,-0.747
2004_11_DEN_NO,2004,11,DEN,-0.747,-0.843
2004_12_OAK_DEN,2004,12,DEN,-0.843,-2.989
2004_13_DEN_LAC,2004,13,DEN,-2.989,-0.342
2004_14_MIA_DEN,2004,14,DEN,-0.342,0.605
2004_15_DEN_KC,2004,15,DEN,0.605,-0.624
2004_16_DEN_TEN,2004,16,DEN,-0.624,3.051
2004_17_IND_DEN,2004,17,DEN,3.051,1.629
2004_18_DEN_IND,2004,18,DEN,1.629,-1.772
2005_01_DEN_MIA,2005,1,DEN,-1.136,-2.722
2005_02_LAC_DEN,2005,2,DEN,-2.722,-0.8
2005_03_KC_DEN,2005,3,DEN,-0.8,-0.113
2005_04_DEN_JAX,2005,4,DEN,-0.113,0.498
2005_05_WAS_DEN,2005,5,DEN,0.498,-1.869
2005_06_NE_DEN,2005,6,DEN,-1.869,-2.295
2005_07_DEN_NYG,2005,7,DEN,-2.295,-3.188
2005_08_PHI_DEN,2005,8,DEN,-3.188,-1.979
2005_10_DEN_OAK,2005,10,DEN,-1.979,-0.516
2005_11_NYJ_DEN,2005,11,DEN,-0.516,-0.223
2005_12_DEN_DAL,2005,12,DEN,-0.223,-1.285
2005_13_DEN_KC,2005,13,DEN,-1.285,-1.864
2005_14_BAL_DEN,2005,14,DEN,-1.864,-1.875
2005_15_DEN_BUF,2005,15,DEN,-1.875,-2.675
2005_16_OAK_DEN,2005,16,DEN,-2.675,-1.224
2005_17_DEN_LAC,2005,17,DEN,-1.224,0.499
2005_19_NE_DEN,2005,19,DEN,0.499,0.851
2005_20_PIT_DEN,2005,20,DEN,0.851,-1.348
2006_01_DEN_LAR,2006,1,DEN,-0.864,-0.235
2006_02_KC_DEN,2006,2,DEN,-0.235,-1.028
2006_03_DEN_NE,2006,3,DEN,-1.028,-2.165
2006_05_BAL_DEN,2006,5,DEN,-2.165,-0.04
2006_06_OAK_DEN,2006,6,DEN,-0.04,0.696
2006_07_DEN_CLE,2006,7,DEN,0.696,1.71
2006_08_IND_DEN,2006,8,DEN,1.71,-0.406
2006_09_DEN_PIT,2006,9,DEN,-0.406,-1.049
2006_10_DEN_OAK,2006,10,DEN,-1.049,-1.796
2006_11_LAC_DEN,2006,11,DEN,-1.796,-1.908
2006_12_DEN_KC,2006,12,DEN,-1.908,-0.95
2006_13_SEA_DEN,2006,13,DEN,-0.95,-0.442
2006_14_DEN_LAC,2006,14,DEN,-0.442,-1.884
2006_15_DEN_ARI,2006,15,DEN,-1.884,-1.297
2006_16_CIN_DEN,2006,16,DEN,-1.297,0.062
2006_17_SF_DEN,2006,17,DEN,0.062,1.015
2007_01_DEN_BUF,2007,1,DEN,0.651,1.628
2007_02_OAK_DEN,2007,2,DEN,1.628,4.28
2007_03_JAX_DEN,2007,3,DEN,4.28,3.566
2007_04_DEN_IND,2007,4,DEN,3.566,1.579
2007_05_LAC_DEN,2007,5,DEN,1.579,-1.054
2007_07_PIT_DEN,2007,7,DEN,-1.054,-2.147
2007_08_GB_DEN,2007,8,DEN,-2.147,-3.84
2007_09_DEN_DET,2007,9,DEN,-3.84,-5.467
2007_10_DEN_KC,2007,10,DEN,-5.467,-3.177
2007_11_TEN_DEN,2007,11,DEN,-3.177,-5.608
2007_12_DEN_CHI,2007,12,DEN,-5.608,-5.068
2007_13_DEN_OAK,2007,13,DEN,-5.068,-7.241
2007_14_KC_DEN,2007,14,DEN,-7.241,-5.863
2007_15_DEN_HOU,2007,15,DEN,-5.863,-7.857
2007_16_DEN_LAC,2007,16,DEN,-7.857,-8.354
2007_17_MIN_DEN,2007,17,DEN,-8.354,-8.515
2008_01_DEN_OAK,2008,1,DEN,-5.458,-6.245
2008_02_LAC_DEN,2008,2,DEN,-6.245,-8.024
2008_03_NO_DEN,2008,3,DEN,-8.024,-9.972
2008_04_DEN_KC,2008,4,DEN,-9.972,-10.807
2008_05_TB_DEN,2008,5,DEN,-10.807,-9.403
2008_06_JAX_DEN,2008,6,DEN,-9.403,-9.922
2008_07_DEN_NE,2008,7,DEN,-9.922,-10.302
2008_09_MIA_DEN,2008,9,DEN,-10.302,-9.0
2008_10_DEN_CLE,2008,10,DEN,-9.0,-10.714
2008_11_DEN_ATL,2008,11,DEN,-10.714,-11.332
2008_12_OAK_DEN,2008,12,DEN,-11.332,-12.528
2008_13_DEN_NYJ,2008,13,DEN,-12.528,-10.804
2008_14_KC_DEN,2008,14,DEN,-10.804,-11.236
2008_15_DEN_CAR,2008,15,DEN,-11.236,-11.502
2008_16_BUF_DEN,2008,16,DEN,-11.502,-12.298
2008_17_DEN_LAC,2008,17,DEN,-12.298,-12.125
2009_01_DEN_CIN,2009,1,DEN,-7.772,-6.123
2009_02_CLE_DEN,2009,2,DEN,-6.123,-4.555
2009_03_DEN_OAK,2009,3,DEN,-4.555,-2.558
2009_04_DAL_DEN,2009,4,DEN,-2.558,-0.553
2009_05_NE_DEN,2009,5,DEN,-0.553,-0.278
2009_06_DEN_LAC,2009,6,DEN,-0.278,0.549
2009_08_DEN_BAL,2009,8,DEN,0.549,0.279
2009_09_PIT_DEN,2009,9,DEN,0.279,-0.064
2009_10_DEN_WAS,2009,10,DEN,-0.064,-0.302
2009_11_LAC_DEN,2009,11,DEN,-0.302,-0.362
2009_12_NYG_DEN,2009,12,DEN,-0.362,0.879
2009_13_DEN_KC,2009,13,DEN,0.879,3.537
2009_14_DEN_IND,2009,14,DEN,3.537,4.657
2009_15_OAK_DEN,2009,15,DEN,4.657,4.652
2009_16_DEN_PHI,2009,16,DEN,4.652,4.012
2009_17_KC_DEN,2009,17,DEN,4.012,3.809
2010_01_DEN_JAX,2010,1,DEN,2.441,1.001
2010_02_SEA_DEN,2010,2,DEN,1.001,1.093
2010_03_IND_DEN,2010,3,DEN,1.093,0.384
2010_04_DEN_TEN,2010,4,DEN,0.384,-0.075
2010_05_DEN_BAL,2010,5,DEN,-0.075,-0.901
2010_06_NYJ_DEN,2010,6,DEN,-0.901,0.218
2010_07_OAK_DEN,2010,7,DEN,0.218,-0.925
2010_08_DEN_SF,2010,8,DEN,-0.925,-2.706
2010_10_KC_DEN,2010,10,DEN,-2.706,-5.558
2010_11_DEN_LAC,2010,11,DEN,-5.558,-5.767
2010_12_LAR_DEN,2010,12,DEN,-5.767,-6.994
2010_13_DEN_KC,2010,13,DEN,-6.994,-6.281
2010_14_DEN_ARI,2010,14,DEN,-6.281,-6.537
2010_15_DEN_OAK,2010,15,DEN,-6.537,-6.973
2010_16_HOU_DEN,2010,16,DEN,-6.973,-7.027
2010_17_LAC_DEN,2010,17,DEN,-7.027,-4.719
2011_01_OAK_DEN,2011,1,DEN,-3.025,-2.938
2011_02_CIN_DEN,2011,2,DEN,-2.938,-5.043
2011_03_DEN_TEN,2011,3,DEN,-5.043,-6.721
2011_04_DEN_GB,2011,4,DEN,-6.721,-9.943
2011_05_LAC_DEN,2011,5,DEN,-9.943,-8.711
2011_07_DEN_MIA,2011,7,DEN,-8.711,-8.654
2011_08_DET_DEN,2011,8,DEN,-8.654,-9.901
2011_09_DEN_OAK,2011,9,DEN,-9.901,-9.217
2011_10_DEN_KC,2011,10,DEN,-9.217,-7.667
2011_11_NYJ_DEN,2011,11,DEN,-7.667,-6.564
2011_12_DEN_LAC,2011,12,DEN,-6.564,-5.29
2011_13_DEN_MIN,2011,13,DEN,-5.29,-7.554
2011_14_CHI_DEN,2011,14,DEN,-7.554,-7.047
2011_15_NE_DEN,2011,15,DEN,-7.047,-7.438
2011_16_DEN_BUF,2011,16,DEN,-7.438,-7.08
2011_17_KC_DEN,2011,17,DEN,-7.08,-6.138
2011_18_PIT_DEN,2011,18,DEN,-6.138,-4.845
2011_19_DEN_NE,2011,19,DEN,-4.845,-7.817
2012_01_PIT_DEN,2012,1,DEN,-5.011,-3.643
2012_02_DEN_ATL,2012,2,DEN,-3.643,-4.791
2012_03_HOU_DEN,2012,3,DEN,-4.791,-5.493
2012_04_OAK_DEN,2012,4,DEN,-5.493,-3.979
2012_05_DEN_NE,2012,5,DEN,-3.979,-3.204
2012_06_DEN_LAC,2012,6,DEN,-3.204,-0.755
2012_08_NO_DEN,2012,8,DEN,-0.755,1.245
2012_09_DEN_CIN,2012,9,DEN,1.245,1.624
2012_10_DEN_CAR,2012,10,DEN,1.624,4.039
2012_11_LAC_DEN,2012,11,DEN,4.039,5.021
2012_12_DEN_KC,2012,12,DEN,5.021,6.041
2012_13_TB_DEN,2012,13,DEN,6.041,6.389
2012_14_DEN_OAK,2012,14,DEN,6.389,5.686
2012_15_DEN_BAL,2012,15,DEN,5.686,6.15
2012_16_CLE_DEN,2012,16,DEN,6.15,6.563
2012_17_KC_DEN,2012,17,DEN,6.563,7.74
2012_19_BAL_DEN,2012,19,DEN,7.74,5.223
2013_01_BAL_DEN,2013,1,DEN,3.348,4.02
2013_02_DEN_NYG,2013,2,DEN,4.02,5.292
2013_03_OAK_DEN,2013,3,DEN,5.292,5.861
2013_04_PHI_DEN,2013,4,DEN,5.861,6.47
2013_05_DEN_DAL,2013,5,DEN,6.47,3.035
2013_06_JAX_DEN,2013,6,DEN,3.035,2.949
2013_07_DEN_IND,2013,7,DEN,2.949,0.521
2013_08_WAS_DEN,2013,8,DEN,0.521,3.579
2013_10_DEN_LAC,2013,10,DEN,3.579,4.673
2013_11_KC_DEN,2013,11,DEN,4.673,3.987
2013_12_DEN_NE,2013,12,DEN,3.987,1.709
2013_13_DEN_KC,2013,13,DEN,1.709,-0.391
2013_14_TEN_DEN,2013,14,DEN,-0.391,0.402
2013_15_LAC_DEN,2013,15,DEN,0.402,1.152
2013_16_DEN_HOU,2013,16,DEN,1.152,2.692
2013_19_LAC_DEN,2013,19,DEN,2.692,2.783
2013_20_NE_DEN,2013,20,DEN,2.783,1.786
2013_21_SEA_DEN,2013,21,DEN,1.786,0.051
2014_01_IND_DEN,2014,1,DEN,0.032,-0.739
2014_02_KC_DEN,2014,2,DEN,-0.739,-1.36
2014_03_DEN_SEA,2014,3,DEN,-1.36,-1.882
2014_05_ARI_DEN,2014,5,DEN,-1.882,-0.767
2014_06_DEN_NYJ,2014,6,DEN,-0.767,-0.161
2014_07_SF_DEN,2014,7,DEN,-0.161,1.636
2014_08_LAC_DEN,2014,8,DEN,1.636,1.318
2014_09_DEN_NE,2014,9,DEN,1.318,-0.008
2014_10_DEN_OAK,2014,10,DEN,-0.008,-0.221
2014_11_DEN_LAR,2014,11,DEN,-0.221,-1.108
2014_12_MIA_DEN,2014,12,DEN,-1.108,-2.712
2014_13_DEN_KC,2014,13,DEN,-2.712,-1.102
2014_14_BUF_DEN,2014,14,DEN,-1.102,-1.299
2014_15_DEN_LAC,2014,15,DEN,-1.299,-0.341
2014_16_DEN_CIN,2014,16,DEN,-0.341,-0.743
2014_17_OAK_DEN,2014,17,DEN,-0.743,0.84
2014_19_IND_DEN,2014,19,DEN,0.84,1.262
2015_01_BAL_DEN,2015,1,DEN,0.809,3.232
2015_02_DEN_KC,2015,2,DEN,3.232,5.254
2015_03_DEN_DET,2015,3,DEN,5.254,5.193
2015_04_MIN_DEN,2015,4,DEN,5.193,5.188
2015_05_DEN_OAK,2015,5,DEN,5.188,5.672
2015_06_DEN_CLE,2015,6,DEN,5.672,6.802
2015_08_GB_DEN,2015,8,DEN,6.802,8.756
2015_09_DEN_IND,2015,9,DEN,8.756,6.687
2015_10_KC_DEN,2015,10,DEN,6.687,6.545
2015_11_DEN_CHI,2015,11,DEN,6.545,7.07
2015_12_NE_DEN,2015,12,DEN,7.07,7.229
2015_13_DEN_LAC,2015,13,DEN,7.229,9.912
2015_14_OAK_DEN,2015,14,DEN,9.912,11.591
2015_15_DEN_PIT,2015,15,DEN,11.591,10.429
2015_16_CIN_DEN,2015,16,DEN,10.429,8.681
2015_17_LAC_DEN,2015,17,DEN,8.681,9.26
2015_19_PIT_DEN,2015,19,DEN,9.26,9.132
2015_20_NE_DEN,2015,20,DEN,9.132,11.538
2015_21_CAR_DEN,2015,21,DEN,11.538,14.0
2016_01_CAR_DEN,2016,1,DEN,8.974,9.243
2016_02_IND_DEN,2016,2,DEN,9.243,11.513
2016_03_DEN_CIN,2016,3,DEN,11.513,12.254
2016_04_DEN_TB,2016,4,DEN,12.254,14.621
2016_05_ATL_DEN,2016,5,DEN,14.621,15.485
2016_06_DEN_LAC,2016,6,DEN,15.485,15.8
2016_07_HOU_DEN,2016,7,DEN,15.8,16.208
2016_08_LAC_DEN,2016,8,DEN,16.208,18.756
2016_09_DEN_OAK,2016,9,DEN,18.756,19.486
2016_10_DEN_NO,2016,10,DEN,19.486,18.52
2016_12_KC_DEN,2016,12,DEN,18.52,19.125
2016_13_DEN_JAX,2016,13,DEN,19.125,19.844
2016_14_DEN_TEN,2016,14,DEN,19.844,21.728
2016_15_NE_DEN,2016,15,DEN,21.728,23.094
2016_16_DEN_KC,2016,16,DEN,23.094,20.338
2016_17_OAK_DEN,2016,17,DEN,20.338,20.668
2017_01_LAC_DEN,2017,1,DEN,13.248,12.395
2017_02_DAL_DEN,2017,2,DEN,12.395,13.012
2017_03_DEN_BUF,2017,3,DEN,13.012,12.512
2017_04_OAK_DEN,2017,4,DEN,12.512,13.182
2017_06_NYG_DEN,2017,6,DEN,13.182,14.117
2017_07_DEN_LAC,2017,7,DEN,14.117,14.341
2017_08_DEN_KC,2017,8,DEN,14.341,14.562
2017_09_DEN_PHI,2017,9,DEN,14.562,13.052
2017_10_NE_DEN,2017,10,DEN,13.052,11.625
2017_11_CIN_DEN,2017,11,DEN,11.625,10.91
2017_12_DEN_OAK,2017,12,DEN,10.91,9.818
2017_13_DEN_MIA,2017,13,DEN,9.818,9.876
2017_14_NYJ_DEN,2017,14,DEN,9.876,12.826
2017_15_DEN_IND,2017,15,DEN,12.826,11.103
2017_16_DEN_WAS,2017,16,DEN,11.103,10.262
2017_17_KC_DEN,2017,17,DEN,10.262,9.883
2018_01_SEA_DEN,2018,1,DEN,6.335,7.576
2018_02_OAK_DEN,2018,2,DEN,7.576,5.357
2018_03_DEN_BAL,2018,3,DEN,5.357,4.992
2018_04_KC_DEN,2018,4,DEN,4.992,3.727
2018_05_DEN_NYJ,2018,5,DEN,3.727,3.201
2018_06_LAR_DEN,2018,6,DEN,3.201,6.005
2018_07_DEN_ARI,2018,7,DEN,6.005,7.52
2018_08_DEN_KC,2018,8,DEN,7.52,6.39
2018_09_HOU_DEN,2018,9,DEN,6.39,6.298
2018_11_DEN_LAC,2018,11,DEN,6.298,6.238
2018_12_PIT_DEN,2018,12,DEN,6.238,5.034
2018_13_DEN_CIN,2018,13,DEN,5.034,4.606
2018_14_DEN_SF,2018,14,DEN,4.606,3.848
2018_15_CLE_DEN,2018,15,DEN,3.848,4.483
2018_16_DEN_OAK,2018,16,DEN,4.483,4.672
2018_17_LAC_DEN,2018,17,DEN,4.672,5.961
2019_01_DEN_OAK,2019,1,DEN,3.821,1.981
2019_02_CHI_DEN,2019,2,DEN,1.981,2.731
2019_03_DEN_GB,2019,3,DEN,2.731,2.875
2019_04_JAX_DEN,2019,4,DEN,2.875,2.955
2019_05_DEN_LAC,2019,5,DEN,2.955,4.021
2019_06_TEN_DEN,2019,6,DEN,4.021,7.408
2019_07_KC_DEN,2019,7,DEN,7.408,8.576
2019_08_DEN_IND,2019,8,DEN,8.576,8.545
2019_09_CLE_DEN,2019,9,DEN,8.545,7.123
2019_11_DEN_MIN,2019,11,DEN,7.123,5.395
2019_12_DEN_BUF,2019,12,DEN,5.395,4.639
2019_13_LAC_DEN,2019,13,DEN,4.639,4.324
2019_14_DEN_HOU,2019,14,DEN,4.324,3.721
2019_15_DEN_KC,2019,15,DEN,3.721,3.176
2019_16_DET_DEN,2019,16,DEN,3.176,4.282
2019_17_OAK_DEN,2019,17,DEN,4.282,3.292
2020_01_TEN_DEN,2020,1,DEN,2.11,0.795
2020_02_DEN_PIT,2020,2,DEN,0.795,0.065
2020_03_TB_DEN,2020,3,DEN,0.065,-0.59
2020_04_DEN_NYJ,2020,4,DEN,-0.59,-1.015
2020_06_DEN_NE,2020,6,DEN,-1.015,0.005
2020_07_KC_DEN,2020,7,DEN,0.005,1.428
2020_08_LAC_DEN,2020,8,DEN,1.428,1.218
2020_09_DEN_ATL,2020,9,DEN,1.218,0.153
2020_10_DEN_OAK,2020,10,DEN,0.153,0.418
2020_11_MIA_DEN,2020,11,DEN,0.418,2.826
2020_13_DEN_KC,2020,13,DEN,2.826,3.344
2020_14_DEN_CAR,2020,14,DEN,3.344,2.655
2020_15_BUF_DEN,2020,15,DEN,2.655,-0.445
2020_16_DEN_LAC,2020,16,DEN,-0.445,-1.112
2020_17_OAK_DEN,2020,17,DEN,-1.112,-0.253
2021_01_DEN_NYG,2021,1,DEN,-0.162,-1.6
2021_02_DEN_JAX,2021,2,DEN,-1.6,0.634
2021_03_NYJ_DEN,2021,3,DEN,0.634,3.555
2021_04_BAL_DEN,2021,4,DEN,3.555,3.774
2021_05_DEN_PIT,2021,5,DEN,3.774,3.115
2021_06_OAK_DEN,2021,6,DEN,3.115,2.557
2021_07_DEN_CLE,2021,7,DEN,2.557,2.083
2021_08_WAS_DEN,2021,8,DEN,2.083,3.325
2021_09_DEN_DAL,2021,9,DEN,3.325,4.581
2021_10_PHI_DEN,2021,10,DEN,4.581,4.345
2021_12_LAC_DEN,2021,12,DEN,4.345,5.3
2021_13_DEN_KC,2021,13,DEN,5.3,6.627
2021_14_DET_DEN,2021,14,DEN,6.627,7.403
2021_15_CIN_DEN,2021,15,DEN,7.403,7.447
2021_16_DEN_OAK,2021,16,DEN,7.447,7.437
2021_17_DEN_LAC,2021,17,DEN,7.437,6.409
2021_18_KC_DEN,2021,18,DEN,6.409,5.676
2022_01_DEN_SEA,2022,1,DEN,3.638,1.163
2022_02_HOU_DEN,2022,2,DEN,1.163,2.285
2022_03_SF_DEN,2022,3,DEN,2.285,2.647
2022_04_DEN_OAK,2022,4,DEN,2.647,2.488
2022_05_IND_DEN,2022,5,DEN,2.488,4.576
2022_06_DEN_LAC,2022,6,DEN,4.576,5.363
2022_07_NYJ_DEN,2022,7,DEN,5.363,5.059
2022_08_DEN_JAX,2022,8,DEN,5.059,6.106
2022_10_DEN_TEN,2022,10,DEN,6.106,5.448
2022_11_OAK_DEN,2022,11,DEN,5.448,4.534
2022_12_DEN_CAR,2022,12,DEN,4.534,3.286
2022_13_DEN_BAL,2022,13,DEN,3.286,6.073
2022_14_KC_DEN,2022,14,DEN,6.073,7.417
2022_15_ARI_DEN,2022,15,DEN,7.417,9.132
2022_16_DEN_LAR,2022,16,DEN,9.132,5.359
2022_17_DEN_KC,2022,17,DEN,5.359,5.003
2022_18_LAC_DEN,2022,18,DEN,5.003,4.662
2023_01_OAK_DEN,2023,1,DEN,2.988,1.574
2023_02_WAS_DEN,2023,2,DEN,1.574,-1.021
2023_03_DEN_MIA,2023,3,DEN,-1.021,-3.572
2023_04_DEN_CHI,2023,4,DEN,-3.572,-5.452
2023_05_NYJ_DEN,2023,5,DEN,-5.452,-4.811
2023_06_DEN_KC,2023,6,DEN,-4.811,-5.225
2023_07_GB_DEN,2023,7,DEN,-5.225,-5.795
2023_08_KC_DEN,2023,8,DEN,-5.795,-2.629
2023_10_DEN_BUF,2023,10,DEN,-2.629,-0.748
2023_11_MIN_DEN,2023,11,DEN,-0.748,-0.577
2023_12_CLE_DEN,2023,12,DEN,-0.577,-1.114
2023_13_DEN_HOU,2023,13,DEN,-1.114,-0.514
2023_14_DEN_LAC,2023,14,DEN,-0.514,2.367
2023_15_DEN_DET,2023,15,DEN,2.367,-0.352
2023_16_NE_DEN,2023,16,DEN,-0.352,-2.102
2023_17_LAC_DEN,2023,17,DEN,-2.102,-2.77
2023_18_DEN_OAK,2023,18,DEN,-2.77,-4.414
2024_01_DEN_SEA,2024,1,DEN,-2.829,-2.78
2024_02_PIT_DEN,2024,2,DEN,-2.78,-1.959
2024_03_DEN_TB,2024,3,DEN,-1.959,0.246
2024_04_DEN_NYJ,2024,4,DEN,0.246,2.253
2024_05_OAK_DEN,2024,5,DEN,2.253,3.49
2024_06_LAC_DEN,2024,6,DEN,3.49,4.189
2024_07_DEN_NO,2024,7,DEN,4.189,3.333
2024_08_CAR_DEN,2024,8,DEN,3.333,2.742
2024_09_DEN_BAL,2024,9,DEN,2.742,2.151
2024_10_DEN_KC,2024,10,DEN,2.151,2.608
2024_11_ATL_DEN,2024,11,DEN,2.608,4.944
2024_12_DEN_OAK,2024,12,DEN,4.944,4.784
2024_13_CLE_DEN,2024,13,DEN,4.784,3.598
2024_15_IND_DEN,2024,15,DEN,3.598,4.87
2024_16_DEN_LAC,2024,16,DEN,4.87,3.125
2024_17_DEN_CIN,2024,17,DEN,3.125,1.283
2024_18_KC_DEN,2024,18,DEN,1.283,3.398
2024_19_DEN_BUF,2024,19,DEN,3.398,2.995
2025_01_TEN_DEN,2025,1,DEN,1.92,4.959
2025_02_DEN_IND,2025,2,DEN,4.959,2.449
2025_03_DEN_LAC,2025,3,DEN,2.449,3.286
2025_04_CIN_DEN,2025,4,DEN,3.286,4.656
2025_05_DEN_PHI,2025,5,DEN,4.656,5.704
2025_06_DEN_NYJ,2025,6,DEN,5.704,9.705
2025_07_NYG_DEN,2025,7,DEN,9.705,9.222
2025_08_DAL_DEN,2025,8,DEN,9.222,11.706
2025_09_DEN_HOU,2025,9,DEN,11.706,12.322
2025_10_OAK_DEN,2025,10,DEN,12.322,14.747
2025_11_KC_DEN,2025,11,DEN,14.747,15.547
2025_13_DEN_WAS,2025,13,DEN,15.547,14.324
2025_14_DEN_OAK,2025,14,DEN,14.324,13.86
2025_15_GB_DEN,2025,15,DEN,13.86,14.543
2025_16_JAX_DEN,2025,16,DEN,14.543,13.312
2025_17_DEN_KC,2025,17,DEN,13.312,12.004
2025_18_LAC_DEN,2025,18,DEN,12.004,13.679
2025_20_BUF_DEN,2025,20,DEN,13.679,13.488
2025_21_NE_DEN,2025,21,DEN,13.488,14.638
2026_01_DEN_KC,2026,1,DEN,9.383,8.909
1999_01_DET_SEA,1999,1,DET,0.0,-1.814
1999_02_GB_DET,1999,2,DET,-1.814,-2.744
1999_03_DET_KC,1999,3,DET,-2.744,-5.097
1999_05_LAC_DET,1999,5,DET,-5.097,-6.106
1999_06_MIN_DET,1999,6,DET,-6.106,-5.067
1999_07_DET_CAR,1999,7,DET,-5.067,-4.962
1999_08_TB_DET,1999,8,DET,-4.962,-6.342
1999_09_LAR_DET,1999,9,DET,-6.342,-7.341
1999_10_DET_ARI,1999,10,DET,-7.341,-7.234
1999_11_DET_GB,1999,11,DET,-7.234,-9.319
1999_12_CHI_DET,1999,12,DET,-9.319,-10.82
1999_13_WAS_DET,1999,13,DET,-10.82,-10.033
1999_14_DET_TB,1999,14,DET,-10.033,-11.091
1999_15_DET_CHI,1999,15,DET,-11.091,-13.695
1999_16_DEN_DET,1999,16,DET,-13.695,-14.623
1999_17_DET_MIN,1999,17,DET,-14.623,-13.577
1999_18_DET_WAS,1999,18,DET,-13.577,-11.878
2000_01_DET_NO,2000,1,DET,-7.614,-6.769
2000_02_WAS_DET,2000,2,DET,-6.769,-7.338
2000_03_TB_DET,2000,3,DET,-7.338,-10.228
2000_04_DET_CHI,2000,4,DET,-10.228,-10.922
2000_05_MIN_DET,2000,5,DET,-10.922,-13.26
2000_06_GB_DET,2000,6,DET,-13.26,-13.146
2000_08_DET_TB,2000,8,DET,-13.146,-11.404
2000_09_DET_IND,2000,9,DET,-11.404,-11.979
2000_10_MIA_DET,2000,10,DET,-11.979,-13.352
2000_11_ATL_DET,2000,11,DET,-13.352,-11.612
2000_12_DET_NYG,2000,12,DET,-11.612,-12.63
2000_13_NE_DET,2000,13,DET,-12.63,-12.121
2000_14_DET_MIN,2000,14,DET,-12.121,-11.444
2000_15_DET_GB,2000,15,DET,-11.444,-10.366
2000_16_DET_NYJ,2000,16,DET,-10.366,-9.893
2000_17_CHI_DET,2000,17,DET,-9.893,-10.754
2001_01_DET_GB,2001,1,DET,-6.894,-7.966
2001_02_DET_CLE,2001,2,DET,-7.966,-7.211
2001_04_LAR_DET,2001,4,DET,-7.211,-9.782
2001_05_DET_MIN,2001,5,DET,-9.782,-11.508
2001_06_TEN_DET,2001,6,DET,-11.508,-11.545
2001_07_CIN_DET,2001,7,DET,-11.545,-12.815
2001_08_DET_SF,2001,8,DET,-12.815,-12.675
2001_09_TB_DET,2001,9,DET,-12.675,-13.213
2001_10_DET_ARI,2001,10,DET,-13.213,-15.131
2001_11_GB_DET,2001,11,DET,-15.131,-16.554
2001_12_DET_CHI,2001,12,DET,-16.554,-15.139
2001_13_DET_TB,2001,13,DET,-15.139,-13.936
2001_14_MIN_DET,2001,14,DET,-13.936,-14.516
2001_15_DET_PIT,2001,15,DET,-14.516,-16.255
2001_16_CHI_DET,2001,16,DET,-16.255,-18.036
2001_17_DAL_DET,2001,17,DET,-18.036,-18.093
2002_01_DET_MIA,2002,1,DET,-11.598,-13.429
2002_02_DET_CAR,2002,2,DET,-13.429,-15.51
2002_03_GB_DET,2002,3,DET,-15.51,-17.68
2002_04_NO_DET,2002,4,DET,-17.68,-18.173
2002_06_DET_MIN,2002,6,DET,-18.173,-20.963
2002_07_CHI_DET,2002,7,DET,-20.963,-20.511
2002_08_DET_BUF,2002,8,DET,-20.511,-20.033
2002_09_DAL_DET,2002,9,DET,-20.033,-19.968
2002_10_DET_GB,2002,10,DET,-19.968,-20.773
2002_11_NYJ_DET,2002,11,DET,-20.773,-22.896
2002_12_DET_CHI,2002,12,DET,-22.896,-22.325
2002_13_NE_DET,2002,13,DET,-22.325,-22.166
2002_14_DET_ARI,2002,14,DET,-22.166,-20.989
2002_15_TB_DET,2002,15,DET,-20.989,-21.361
2002_16_DET_ATL,2002,16,DET,-21.361,-22.351
2002_17_MIN_DET,2002,17,DET,-22.351,-23.697
2003_01_ARI_DET,2003,1,DET,-15.19,-17.644
2003_02_DET_GB,2003,2,DET,-17.644,-17.097
2003_03_MIN_DET,2003,3,DET,-17.097,-17.174
2003_04_DET_DEN,2003,4,DET,-17.174,-18.945
2003_05_DET_SF,2003,5,DET,-18.945,-18.558
2003_07_DAL_DET,2003,7,DET,-18.558,-21.033
2003_08_DET_CHI,2003,8,DET,-21.033,-21.249
2003_09_OAK_DET,2003,9,DET,-21.249,-20.204
2003_10_CHI_DET,2003,10,DET,-20.204,-20.02
2003_11_DET_SEA,2003,11,DET,-20.02,-21.504
2003_12_DET_MIN,2003,12,DET,-21.504,-20.2
2003_13_GB_DET,2003,13,DET,-20.2,-19.607
2003_14_LAC_DET,2003,14,DET,-19.607,-21.544
2003_15_DET_KC,2003,15,DET,-21.544,-23.688
2003_16_DET_CAR,2003,16,DET,-23.688,-25.393
2003_17_LAR_DET,2003,17,DET,-25.393,-23.738
2004_01_DET_CHI,2004,1,DET,-15.216,-13.257
2004_02_HOU_DET,2004,2,DET,-13.257,-14.716
2004_03_PHI_DET,2004,3,DET,-14.716,-17.213
2004_05_DET_ATL,2004,5,DET,-17.213,-15.607
2004_06_GB_DET,2004,6,DET,-15.607,-17.297
2004_07_DET_NYG,2004,7,DET,-17.297,-15.632
2004_08_DET_DAL,2004,8,DET,-15.632,-16.193
2004_09_WAS_DET,2004,9,DET,-16.193,-15.586
2004_10_DET_JAX,2004,10,DET,-15.586,-16.466
2004_11_DET_MIN,2004,11,DET,-16.466,-15.817
2004_12_IND_DET,2004,12,DET,-15.817,-18.168
2004_13_ARI_DET,2004,13,DET,-18.168,-16.66
2004_14_DET_GB,2004,14,DET,-16.66,-15.813
2004_15_MIN_DET,2004,15,DET,-15.813,-16.59
2004_16_CHI_DET,2004,16,DET,-16.59,-17.343
2004_17_DET_TEN,2004,17,DET,-17.343,-17.137
2005_01_GB_DET,2005,1,DET,-10.985,-9.185
2005_02_DET_CHI,2005,2,DET,-9.185,-9.924
2005_04_DET_TB,2005,4,DET,-9.924,-9.001
2005_05_BAL_DET,2005,5,DET,-9.001,-10.491
2005_06_CAR_DET,2005,6,DET,-10.491,-10.156
2005_07_DET_CLE,2005,7,DET,-10.156,-6.73
2005_08_CHI_DET,2005,8,DET,-6.73,-8.632
2005_09_DET_MIN,2005,9,DET,-8.632,-9.283
2005_10_ARI_DET,2005,10,DET,-9.283,-12.29
2005_11_DET_DAL,2005,11,DET,-12.29,-10.832
2005_12_ATL_DET,2005,12,DET,-10.832,-11.702
2005_13_MIN_DET,2005,13,DET,-11.702,-13.771
2005_14_DET_GB,2005,14,DET,-13.771,-12.623
2005_15_CIN_DET,2005,15,DET,-12.623,-13.547
2005_16_DET_NO,2005,16,DET,-13.547,-14.565
2005_17_DET_PIT,2005,17,DET,-14.565,-12.412
2006_01_SEA_DET,2006,1,DET,-7.956,-8.174
2006_02_DET_CHI,2006,2,DET,-8.174,-11.294
2006_03_GB_DET,2006,3,DET,-11.294,-14.615
2006_04_DET_LAR,2006,4,DET,-14.615,-16.816
2006_05_DET_MIN,2006,5,DET,-16.816,-17.78
2006_06_BUF_DET,2006,6,DET,-17.78,-18.158
2006_07_DET_NYJ,2006,7,DET,-18.158,-17.301
2006_09_ATL_DET,2006,9,DET,-17.301,-16.626
2006_10_SF_DET,2006,10,DET,-16.626,-16.766
2006_11_DET_ARI,2006,11,DET,-16.766,-18.998
2006_12_MIA_DET,2006,12,DET,-18.998,-20.434
2006_13_DET_NE,2006,13,DET,-20.434,-19.628
2006_14_MIN_DET,2006,14,DET,-19.628,-19.75
2006_15_DET_GB,2006,15,DET,-19.75,-16.633
2006_16_CHI_DET,2006,16,DET,-16.633,-17.162
2006_17_DET_DAL,2006,17,DET,-17.162,-17.767
2007_01_DET_OAK,2007,1,DET,-11.389,-11.789
2007_02_MIN_DET,2007,2,DET,-11.789,-10.979
2007_03_DET_PHI,2007,3,DET,-10.979,-14.069
2007_04_CHI_DET,2007,4,DET,-14.069,-13.544
2007_05_DET_WAS,2007,5,DET,-13.544,-15.462
2007_07_TB_DET,2007,7,DET,-15.462,-17.816
2007_08_DET_CHI,2007,8,DET,-17.816,-14.912
2007_09_DEN_DET,2007,9,DET,-14.912,-13.531
2007_10_DET_ARI,2007,10,DET,-13.531,-15.249
2007_11_NYG_DET,2007,11,DET,-15.249,-17.152
2007_12_GB_DET,2007,12,DET,-17.152,-20.229
2007_13_DET_MIN,2007,13,DET,-20.229,-22.059
2007_14_DAL_DET,2007,14,DET,-22.059,-23.771
2007_15_DET_LAC,2007,15,DET,-23.771,-23.52
2007_16_KC_DET,2007,16,DET,-23.52,-23.373
2007_17_DET_GB,2007,17,DET,-23.373,-23.152
2008_01_DET_ATL,2008,1,DET,-14.84,-15.474
2008_02_GB_DET,2008,2,DET,-15.474,-18.676
2008_03_DET_SF,2008,3,DET,-18.676,-20.418
2008_05_CHI_DET,2008,5,DET,-20.418,-23.707
2008_06_DET_MIN,2008,6,DET,-23.707,-23.161
2008_07_DET_HOU,2008,7,DET,-23.161,-24.743
2008_08_WAS_DET,2008,8,DET,-24.743,-26.13
2008_09_DET_CHI,2008,9,DET,-26.13,-25.118
2008_10_JAX_DET,2008,10,DET,-25.118,-26.476
2008_11_DET_CAR,2008,11,DET,-26.476,-25.244
2008_12_TB_DET,2008,12,DET,-25.244,-24.011
2008_13_TEN_DET,2008,13,DET,-24.011,-23.781
2008_14_MIN_DET,2008,14,DET,-23.781,-22.276
2008_15_DET_IND,2008,15,DET,-22.276,-23.043
2008_16_NO_DET,2008,16,DET,-23.043,-24.61
2008_17_DET_GB,2008,17,DET,-24.61,-24.939
2009_01_DET_NO,2009,1,DET,-15.986,-19.26
2009_02_MIN_DET,2009,2,DET,-19.26,-20.145
2009_03_WAS_DET,2009,3,DET,-20.145,-21.998
2009_04_DET_CHI,2009,4,DET,-21.998,-21.622
2009_05_PIT_DET,2009,5,DET,-21.622,-22.604
2009_06_DET_GB,2009,6,DET,-22.604,-22.66
2009_08_LAR_DET,2009,8,DET,-22.66,-22.037
2009_09_DET_SEA,2009,9,DET,-22.037,-23.446
2009_10_DET_MIN,2009,10,DET,-23.446,-24.399
2009_11_CLE_DET,2009,11,DET,-24.399,-27.944
2009_12_GB_DET,2009,12,DET,-27.944,-30.149
2009_13_DET_CIN,2009,13,DET,-30.149,-27.891
2009_14_DET_BAL,2009,14,DET,-27.891,-28.096
2009_15_ARI_DET,2009,15,DET,-28.096,-27.192
2009_16_DET_SF,2009,16,DET,-27.192,-27.322
2009_17_CHI_DET,2009,17,DET,-27.322,-29.408
2010_01_DET_CHI,2010,1,DET,-18.851,-19.308
2010_02_PHI_DET,2010,2,DET,-19.308,-19.63
2010_03_DET_MIN,2010,3,DET,-19.63,-18.779
2010_04_DET_GB,2010,4,DET,-18.779,-17.207
2010_05_LAR_DET,2010,5,DET,-17.207,-16.091
2010_06_DET_NYG,2010,6,DET,-16.091,-15.744
2010_08_WAS_DET,2010,8,DET,-15.744,-15.13
2010_09_NYJ_DET,2010,9,DET,-15.13,-16.979
2010_10_DET_BUF,2010,10,DET,-16.979,-15.828
2010_11_DET_DAL,2010,11,DET,-15.828,-18.351
2010_12_NE_DET,2010,12,DET,-18.351,-20.833
2010_13_CHI_DET,2010,13,DET,-20.833,-21.467
2010_14_GB_DET,2010,14,DET,-21.467,-18.722
2010_15_DET_TB,2010,15,DET,-18.722,-18.76
2010_16_DET_MIA,2010,16,DET,-18.76,-18.607
2010_17_MIN_DET,2010,17,DET,-18.607,-18.502
2011_01_DET_TB,2011,1,DET,-11.86,-11.699
2011_02_KC_DET,2011,2,DET,-11.699,-10.162
2011_03_DET_MIN,2011,3,DET,-10.162,-10.201
2011_04_DET_DAL,2011,4,DET,-10.201,-11.197
2011_05_CHI_DET,2011,5,DET,-11.197,-12.75
2011_06_SF_DET,2011,6,DET,-12.75,-11.959
2011_07_ATL_DET,2011,7,DET,-11.959,-11.118
2011_08_DET_DEN,2011,8,DET,-11.118,-8.921
2011_10_DET_CHI,2011,10,DET,-8.921,-7.744
2011_11_CAR_DET,2011,11,DET,-7.744,-8.345
2011_12_GB_DET,2011,12,DET,-8.345,-8.63
2011_13_DET_NO,2011,13,DET,-8.63,-10.338
2011_14_MIN_DET,2011,14,DET,-10.338,-8.943
2011_15_DET_OAK,2011,15,DET,-8.943,-10.664
2011_16_LAC_DET,2011,16,DET,-10.664,-10.397
2011_17_DET_GB,2011,17,DET,-10.397,-14.763
2011_18_DET_NO,2011,18,DET,-14.763,-16.186
2012_01_LAR_DET,2012,1,DET,-10.375,-10.868
2012_02_DET_SF,2012,2,DET,-10.868,-11.092
2012_03_DET_TEN,2012,3,DET,-11.092,-14.292
2012_04_MIN_DET,2012,4,DET,-14.292,-13.457
2012_06_DET_PHI,2012,6,DET,-13.457,-13.413
2012_07_DET_CHI,2012,7,DET,-13.413,-12.042
2012_08_SEA_DET,2012,8,DET,-12.042,-14.551
2012_09_DET_JAX,2012,9,DET,-14.551,-15.092
2012_10_DET_MIN,2012,10,DET,-15.092,-17.025
2012_11_GB_DET,2012,11,DET,-17.025,-16.257
2012_12_HOU_DET,2012,12,DET,-16.257,-15.791
2012_13_IND_DET,2012,13,DET,-15.791,-16.389
2012_14_DET_GB,2012,14,DET,-16.389,-15.003
2012_15_DET_ARI,2012,15,DET,-15.003,-15.34
2012_16_ATL_DET,2012,16,DET,-15.34,-17.824
2012_17_CHI_DET,2012,17,DET,-17.824,-19.133
2013_01_MIN_DET,2013,1,DET,-12.264,-11.15
2013_02_DET_ARI,2013,2,DET,-11.15,-11.153
2013_03_DET_WAS,2013,3,DET,-11.153,-10.92
2013_04_CHI_DET,2013,4,DET,-10.92,-10.738
2013_05_DET_GB,2013,5,DET,-10.738,-10.297
2013_06_DET_CLE,2013,6,DET,-10.297,-10.561
2013_07_CIN_DET,2013,7,DET,-10.561,-14.066
2013_08_DAL_DET,2013,8,DET,-14.066,-14.239
2013_10_DET_CHI,2013,10,DET,-14.239,-13.211
2013_11_DET_PIT,2013,11,DET,-13.211,-15.758
2013_12_TB_DET,2013,12,DET,-15.758,-16.159
2013_13_GB_DET,2013,13,DET,-16.159,-13.766
2013_14_DET_PHI,2013,14,DET,-13.766,-13.379
2013_15_BAL_DET,2013,15,DET,-13.379,-13.852
2013_16_NYG_DET,2013,16,DET,-13.852,-14.323
2013_17_DET_MIN,2013,17,DET,-14.323,-13.798
2014_01_NYG_DET,2014,1,DET,-8.845,-7.66
2014_02_DET_CAR,2014,2,DET,-7.66,-7.432
2014_03_GB_DET,2014,3,DET,-7.432,-6.798
2014_04_DET_NYJ,2014,4,DET,-6.798,-5.775
2014_05_BUF_DET,2014,5,DET,-5.775,-7.151
2014_06_DET_MIN,2014,6,DET,-7.151,-3.446
2014_07_NO_DET,2014,7,DET,-3.446,-4.19
2014_08_DET_ATL,2014,8,DET,-4.19,-3.873
2014_10_MIA_DET,2014,10,DET,-3.873,-3.924
2014_11_DET_ARI,2014,11,DET,-3.924,-5.863
2014_12_DET_NE,2014,12,DET,-5.863,-6.827
2014_13_CHI_DET,2014,13,DET,-6.827,-7.048
2014_14_TB_DET,2014,14,DET,-7.048,-5.842
2014_15_MIN_DET,2014,15,DET,-5.842,-7.448
2014_16_DET_CHI,2014,16,DET,-7.448,-7.968
2014_17_DET_GB,2014,17,DET,-7.968,-8.85
2014_18_DET_DAL,2014,18,DET,-8.85,-8.067
2015_01_DET_LAC,2015,1,DET,-5.171,-6.497
2015_02_DET_MIN,2015,2,DET,-6.497,-7.436
2015_03_DEN_DET,2015,3,DET,-7.436,-8.791
2015_04_DET_SEA,2015,4,DET,-8.791,-8.331
2015_05_ARI_DET,2015,5,DET,-8.331,-8.993
2015_06_CHI_DET,2015,6,DET,-8.993,-10.646
2015_07_MIN_DET,2015,7,DET,-10.646,-12.476
2015_08_DET_KC,2015,8,DET,-12.476,-13.896
2015_10_DET_GB,2015,10,DET,-13.896,-13.244
2015_11_OAK_DET,2015,11,DET,-13.244,-12.487
2015_12_PHI_DET,2015,12,DET,-12.487,-12.841
2015_13_GB_DET,2015,13,DET,-12.841,-13.967
2015_14_DET_LAR,2015,14,DET,-13.967,-13.398
2015_15_DET_NO,2015,15,DET,-13.398,-14.973
2015_16_SF_DET,2015,16,DET,-14.973,-16.693
2015_17_DET_CHI,2015,17,DET,-16.693,-15.023
2016_01_DET_IND,2016,1,DET,-9.63,-12.729
2016_02_TEN_DET,2016,2,DET,-12.729,-13.767
2016_03_DET_GB,2016,3,DET,-13.767,-14.204
2016_04_DET_CHI,2016,4,DET,-14.204,-15.39
2016_05_PHI_DET,2016,5,DET,-15.39,-16.251
2016_06_LAR_DET,2016,6,DET,-16.251,-19.889
2016_07_WAS_DET,2016,7,DET,-19.889,-21.747
2016_08_DET_HOU,2016,8,DET,-21.747,-20.944
2016_09_DET_MIN,2016,9,DET,-20.944,-22.135
2016_11_JAX_DET,2016,11,DET,-22.135,-22.018
2016_12_MIN_DET,2016,12,DET,-22.018,-22.532
2016_13_DET_NO,2016,13,DET,-22.532,-20.184
2016_14_CHI_DET,2016,14,DET,-20.184,-21.163
2016_15_DET_NYG,2016,15,DET,-21.163,-20.959
2016_16_DET_DAL,2016,16,DET,-20.959,-22.368
2016_17_GB_DET,2016,17,DET,-22.368,-24.278
2016_18_DET_SEA,2016,18,DET,-24.278,-23.637
2017_01_ARI_DET,2017,1,DET,-15.151,-13.885
2017_02_DET_NYG,2017,2,DET,-13.885,-12.253
2017_03_ATL_DET,2017,3,DET,-12.253,-11.335
2017_04_DET_MIN,2017,4,DET,-11.335,-10.992
2017_05_CAR_DET,2017,5,DET,-10.992,-13.574
2017_06_DET_NO,2017,6,DET,-13.574,-12.194
2017_08_PIT_DET,2017,8,DET,-12.194,-12.857
2017_09_DET_GB,2017,9,DET,-12.857,-13.64
2017_10_CLE_DET,2017,10,DET,-13.64,-16.205
2017_11_DET_CHI,2017,11,DET,-16.205,-17.134
2017_12_MIN_DET,2017,12,DET,-17.134,-18.848
2017_13_DET_BAL,2017,13,DET,-18.848,-19.937
2017_14_DET_TB,2017,14,DET,-19.937,-19.223
2017_15_CHI_DET,2017,15,DET,-19.223,-19.268
2017_16_DET_CIN,2017,16,DET,-19.268,-18.161
2017_17_GB_DET,2017,17,DET,-18.161,-16.824
2018_01_NYJ_DET,2018,1,DET,-10.784,-11.443
2018_02_DET_SF,2018,2,DET,-11.443,-10.447
2018_03_NE_DET,2018,3,DET,-10.447,-8.538
2018_04_DET_DAL,2018,4,DET,-8.538,-9.264
2018_05_GB_DET,2018,5,DET,-9.264,-11.089
2018_07_DET_MIA,2018,7,DET,-11.089,-11.21
2018_08_SEA_DET,2018,8,DET,-11.21,-13.133
2018_09_DET_MIN,2018,9,DET,-13.133,-12.512
2018_10_DET_CHI,2018,10,DET,-12.512,-15.312
2018_11_CAR_DET,2018,11,DET,-15.312,-16.213
2018_12_CHI_DET,2018,12,DET,-16.213,-17.844
2018_13_LAR_DET,2018,13,DET,-17.844,-15.959
2018_14_DET_ARI,2018,14,DET,-15.959,-16.028
2018_15_DET_BUF,2018,15,DET,-16.028,-15.925
2018_16_MIN_DET,2018,16,DET,-15.925,-17.017
2018_17_DET_GB,2018,17,DET,-17.017,-15.53
2019_01_DET_ARI,2019,1,DET,-9.955,-9.884
2019_02_LAC_DET,2019,2,DET,-9.884,-9.956
2019_03_DET_PHI,2019,3,DET,-9.956,-9.486
2019_04_KC_DET,2019,4,DET,-9.486,-10.13
2019_06_DET_GB,2019,6,DET,-10.13,-9.674
2019_07_MIN_DET,2019,7,DET,-9.674,-12.374
2019_08_NYG_DET,2019,8,DET,-12.374,-15.392
2019_09_DET_OAK,2019,9,DET,-15.392,-15.446
2019_10_DET_CHI,2019,10,DET,-15.446,-14.958
2019_11_DAL_DET,2019,11,DET,-14.958,-16.962
2019_12_DET_WAS,2019,12,DET,-16.962,-15.113
2019_13_CHI_DET,2019,13,DET,-15.113,-17.866
2019_14_DET_MIN,2019,14,DET,-17.866,-18.086
2019_15_TB_DET,2019,15,DET,-18.086,-20.865
2019_16_DET_DEN,2019,16,DET,-20.865,-21.384
2019_17_GB_DET,2019,17,DET,-21.384,-20.919
2020_01_CHI_DET,2020,1,DET,-13.409,-15.158
2020_02_DET_GB,2020,2,DET,-15.158,-14.506
2020_03_DET_ARI,2020,3,DET,-14.506,-14.849
2020_04_NO_DET,2020,4,DET,-14.849,-13.845
2020_06_DET_JAX,2020,6,DET,-13.845,-13.552
2020_07_DET_ATL,2020,7,DET,-13.552,-14.311
2020_08_IND_DET,2020,8,DET,-14.311,-15.49
2020_09_DET_MIN,2020,9,DET,-15.49,-16.528
2020_10_WAS_DET,2020,10,DET,-16.528,-17.976
2020_11_DET_CAR,2020,11,DET,-17.976,-17.836
2020_12_HOU_DET,2020,12,DET,-17.836,-18.92
2020_13_DET_CHI,2020,13,DET,-18.92,-19.175
2020_14_GB_DET,2020,14,DET,-19.175,-21.112
2020_15_DET_TEN,2020,15,DET,-21.112,-23.137
2020_16_TB_DET,2020,16,DET,-23.137,-25.45
2020_17_MIN_DET,2020,17,DET,-25.45,-27.105
2021_01_SF_DET,2021,1,DET,-17.374,-18.812
2021_02_DET_GB,2021,2,DET,-18.812,-19.312
2021_03_BAL_DET,2021,3,DET,-19.312,-18.35
2021_04_DET_CHI,2021,4,DET,-18.35,-17.322
2021_05_DET_MIN,2021,5,DET,-17.322,-16.87
2021_06_CIN_DET,2021,6,DET,-16.87,-17.898
2021_07_DET_LAR,2021,7,DET,-17.898,-19.128
2021_08_PHI_DET,2021,8,DET,-19.128,-19.33
2021_10_DET_PIT,2021,10,DET,-19.33,-19.861
2021_11_DET_CLE,2021,11,DET,-19.861,-17.537
2021_12_CHI_DET,2021,12,DET,-17.537,-18.222
2021_13_MIN_DET,2021,13,DET,-18.222,-18.881
2021_14_DET_DEN,2021,14,DET,-18.881,-18.683
2021_15_ARI_DET,2021,15,DET,-18.683,-16.777
2021_16_DET_ATL,2021,16,DET,-16.777,-16.569
2021_17_DET_SEA,2021,17,DET,-16.569,-17.791
2021_18_GB_DET,2021,18,DET,-17.791,-16.508
2022_01_PHI_DET,2022,1,DET,-10.582,-12.403
2022_02_WAS_DET,2022,2,DET,-12.403,-13.423
2022_03_DET_MIN,2022,3,DET,-13.423,-13.657
2022_04_SEA_DET,2022,4,DET,-13.657,-17.773
2022_05_DET_NE,2022,5,DET,-17.773,-18.849
2022_07_DET_DAL,2022,7,DET,-18.849,-18.273
2022_08_MIA_DET,2022,8,DET,-18.273,-21.015
2022_09_GB_DET,2022,9,DET,-21.015,-19.603
2022_10_DET_CHI,2022,10,DET,-19.603,-21.604
2022_11_DET_NYG,2022,11,DET,-21.604,-21.847
2022_12_BUF_DET,2022,12,DET,-21.847,-21.736
2022_13_JAX_DET,2022,13,DET,-21.736,-21.133
2022_14_MIN_DET,2022,14,DET,-21.133,-22.932
2022_15_DET_NYJ,2022,15,DET,-22.932,-22.086
2022_16_DET_CAR,2022,16,DET,-22.086,-23.708
2022_17_CHI_DET,2022,17,DET,-23.708,-21.632
2022_18_DET_GB,2022,18,DET,-21.632,-20.083
2023_01_DET_KC,2023,1,DET,-12.873,-12.644
2023_02_SEA_DET,2023,2,DET,-12.644,-15.436
2023_03_ATL_DET,2023,3,DET,-15.436,-13.462
2023_04_DET_GB,2023,4,DET,-13.462,-11.445
2023_05_CAR_DET,2023,5,DET,-11.445,-12.538
2023_06_DET_TB,2023,6,DET,-12.538,-10.8
2023_07_DET_BAL,2023,7,DET,-10.8,-13.697
2023_08_OAK_DET,2023,8,DET,-13.697,-10.549
2023_10_DET_LAC,2023,10,DET,-10.549,-12.781
2023_11_CHI_DET,2023,11,DET,-12.781,-14.407
2023_12_GB_DET,2023,12,DET,-14.407,-17.628
2023_13_DET_NO,2023,13,DET,-17.628,-17.125
2023_14_DET_CHI,2023,14,DET,-17.125,-17.054
2023_15_DEN_DET,2023,15,DET,-17.054,-17.16
2023_16_DET_MIN,2023,16,DET,-17.16,-16.439
2023_17_DET_DAL,2023,17,DET,-16.439,-16.36
2023_18_MIN_DET,2023,18,DET,-16.36,-17.227
2023_19_LAR_DET,2023,19,DET,-17.227,-18.457
2023_20_TB_DET,2023,20,DET,-18.457,-19.035
2023_21_DET_SF,2023,21,DET,-19.035,-18.399
2024_01_LAR_DET,2024,1,DET,-11.794,-12.179
2024_02_TB_DET,2024,2,DET,-12.179,-11.783
2024_03_DET_ARI,2024,3,DET,-11.783,-11.612
2024_04_SEA_DET,2024,4,DET,-11.612,-13.311
2024_06_DET_DAL,2024,6,DET,-13.311,-9.762
2024_07_DET_MIN,2024,7,DET,-9.762,-10.928
2024_08_TEN_DET,2024,8,DET,-10.928,-11.923
2024_09_DET_GB,2024,9,DET,-11.923,-10.899
2024_10_DET_HOU,2024,10,DET,-10.899,-9.303
2024_11_JAX_DET,2024,11,DET,-9.303,-8.911
2024_12_DET_IND,2024,12,DET,-8.911,-9.202
2024_13_CHI_DET,2024,13,DET,-9.202,-10.373
2024_14_GB_DET,2024,14,DET,-10.373,-10.732
2024_15_BUF_DET,2024,15,DET,-10.732,-14.159
2024_16_DET_CHI,2024,16,DET,-14.159,-15.775
2024_17_DET_SF,2024,17,DET,-15.775,-18.095
2024_18_MIN_DET,2024,18,DET,-18.095,-15.865
2024_20_WAS_DET,2024,20,DET,-15.865,-18.004
2025_01_DET_GB,2025,1,DET,-11.54,-11.772
2025_02_CHI_DET,2025,2,DET,-11.772,-11.818
2025_03_DET_BAL,2025,3,DET,-11.818,-10.775
2025_04_CLE_DET,2025,4,DET,-10.775,-8.588
2025_05_DET_CIN,2025,5,DET,-8.588,-8.699
2025_06_DET_KC,2025,6,DET,-8.699,-9.361
2025_07_TB_DET,2025,7,DET,-9.361,-7.479
2025_09_MIN_DET,2025,9,DET,-7.479,-7.147
2025_10_DET_WAS,2025,10,DET,-7.147,-7.574
2025_11_DET_PHI,2025,11,DET,-7.574,-6.321
2025_12_NYG_DET,2025,12,DET,-6.321,-7.686
2025_13_GB_DET,2025,13,DET,-7.686,-9.614
2025_14_DAL_DET,2025,14,DET,-9.614,-8.383
2025_15_DET_LAR,2025,15,DET,-8.383,-8.739
2025_16_PIT_DET,2025,16,DET,-8.739,-9.641
2025_17_DET_MIN,2025,17,DET,-9.641,-8.149
2025_18_DET_CHI,2025,18,DET,-8.149,-7.327
2026_01_NO_DET,2026,1,DET,-4.697,-5.675
1999_01_OAK_GB,1999,1,GB,0.0,0.532
1999_02_GB_DET,1999,2,GB,0.532,-0.775
1999_03_MIN_GB,1999,3,GB,-0.775,-0.624
1999_05_TB_GB,1999,5,GB,-0.624,-0.043
1999_06_GB_DEN,1999,6,GB,-0.043,-3.064
1999_07_GB_LAC,1999,7,GB,-3.064,-1.631
1999_08_SEA_GB,1999,8,GB,-1.631,-2.24
1999_09_CHI_GB,1999,9,GB,-2.24,-1.554
1999_10_GB_DAL,1999,10,GB,-1.554,-2.97
1999_11_DET_GB,1999,11,GB,-2.97,-3.445
1999_12_GB_SF,1999,12,GB,-3.445,-3.251
1999_13_GB_CHI,1999,13,GB,-3.251,-2.849
1999_14_CAR_GB,1999,14,GB,-2.849,-6.619
1999_15_GB_MIN,1999,15,GB,-6.619,-8.687
1999_16_GB_TB,1999,16,GB,-8.687,-9.115
1999_17_ARI_GB,1999,17,GB,-9.115,-10.404
2000_01_NYJ_GB,2000,1,GB,-6.669,-7.159
2000_02_GB_BUF,2000,2,GB,-7.159,-8.403
2000_03_PHI_GB,2000,3,GB,-8.403,-5.997
2000_04_GB_ARI,2000,4,GB,-5.997,-3.613
2000_05_CHI_GB,2000,5,GB,-3.613,-4.692
2000_06_GB_DET,2000,6,GB,-4.692,-5.61
2000_07_SF_GB,2000,7,GB,-5.61,-7.167
2000_09_GB_MIA,2000,9,GB,-7.167,-8.527
2000_10_MIN_GB,2000,10,GB,-8.527,-7.027
2000_11_GB_TB,2000,11,GB,-7.027,-7.375
2000_12_IND_GB,2000,12,GB,-7.375,-6.383
2000_13_GB_CAR,2000,13,GB,-6.383,-7.212
2000_14_GB_CHI,2000,14,GB,-7.212,-6.601
2000_15_DET_GB,2000,15,GB,-6.601,-5.651
2000_16_GB_MIN,2000,16,GB,-5.651,-8.482
2000_17_TB_GB,2000,17,GB,-8.482,-8.572
2001_01_DET_GB,2001,1,GB,-5.495,-3.106
2001_02_WAS_GB,2001,2,GB,-3.106,-0.915
2001_03_GB_CAR,2001,3,GB,-0.915,-0.915
2001_04_GB_TB,2001,4,GB,-0.915,-0.847
2001_05_BAL_GB,2001,5,GB,-0.847,0.643
2001_06_GB_MIN,2001,6,GB,0.643,-1.506
2001_08_TB_GB,2001,8,GB,-1.506,-1.045
2001_09_GB_CHI,2001,9,GB,-1.045,-1.448
2001_10_ATL_GB,2001,10,GB,-1.448,-1.978
2001_11_GB_DET,2001,11,GB,-1.978,-1.528
2001_13_CHI_GB,2001,13,GB,-1.528,-1.072
2001_14_GB_TEN,2001,14,GB,-1.072,-1.675
2001_15_CLE_GB,2001,15,GB,-1.675,-1.776
2001_16_MIN_GB,2001,16,GB,-1.776,-1.178
2001_17_GB_NYG,2001,17,GB,-1.178,-2.106
2001_18_SF_GB,2001,18,GB,-2.106,-1.492
2001_19_GB_LAR,2001,19,GB,-1.492,-1.133
2002_01_ATL_GB,2002,1,GB,-0.726,-2.777
2002_02_GB_NO,2002,2,GB,-2.777,-3.543
2002_03_GB_DET,2002,3,GB,-3.543,-2.51
2002_04_CAR_GB,2002,4,GB,-2.51,-1.512
2002_05_GB_CHI,2002,5,GB,-1.512,-1.528
2002_06_GB_NE,2002,6,GB,-1.528,0.353
2002_07_WAS_GB,2002,7,GB,0.353,1.906
2002_09_MIA_GB,2002,9,GB,1.906,2.359
2002_10_DET_GB,2002,10,GB,2.359,2.525
2002_11_GB_MIN,2002,11,GB,2.525,1.5
2002_12_GB_TB,2002,12,GB,1.5,0.838
2002_13_CHI_GB,2002,13,GB,0.838,0.671
2002_14_MIN_GB,2002,14,GB,0.671,0.997
2002_15_GB_SF,2002,15,GB,0.997,1.357
2002_16_BUF_GB,2002,16,GB,1.357,4.052
2002_17_GB_NYJ,2002,17,GB,4.052,2.289
2002_18_ATL_GB,2002,18,GB,2.289,2.036
2003_01_MIN_GB,2003,1,GB,1.305,0.757
2003_02_DET_GB,2003,2,GB,0.757,2.835
2003_03_GB_ARI,2003,3,GB,2.835,1.054
2003_04_GB_CHI,2003,4,GB,1.054,1.614
2003_05_SEA_GB,2003,5,GB,1.614,2.26
2003_06_KC_GB,2003,6,GB,2.26,-1.111
2003_07_GB_LAR,2003,7,GB,-1.111,-2.363
2003_09_GB_MIN,2003,9,GB,-2.363,-3.642
2003_10_PHI_GB,2003,10,GB,-3.642,-4.593
2003_11_GB_TB,2003,11,GB,-4.593,-2.385
2003_12_SF_GB,2003,12,GB,-2.385,-0.668
2003_13_GB_DET,2003,13,GB,-0.668,-0.909
2003_14_CHI_GB,2003,14,GB,-0.909,0.727
2003_15_GB_LAC,2003,15,GB,0.727,-1.359
2003_16_GB_OAK,2003,16,GB,-1.359,0.088
2003_17_DEN_GB,2003,17,GB,0.088,0.335
2003_18_SEA_GB,2003,18,GB,0.335,0.309
2003_19_GB_PHI,2003,19,GB,0.309,-0.306
2004_01_GB_CAR,2004,1,GB,-0.196,-0.704
2004_02_CHI_GB,2004,2,GB,-0.704,-0.743
2004_03_GB_IND,2004,3,GB,-0.743,-4.745
2004_04_NYG_GB,2004,4,GB,-4.745,-4.317
2004_05_TEN_GB,2004,5,GB,-4.317,-5.47
2004_06_GB_DET,2004,6,GB,-5.47,-5.188
2004_07_DAL_GB,2004,7,GB,-5.188,-6.088
2004_08_GB_WAS,2004,8,GB,-6.088,-5.099
2004_10_MIN_GB,2004,10,GB,-5.099,-5.672
2004_11_GB_HOU,2004,11,GB,-5.672,-6.505
2004_12_LAR_GB,2004,12,GB,-6.505,-7.503
2004_13_GB_PHI,2004,13,GB,-7.503,-10.501
2004_14_DET_GB,2004,14,GB,-10.501,-8.427
2004_15_JAX_GB,2004,15,GB,-8.427,-8.37
2004_16_GB_MIN,2004,16,GB,-8.37,-10.243
2004_17_GB_CHI,2004,17,GB,-10.243,-8.389
2004_18_MIN_GB,2004,18,GB,-8.389,-9.058
2005_01_GB_DET,2005,1,GB,-5.806,-6.799
2005_02_CLE_GB,2005,2,GB,-6.799,-9.926
2005_03_TB_GB,2005,3,GB,-9.926,-9.156
2005_04_GB_CAR,2005,4,GB,-9.156,-9.543
2005_05_NO_GB,2005,5,GB,-9.543,-7.258
2005_07_GB_MIN,2005,7,GB,-7.258,-8.865
2005_08_GB_CIN,2005,8,GB,-8.865,-8.9
2005_09_PIT_GB,2005,9,GB,-8.9,-7.38
2005_10_GB_ATL,2005,10,GB,-7.38,-9.045
2005_11_MIN_GB,2005,11,GB,-9.045,-7.242
2005_12_GB_PHI,2005,12,GB,-7.242,-6.358
2005_13_GB_CHI,2005,13,GB,-6.358,-4.604
2005_14_DET_GB,2005,14,GB,-4.604,-5.098
2005_15_GB_BAL,2005,15,GB,-5.098,-8.338
2005_16_CHI_GB,2005,16,GB,-8.338,-7.649
2005_17_SEA_GB,2005,17,GB,-7.649,-6.376
2006_01_CHI_GB,2006,1,GB,-4.087,-5.126
2006_02_NO_GB,2006,2,GB,-5.126,-5.233
2006_03_GB_DET,2006,3,GB,-5.233,-7.179
2006_04_GB_PHI,2006,4,GB,-7.179,-8.485
2006_05_LAR_GB,2006,5,GB,-8.485,-8.718
2006_07_GB_MIA,2006,7,GB,-8.718,-7.91
2006_08_ARI_GB,2006,8,GB,-7.91,-5.665
2006_09_GB_BUF,2006,9,GB,-5.665,-4.31
2006_10_GB_MIN,2006,10,GB,-4.31,-4.511
2006_11_NE_GB,2006,11,GB,-4.511,-6.256
2006_12_GB_SEA,2006,12,GB,-6.256,-4.793
2006_13_NYJ_GB,2006,13,GB,-4.793,-6.594
2006_14_GB_SF,2006,14,GB,-6.594,-5.773
2006_15_DET_GB,2006,15,GB,-5.773,-3.071
2006_16_MIN_GB,2006,16,GB,-3.071,-1.567
2006_17_GB_CHI,2006,17,GB,-1.567,1.832
2007_01_PHI_GB,2007,1,GB,1.174,2.52
2007_02_GB_NYG,2007,2,GB,2.52,2.574
2007_03_LAC_GB,2007,3,GB,2.574,0.243
2007_04_GB_MIN,2007,4,GB,0.243,-0.078
2007_05_CHI_GB,2007,5,GB,-0.078,-0.284
2007_06_WAS_GB,2007,6,GB,-0.284,-0.254
2007_08_GB_DEN,2007,8,GB,-0.254,-0.779
2007_09_GB_KC,2007,9,GB,-0.779,0.316
2007_10_MIN_GB,2007,10,GB,0.316,0.786
2007_11_CAR_GB,2007,11,GB,0.786,0.384
2007_12_GB_DET,2007,12,GB,0.384,1.148
2007_13_GB_DAL,2007,13,GB,1.148,-0.374
2007_14_OAK_GB,2007,14,GB,-0.374,0.149
2007_15_GB_LAR,2007,15,GB,0.149,1.102
2007_16_GB_CHI,2007,16,GB,1.102,-0.42
2007_17_DET_GB,2007,17,GB,-0.42,0.465
2007_19_SEA_GB,2007,19,GB,0.465,0.911
2007_20_NYG_GB,2007,20,GB,0.911,0.184
2008_01_MIN_GB,2008,1,GB,0.118,-0.064
2008_02_GB_DET,2008,2,GB,-0.064,0.983
2008_03_DAL_GB,2008,3,GB,0.983,1.975
2008_04_GB_TB,2008,4,GB,1.975,3.676
2008_05_ATL_GB,2008,5,GB,3.676,2.449
2008_06_GB_SEA,2008,6,GB,2.449,3.022
2008_07_IND_GB,2008,7,GB,3.022,5.264
2008_09_GB_TEN,2008,9,GB,5.264,5.678
2008_10_GB_MIN,2008,10,GB,5.678,5.989
2008_11_CHI_GB,2008,11,GB,5.989,6.321
2008_12_GB_NO,2008,12,GB,6.321,3.441
2008_13_CAR_GB,2008,13,GB,3.441,2.978
2008_14_HOU_GB,2008,14,GB,2.978,0.407
2008_15_GB_JAX,2008,15,GB,0.407,-0.991
2008_16_GB_CHI,2008,16,GB,-0.991,0.092
2008_17_DET_GB,2008,17,GB,0.092,-0.178
2009_01_CHI_GB,2009,1,GB,-0.114,2.356
2009_02_CIN_GB,2009,2,GB,2.356,1.874
2009_03_GB_LAR,2009,3,GB,1.874,1.888
2009_04_GB_MIN,2009,4,GB,1.888,-1.49
2009_06_DET_GB,2009,6,GB,-1.49,0.99
2009_07_GB_CLE,2009,7,GB,0.99,2.685
2009_08_MIN_GB,2009,8,GB,2.685,1.084
2009_09_GB_TB,2009,9,GB,1.084,0.214
2009_10_DAL_GB,2009,10,GB,0.214,1.543
2009_11_SF_GB,2009,11,GB,1.543,0.855
2009_12_GB_DET,2009,12,GB,0.855,2.246
2009_13_BAL_GB,2009,13,GB,2.246,4.831
2009_14_GB_CHI,2009,14,GB,4.831,5.331
2009_15_GB_PIT,2009,15,GB,5.331,2.66
2009_16_SEA_GB,2009,16,GB,2.66,4.82
2009_17_GB_ARI,2009,17,GB,4.82,5.703
2009_18_GB_ARI,2009,18,GB,5.703,0.865
2010_01_GB_PHI,2010,1,GB,0.554,2.28
2010_02_BUF_GB,2010,2,GB,2.28,4.396
2010_03_GB_CHI,2010,3,GB,4.396,4.54
2010_04_DET_GB,2010,4,GB,4.54,2.933
2010_05_GB_WAS,2010,5,GB,2.933,3.916
2010_06_MIA_GB,2010,6,GB,3.916,2.829
2010_07_MIN_GB,2010,7,GB,2.829,4.251
2010_08_GB_NYJ,2010,8,GB,4.251,5.178
2010_09_DAL_GB,2010,9,GB,5.178,6.688
2010_11_GB_MIN,2010,11,GB,6.688,7.002
2010_12_GB_ATL,2010,12,GB,7.002,5.883
2010_13_SF_GB,2010,13,GB,5.883,6.033
2010_14_GB_DET,2010,14,GB,6.033,5.578
2010_15_GB_NE,2010,15,GB,5.578,6.743
2010_16_NYG_GB,2010,16,GB,6.743,7.605
2010_17_CHI_GB,2010,17,GB,7.605,9.953
2010_18_GB_PHI,2010,18,GB,9.953,9.818
2010_19_GB_ATL,2010,19,GB,9.818,11.138
2010_20_GB_CHI,2010,20,GB,11.138,12.289
2010_21_PIT_GB,2010,21,GB,12.289,10.529
2011_01_NO_GB,2011,1,GB,6.749,5.332
2011_02_GB_CAR,2011,2,GB,5.332,4.113
2011_03_GB_CHI,2011,3,GB,4.113,4.001
2011_04_DEN_GB,2011,4,GB,4.001,3.223
2011_05_GB_ATL,2011,5,GB,3.223,3.778
2011_06_LAR_GB,2011,6,GB,3.778,3.268
2011_07_GB_MIN,2011,7,GB,3.268,2.606
2011_09_GB_LAC,2011,9,GB,2.606,1.957
2011_10_MIN_GB,2011,10,GB,1.957,3.028
2011_11_TB_GB,2011,11,GB,3.028,1.764
2011_12_GB_DET,2011,12,GB,1.764,0.937
2011_13_GB_NYG,2011,13,GB,0.937,-0.005
2011_14_OAK_GB,2011,14,GB,-0.005,1.309
2011_15_GB_KC,2011,15,GB,1.309,-0.136
2011_16_CHI_GB,2011,16,GB,-0.136,-1.336
2011_17_DET_GB,2011,17,GB,-1.336,-3.467
2011_19_NYG_GB,2011,19,GB,-3.467,-4.669
2012_01_SF_GB,2012,1,GB,-2.993,-3.515
2012_02_CHI_GB,2012,2,GB,-3.515,1.321
2012_03_GB_SEA,2012,3,GB,1.321,0.59
2012_04_NO_GB,2012,4,GB,0.59,-1.052
2012_05_GB_IND,2012,5,GB,-1.052,-3.014
2012_06_GB_HOU,2012,6,GB,-3.014,-1.429
2012_07_GB_LAR,2012,7,GB,-1.429,-2.088
2012_08_JAX_GB,2012,8,GB,-2.088,-3.236
2012_09_ARI_GB,2012,9,GB,-3.236,-3.17
2012_11_GB_DET,2012,11,GB,-3.17,-0.611
2012_12_GB_NYG,2012,12,GB,-0.611,-2.047
2012_13_MIN_GB,2012,13,GB,-2.047,-0.875
2012_14_DET_GB,2012,14,GB,-0.875,-0.672
2012_15_GB_CHI,2012,15,GB,-0.672,0.673
2012_16_TEN_GB,2012,16,GB,0.673,3.548
2012_17_GB_MIN,2012,17,GB,3.548,0.998
2012_18_MIN_GB,2012,18,GB,0.998,1.097
2012_19_GB_SF,2012,19,GB,1.097,-3.598
2013_01_GB_SF,2013,1,GB,-2.307,-4.543
2013_02_WAS_GB,2013,2,GB,-4.543,-5.396
2013_03_GB_CIN,2013,3,GB,-5.396,-5.094
2013_05_DET_GB,2013,5,GB,-5.094,-3.345
2013_06_GB_BAL,2013,6,GB,-3.345,-3.909
2013_07_CLE_GB,2013,7,GB,-3.909,-2.203
2013_08_GB_MIN,2013,8,GB,-2.203,-3.148
2013_09_CHI_GB,2013,9,GB,-3.148,-4.855
2013_10_PHI_GB,2013,10,GB,-4.855,-5.943
2013_11_GB_NYG,2013,11,GB,-5.943,-6.004
2013_12_MIN_GB,2013,12,GB,-6.004,-5.054
2013_13_GB_DET,2013,13,GB,-5.054,-5.969
2013_14_ATL_GB,2013,14,GB,-5.969,-5.35
2013_15_GB_DAL,2013,15,GB,-5.35,-5.446
2013_16_PIT_GB,2013,16,GB,-5.446,-5.495
2013_17_GB_CHI,2013,17,GB,-5.495,-6.01
2013_18_SF_GB,2013,18,GB,-6.01,-6.908
2014_01_GB_SEA,2014,1,GB,-4.428,-5.274
2014_02_NYJ_GB,2014,2,GB,-5.274,-5.508
2014_03_GB_DET,2014,3,GB,-5.508,-4.481
2014_04_GB_CHI,2014,4,GB,-4.481,-4.769
2014_05_MIN_GB,2014,5,GB,-4.769,-2.121
2014_06_GB_MIA,2014,6,GB,-2.121,-3.329
2014_07_CAR_GB,2014,7,GB,-3.329,-2.286
2014_08_GB_NO,2014,8,GB,-2.286,-4.194
2014_10_CHI_GB,2014,10,GB,-4.194,-2.633
2014_11_PHI_GB,2014,11,GB,-2.633,-3.23
2014_12_GB_MIN,2014,12,GB,-3.23,-3.931
2014_13_NE_GB,2014,13,GB,-3.931,-3.813
2014_14_ATL_GB,2014,14,GB,-3.813,-5.418
2014_15_GB_BUF,2014,15,GB,-5.418,-2.811
2014_16_GB_TB,2014,16,GB,-2.811,0.459
2014_17_DET_GB,2014,17,GB,0.459,-0.0
2014_19_DAL_GB,2014,19,GB,-0.0,0.658
2014_20_GB_SEA,2014,20,GB,0.658,3.882
2015_01_GB_CHI,2015,1,GB,2.489,2.891
2015_02_SEA_GB,2015,2,GB,2.891,2.02
2015_03_KC_GB,2015,3,GB,2.02,3.12
2015_04_GB_SF,2015,4,GB,3.12,5.076
2015_05_LAR_GB,2015,5,GB,5.076,9.182
2015_06_LAC_GB,2015,6,GB,9.182,6.562
2015_08_GB_DEN,2015,8,GB,6.562,5.891
2015_09_GB_CAR,2015,9,GB,5.891,3.264
2015_10_DET_GB,2015,10,GB,3.264,2.753
2015_11_GB_MIN,2015,11,GB,2.753,1.835
2015_12_CHI_GB,2015,12,GB,1.835,1.834
2015_13_GB_DET,2015,13,GB,1.834,0.794
2015_14_DAL_GB,2015,14,GB,0.794,2.761
2015_15_GB_OAK,2015,15,GB,2.761,3.24
2015_16_GB_ARI,2015,16,GB,3.24,2.876
2015_17_MIN_GB,2015,17,GB,2.876,4.986
2015_18_GB_WAS,2015,18,GB,4.986,5.179
2015_19_GB_ARI,2015,19,GB,5.179,4.632
2016_01_GB_JAX,2016,1,GB,2.969,3.034
2016_02_GB_MIN,2016,2,GB,3.034,1.603
2016_03_DET_GB,2016,3,GB,1.603,0.377
2016_05_NYG_GB,2016,5,GB,0.377,1.615
2016_06_DAL_GB,2016,6,GB,1.615,0.867
2016_07_CHI_GB,2016,7,GB,0.867,2.655
2016_08_GB_ATL,2016,8,GB,2.655,0.457
2016_09_IND_GB,2016,9,GB,0.457,1.747
2016_10_GB_TEN,2016,10,GB,1.747,-0.062
2016_11_GB_WAS,2016,11,GB,-0.062,-1.65
2016_12_GB_PHI,2016,12,GB,-1.65,-1.936
2016_13_HOU_GB,2016,13,GB,-1.936,-2.678
2016_14_SEA_GB,2016,14,GB,-2.678,0.542
2016_15_GB_CHI,2016,15,GB,0.542,-1.304
2016_16_MIN_GB,2016,16,GB,-1.304,-2.656
2016_17_GB_DET,2016,17,GB,-2.656,-3.569
2016_18_NYG_GB,2016,18,GB,-3.569,-3.735
2016_19_GB_DAL,2016,19,GB,-3.735,-4.867
2016_20_GB_ATL,2016,20,GB,-4.867,-8.61
2017_01_SEA_GB,2017,1,GB,-5.519,-4.24
2017_02_GB_ATL,2017,2,GB,-4.24,-4.246
2017_03_CIN_GB,2017,3,GB,-4.246,-4.682
2017_04_CHI_GB,2017,4,GB,-4.682,-4.193
2017_05_GB_DAL,2017,5,GB,-4.193,-6.455
2017_06_GB_MIN,2017,6,GB,-6.455,-7.659
2017_07_NO_GB,2017,7,GB,-7.659,-6.752
2017_09_DET_GB,2017,9,GB,-6.752,-8.325
2017_10_GB_CHI,2017,10,GB,-8.325,-8.021
2017_11_BAL_GB,2017,11,GB,-8.021,-7.767
2017_12_GB_PIT,2017,12,GB,-7.767,-9.736
2017_13_TB_GB,2017,13,GB,-9.736,-8.929
2017_14_GB_CLE,2017,14,GB,-8.929,-9.77
2017_15_GB_CAR,2017,15,GB,-9.77,-11.632
2017_16_MIN_GB,2017,16,GB,-11.632,-9.637
2017_17_GB_DET,2017,17,GB,-9.637,-11.289
2018_01_CHI_GB,2018,1,GB,-7.236,-7.016
2018_02_MIN_GB,2018,2,GB,-7.016,-9.379
2018_03_GB_WAS,2018,3,GB,-9.379,-9.104
2018_04_BUF_GB,2018,4,GB,-9.104,-5.149
2018_05_GB_DET,2018,5,GB,-5.149,-4.389
2018_06_SF_GB,2018,6,GB,-4.389,-5.188
2018_08_GB_LAR,2018,8,GB,-5.188,-4.537
2018_09_GB_NE,2018,9,GB,-4.537,-3.669
2018_10_MIA_GB,2018,10,GB,-3.669,-1.674
2018_11_GB_SEA,2018,11,GB,-1.674,-1.569
2018_12_GB_MIN,2018,12,GB,-1.569,-4.239
2018_13_ARI_GB,2018,13,GB,-4.239,-4.003
2018_14_ATL_GB,2018,14,GB,-4.003,-3.499
2018_15_GB_CHI,2018,15,GB,-3.499,-4.458
2018_16_GB_NYJ,2018,16,GB,-4.458,-6.882
2018_17_DET_GB,2018,17,GB,-6.882,-7.398
2019_01_GB_CHI,2019,1,GB,-4.742,-2.265
2019_02_MIN_GB,2019,2,GB,-2.265,-0.269
2019_03_DEN_GB,2019,3,GB,-0.269,1.829
2019_04_PHI_GB,2019,4,GB,1.829,1.459
2019_05_GB_DAL,2019,5,GB,1.459,0.907
2019_06_DET_GB,2019,6,GB,0.907,2.42
2019_07_OAK_GB,2019,7,GB,2.42,1.216
2019_08_GB_KC,2019,8,GB,1.216,-0.195
2019_09_GB_LAC,2019,9,GB,-0.195,-0.126
2019_10_CAR_GB,2019,10,GB,-0.126,-0.964
2019_12_GB_SF,2019,12,GB,-0.964,-1.19
2019_13_GB_NYG,2019,13,GB,-1.19,0.138
2019_14_WAS_GB,2019,14,GB,0.138,1.025
2019_15_CHI_GB,2019,15,GB,1.025,1.102
2019_16_GB_MIN,2019,16,GB,1.102,3.879
2019_17_GB_DET,2019,17,GB,3.879,4.152
2019_19_SEA_GB,2019,19,GB,4.152,3.462
2019_20_GB_SF,2019,20,GB,3.462,4.726
2020_01_GB_MIN,2020,1,GB,3.029,1.424
2020_02_DET_GB,2020,2,GB,1.424,2.656
2020_03_GB_NO,2020,3,GB,2.656,0.952
2020_04_ATL_GB,2020,4,GB,0.952,2.014
2020_06_GB_TB,2020,6,GB,2.014,2.12
2020_07_GB_HOU,2020,7,GB,2.12,0.305
2020_08_MIN_GB,2020,8,GB,0.305,0.431
2020_09_GB_SF,2020,9,GB,0.431,-0.165
2020_10_JAX_GB,2020,10,GB,-0.165,0.766
2020_11_GB_IND,2020,11,GB,0.766,-0.744
2020_12_CHI_GB,2020,12,GB,-0.744,-0.183
2020_13_PHI_GB,2020,13,GB,-0.183,1.781
2020_14_GB_DET,2020,14,GB,1.781,1.37
2020_15_CAR_GB,2020,15,GB,1.37,1.655
2020_16_TEN_GB,2020,16,GB,1.655,2.932
2020_17_GB_CHI,2020,17,GB,2.932,2.224
2020_19_LAR_GB,2020,19,GB,2.224,3.013
2020_20_TB_GB,2020,20,GB,3.013,4.354
2021_01_GB_NO,2021,1,GB,2.791,0.454
2021_02_DET_GB,2021,2,GB,0.454,-0.601
2021_03_GB_SF,2021,3,GB,-0.601,-0.246
2021_04_PIT_GB,2021,4,GB,-0.246,0.376
2021_05_GB_CIN,2021,5,GB,0.376,0.648
2021_06_GB_CHI,2021,6,GB,0.648,1.102
2021_07_WAS_GB,2021,7,GB,1.102,-0.457
2021_08_GB_ARI,2021,8,GB,-0.457,0.798
2021_09_GB_KC,2021,9,GB,0.798,2.471
2021_10_SEA_GB,2021,10,GB,2.471,5.432
2021_11_GB_MIN,2021,11,GB,5.432,3.791
2021_12_LAR_GB,2021,12,GB,3.791,4.092
2021_14_CHI_GB,2021,14,GB,4.092,3.134
2021_15_GB_BAL,2021,15,GB,3.134,-0.926
2021_16_CLE_GB,2021,16,GB,-0.926,1.578
2021_17_MIN_GB,2021,17,GB,1.578,0.188
2021_18_GB_DET,2021,18,GB,0.188,-1.273
2021_20_SF_GB,2021,20,GB,-1.273,0.714
2022_01_GB_MIN,2022,1,GB,0.458,-1.051
2022_02_CHI_GB,2022,2,GB,-1.051,-0.374
2022_03_GB_TB,2022,3,GB,-0.374,-1.116
2022_04_NE_GB,2022,4,GB,-1.116,-0.955
2022_05_NYG_GB,2022,5,GB,-0.955,-2.416
2022_06_NYJ_GB,2022,6,GB,-2.416,-1.875
2022_07_GB_WAS,2022,7,GB,-1.875,-3.001
2022_08_GB_BUF,2022,8,GB,-3.001,-1.466
2022_09_GB_DET,2022,9,GB,-1.466,-0.962
2022_10_DAL_GB,2022,10,GB,-0.962,0.288
2022_11_TEN_GB,2022,11,GB,0.288,-0.518
2022_12_GB_PHI,2022,12,GB,-0.518,-2.043
2022_13_GB_CHI,2022,13,GB,-2.043,-3.364
2022_15_LAR_GB,2022,15,GB,-3.364,-1.694
2022_16_GB_MIA,2022,16,GB,-1.694,-0.106
2022_17_MIN_GB,2022,17,GB,-0.106,2.13
2022_18_DET_GB,2022,18,GB,2.13,2.93
2023_01_GB_CHI,2023,1,GB,1.878,1.348
2023_02_GB_ATL,2023,2,GB,1.348,-0.694
2023_03_NO_GB,2023,3,GB,-0.694,0.803
2023_04_DET_GB,2023,4,GB,0.803,2.104
2023_05_GB_OAK,2023,5,GB,2.104,2.161
2023_07_GB_DEN,2023,7,GB,2.161,1.756
2023_08_MIN_GB,2023,8,GB,1.756,1.464
2023_09_LAR_GB,2023,9,GB,1.464,2.106
2023_10_GB_PIT,2023,10,GB,2.106,2.603
2023_11_LAC_GB,2023,11,GB,2.603,1.782
2023_12_GB_DET,2023,12,GB,1.782,0.466
2023_13_KC_GB,2023,13,GB,0.466,2.339
2023_14_GB_NYG,2023,14,GB,2.339,-0.587
2023_15_TB_GB,2023,15,GB,-0.587,-2.605
2023_16_GB_CAR,2023,16,GB,-2.605,-4.901
2023_17_GB_MIN,2023,17,GB,-4.901,-3.62
2023_18_CHI_GB,2023,18,GB,-3.62,-1.645
2023_19_GB_DAL,2023,19,GB,-1.645,-3.024
2023_20_GB_SF,2023,20,GB,-3.024,-2.634
2024_01_GB_PHI,2024,1,GB,-1.688,-1.75
2024_02_IND_GB,2024,2,GB,-1.75,-0.07
2024_03_GB_TEN,2024,3,GB,-0.07,0.677
2024_04_MIN_GB,2024,4,GB,0.677,-0.569
2024_05_GB_LAR,2024,5,GB,-0.569,-0.524
2024_06_ARI_GB,2024,6,GB,-0.524,-0.27
2024_07_HOU_GB,2024,7,GB,-0.27,2.951
2024_08_GB_JAX,2024,8,GB,2.951,1.658
2024_09_DET_GB,2024,9,GB,1.658,2.395
2024_11_GB_CHI,2024,11,GB,2.395,0.724
2024_12_SF_GB,2024,12,GB,0.724,0.954
2024_13_MIA_GB,2024,13,GB,0.954,-0.308
2024_14_GB_DET,2024,14,GB,-0.308,-2.078
2024_15_GB_SEA,2024,15,GB,-2.078,-0.268
2024_16_NO_GB,2024,16,GB,-0.268,0.784
2024_17_GB_MIN,2024,17,GB,0.784,-2.125
2024_18_CHI_GB,2024,18,GB,-2.125,-3.108
2024_19_GB_PHI,2024,19,GB,-3.108,-2.378
2025_01_DET_GB,2025,1,GB,-1.524,-0.153
2025_02_WAS_GB,2025,2,GB,-0.153,1.067
2025_03_GB_CLE,2025,3,GB,1.067,2.699
2025_04_GB_DAL,2025,4,GB,2.699,-0.698
2025_06_CIN_GB,2025,6,GB,-0.698,-2.059
2025_07_GB_ARI,2025,7,GB,-2.059,-3.248
2025_08_GB_PIT,2025,8,GB,-3.248,-2.754
2025_09_CAR_GB,2025,9,GB,-2.754,-1.288
2025_10_PHI_GB,2025,10,GB,-1.288,-0.993
2025_11_GB_NYG,2025,11,GB,-0.993,-0.723
2025_12_MIN_GB,2025,12,GB,-0.723,2.181
2025_13_GB_DET,2025,13,GB,2.181,0.795
2025_14_CHI_GB,2025,14,GB,0.795,0.857
2025_15_GB_DEN,2025,15,GB,0.857,-1.104
2025_16_GB_CHI,2025,16,GB,-1.104,-2.154
2025_17_BAL_GB,2025,17,GB,-2.154,-3.157
2025_18_GB_MIN,2025,18,GB,-3.157,-4.217
2025_19_GB_CHI,2025,19,GB,-4.217,-3.831
2026_01_GB_MIN,2026,1,GB,-2.456,-0.439
2002_01_DAL_HOU,2002,1,HOU,0.0,0.685
2002_02_HOU_LAC,2002,2,HOU,0.685,0.749
2002_03_IND_HOU,2002,3,HOU,0.749,-0.78
2002_04_HOU_PHI,2002,4,HOU,-0.78,0.016
2002_06_BUF_HOU,2002,6,HOU,0.016,-1.012
2002_07_HOU_CLE,2002,7,HOU,-1.012,-1.94
2002_09_CIN_HOU,2002,9,HOU,-1.94,-6.38
2002_10_HOU_TEN,2002,10,HOU,-6.38,-5.618
2002_11_JAX_HOU,2002,11,HOU,-5.618,-5.919
2002_12_NYG_HOU,2002,12,HOU,-5.919,-5.029
2002_13_HOU_IND,2002,13,HOU,-5.029,-4.807
2002_14_HOU_PIT,2002,14,HOU,-4.807,-2.785
2002_15_BAL_HOU,2002,15,HOU,-2.785,-5.519
2002_16_HOU_WAS,2002,16,HOU,-5.519,-6.48
2002_17_TEN_HOU,2002,17,HOU,-6.48,-5.004
2003_01_HOU_MIA,2003,1,HOU,-3.208,-2.782
2003_02_HOU_NO,2003,2,HOU,-2.782,-4.255
2003_03_KC_HOU,2003,3,HOU,-4.255,-4.708
2003_04_JAX_HOU,2003,4,HOU,-4.708,-4.577
2003_06_HOU_TEN,2003,6,HOU,-4.577,-6.538
2003_07_NYJ_HOU,2003,7,HOU,-6.538,-6.955
2003_08_HOU_IND,2003,8,HOU,-6.955,-8.965
2003_09_CAR_HOU,2003,9,HOU,-8.965,-10.231
2003_10_HOU_CIN,2003,10,HOU,-10.231,-10.444
2003_11_HOU_BUF,2003,11,HOU,-10.444,-9.44
2003_12_NE_HOU,2003,12,HOU,-9.44,-10.314
2003_13_ATL_HOU,2003,13,HOU,-10.314,-9.829
2003_14_HOU_JAX,2003,14,HOU,-9.829,-10.101
2003_15_HOU_TB,2003,15,HOU,-10.101,-10.151
2003_16_TEN_HOU,2003,16,HOU,-10.151,-10.416
2003_17_IND_HOU,2003,17,HOU,-10.416,-9.999
2004_01_LAC_HOU,2004,1,HOU,-6.409,-8.563
2004_02_HOU_DET,2004,2,HOU,-8.563,-10.211
2004_03_HOU_KC,2004,3,HOU,-10.211,-10.329
2004_04_OAK_HOU,2004,4,HOU,-10.329,-9.454
2004_05_MIN_HOU,2004,5,HOU,-9.454,-12.962
2004_06_HOU_TEN,2004,6,HOU,-12.962,-10.295
2004_08_JAX_HOU,2004,8,HOU,-10.295,-9.937
2004_09_HOU_DEN,2004,9,HOU,-9.937,-11.388
2004_10_HOU_IND,2004,10,HOU,-11.388,-12.138
2004_11_GB_HOU,2004,11,HOU,-12.138,-13.639
2004_12_TEN_HOU,2004,12,HOU,-13.639,-16.135
2004_13_HOU_NYJ,2004,13,HOU,-16.135,-15.913
2004_14_IND_HOU,2004,14,HOU,-15.913,-15.957
2004_15_HOU_CHI,2004,15,HOU,-15.957,-15.587
2004_16_HOU_JAX,2004,16,HOU,-15.587,-12.744
2004_17_CLE_HOU,2004,17,HOU,-12.744,-13.284
2005_01_HOU_BUF,2005,1,HOU,-8.515,-9.349
2005_02_PIT_HOU,2005,2,HOU,-9.349,-11.296
2005_04_HOU_CIN,2005,4,HOU,-11.296,-11.677
2005_05_TEN_HOU,2005,5,HOU,-11.677,-14.172
2005_06_HOU_SEA,2005,6,HOU,-14.172,-13.356
2005_07_IND_HOU,2005,7,HOU,-13.356,-13.367
2005_08_CLE_HOU,2005,8,HOU,-13.367,-14.121
2005_09_HOU_JAX,2005,9,HOU,-14.121,-15.087
2005_10_HOU_IND,2005,10,HOU,-15.087,-16.549
2005_11_KC_HOU,2005,11,HOU,-16.549,-18.287
2005_12_LAR_HOU,2005,12,HOU,-18.287,-17.408
2005_13_HOU_BAL,2005,13,HOU,-17.408,-16.874
2005_14_HOU_TEN,2005,14,HOU,-16.874,-16.425
2005_15_ARI_HOU,2005,15,HOU,-16.425,-16.529
2005_16_JAX_HOU,2005,16,HOU,-16.529,-18.385
2005_17_HOU_SF,2005,17,HOU,-18.385,-17.931
2006_01_PHI_HOU,2006,1,HOU,-11.494,-13.531
2006_02_HOU_IND,2006,2,HOU,-13.531,-15.521
2006_03_WAS_HOU,2006,3,HOU,-15.521,-18.458
2006_04_MIA_HOU,2006,4,HOU,-18.458,-18.006
2006_06_HOU_DAL,2006,6,HOU,-18.006,-18.275
2006_07_JAX_HOU,2006,7,HOU,-18.275,-17.508
2006_08_HOU_TEN,2006,8,HOU,-17.508,-18.047
2006_09_HOU_NYG,2006,9,HOU,-18.047,-16.748
2006_10_HOU_JAX,2006,10,HOU,-16.748,-14.135
2006_11_BUF_HOU,2006,11,HOU,-14.135,-17.411
2006_12_HOU_NYJ,2006,12,HOU,-17.411,-19.012
2006_13_HOU_OAK,2006,13,HOU,-19.012,-16.728
2006_14_TEN_HOU,2006,14,HOU,-16.728,-18.916
2006_15_HOU_NE,2006,15,HOU,-18.916,-18.398
2006_16_IND_HOU,2006,16,HOU,-18.398,-19.149
2006_17_CLE_HOU,2006,17,HOU,-19.149,-20.639
2007_01_KC_HOU,2007,1,HOU,-13.23,-12.243
2007_02_HOU_CAR,2007,2,HOU,-12.243,-13.03
2007_03_IND_HOU,2007,3,HOU,-13.03,-13.366
2007_04_HOU_ATL,2007,4,HOU,-13.366,-15.332
2007_05_MIA_HOU,2007,5,HOU,-15.332,-15.04
2007_06_HOU_JAX,2007,6,HOU,-15.04,-16.253
2007_07_TEN_HOU,2007,7,HOU,-16.253,-17.552
2007_08_HOU_LAC,2007,8,HOU,-17.552,-17.634
2007_09_HOU_OAK,2007,9,HOU,-17.634,-15.677
2007_11_NO_HOU,2007,11,HOU,-15.677,-15.348
2007_12_HOU_CLE,2007,12,HOU,-15.348,-15.884
2007_13_HOU_TEN,2007,13,HOU,-15.884,-16.859
2007_14_TB_HOU,2007,14,HOU,-16.859,-17.854
2007_15_DEN_HOU,2007,15,HOU,-17.854,-17.977
2007_16_HOU_IND,2007,16,HOU,-17.977,-19.927
2007_17_JAX_HOU,2007,17,HOU,-19.927,-23.073
2008_01_HOU_PIT,2008,1,HOU,-14.79,-15.094
2008_03_HOU_TEN,2008,3,HOU,-15.094,-15.217
2008_04_HOU_JAX,2008,4,HOU,-15.217,-16.923
2008_05_IND_HOU,2008,5,HOU,-16.923,-16.971
2008_06_MIA_HOU,2008,6,HOU,-16.971,-18.293
2008_07_DET_HOU,2008,7,HOU,-18.293,-19.674
2008_08_CIN_HOU,2008,8,HOU,-19.674,-19.762
2008_09_HOU_MIN,2008,9,HOU,-19.762,-20.147
2008_10_BAL_HOU,2008,10,HOU,-20.147,-20.97
2008_11_HOU_IND,2008,11,HOU,-20.97,-22.068
2008_12_HOU_CLE,2008,12,HOU,-22.068,-19.734
2008_13_JAX_HOU,2008,13,HOU,-19.734,-20.339
2008_14_HOU_GB,2008,14,HOU,-20.339,-20.679
2008_15_TEN_HOU,2008,15,HOU,-20.679,-19.921
2008_16_HOU_OAK,2008,16,HOU,-19.921,-21.315
2008_17_CHI_HOU,2008,17,HOU,-21.315,-23.236
2009_01_NYJ_HOU,2009,1,HOU,-14.894,-16.051
2009_02_HOU_TEN,2009,2,HOU,-16.051,-16.166
2009_03_JAX_HOU,2009,3,HOU,-16.166,-17.821
2009_04_OAK_HOU,2009,4,HOU,-17.821,-16.943
2009_05_HOU_ARI,2009,5,HOU,-16.943,-18.333
2009_06_HOU_CIN,2009,6,HOU,-18.333,-18.072
2009_07_SF_HOU,2009,7,HOU,-18.072,-17.066
2009_08_HOU_BUF,2009,8,HOU,-17.066,-14.956
2009_09_HOU_IND,2009,9,HOU,-14.956,-14.45
2009_11_TEN_HOU,2009,11,HOU,-14.45,-15.956
2009_12_IND_HOU,2009,12,HOU,-15.956,-15.409
2009_13_HOU_JAX,2009,13,HOU,-15.409,-14.529
2009_14_SEA_HOU,2009,14,HOU,-14.529,-14.827
2009_15_HOU_LAR,2009,15,HOU,-14.827,-15.552
2009_16_HOU_MIA,2009,16,HOU,-15.552,-15.948
2009_17_NE_HOU,2009,17,HOU,-15.948,-14.609
2010_01_IND_HOU,2010,1,HOU,-9.365,-11.92
2010_02_HOU_WAS,2010,2,HOU,-11.92,-13.237
2010_03_DAL_HOU,2010,3,HOU,-13.237,-15.092
2010_04_HOU_OAK,2010,4,HOU,-15.092,-14.855
2010_05_NYG_HOU,2010,5,HOU,-14.855,-16.489
2010_06_KC_HOU,2010,6,HOU,-16.489,-18.85
2010_08_HOU_IND,2010,8,HOU,-18.85,-18.445
2010_09_LAC_HOU,2010,9,HOU,-18.445,-19.786
2010_10_HOU_JAX,2010,10,HOU,-19.786,-21.632
2010_11_HOU_NYJ,2010,11,HOU,-21.632,-22.075
2010_12_TEN_HOU,2010,12,HOU,-22.075,-20.632
2010_13_HOU_PHI,2010,13,HOU,-20.632,-21.396
2010_14_BAL_HOU,2010,14,HOU,-21.396,-21.399
2010_15_HOU_TEN,2010,15,HOU,-21.399,-20.59
2010_16_HOU_DEN,2010,16,HOU,-20.59,-21.289
2010_17_JAX_HOU,2010,17,HOU,-21.289,-20.925
2011_01_IND_HOU,2011,1,HOU,-13.413,-13.399
2011_02_HOU_MIA,2011,2,HOU,-13.399,-12.097
2011_03_HOU_NO,2011,3,HOU,-12.097,-12.475
2011_04_PIT_HOU,2011,4,HOU,-12.475,-10.709
2011_05_OAK_HOU,2011,5,HOU,-10.709,-9.764
2011_06_HOU_BAL,2011,6,HOU,-9.764,-9.791
2011_07_HOU_TEN,2011,7,HOU,-9.791,-7.177
2011_08_JAX_HOU,2011,8,HOU,-7.177,-6.094
2011_09_CLE_HOU,2011,9,HOU,-6.094,-5.743
2011_10_HOU_TB,2011,10,HOU,-5.743,-2.569
2011_12_HOU_JAX,2011,12,HOU,-2.569,-0.015
2011_13_ATL_HOU,2011,13,HOU,-0.015,0.899
2011_14_HOU_CIN,2011,14,HOU,0.899,0.628
2011_15_CAR_HOU,2011,15,HOU,0.628,-0.57
2011_16_HOU_IND,2011,16,HOU,-0.57,-1.529
2011_17_TEN_HOU,2011,17,HOU,-1.529,-3.563
2011_18_CIN_HOU,2011,18,HOU,-3.563,-2.749
2011_19_HOU_BAL,2011,19,HOU,-2.749,-1.793
2012_01_MIA_HOU,2012,1,HOU,-1.149,-0.017
2012_02_HOU_JAX,2012,2,HOU,-0.017,1.358
2012_03_HOU_DEN,2012,3,HOU,1.358,2.052
2012_04_TEN_HOU,2012,4,HOU,2.052,2.94
2012_05_HOU_NYJ,2012,5,HOU,2.94,4.264
2012_06_GB_HOU,2012,6,HOU,4.264,0.569
2012_07_BAL_HOU,2012,7,HOU,0.569,2.294
2012_09_BUF_HOU,2012,9,HOU,2.294,1.69
2012_10_HOU_CHI,2012,10,HOU,1.69,2.969
2012_11_JAX_HOU,2012,11,HOU,2.969,2.512
2012_12_HOU_DET,2012,12,HOU,2.512,1.264
2012_13_HOU_TEN,2012,13,HOU,1.264,3.065
2012_14_HOU_NE,2012,14,HOU,3.065,1.916
2012_15_IND_HOU,2012,15,HOU,1.916,1.982
2012_16_MIN_HOU,2012,16,HOU,1.982,0.289
2012_17_HOU_IND,2012,17,HOU,0.289,-0.61
2012_18_CIN_HOU,2012,18,HOU,-0.61,0.18
2012_19_HOU_NE,2012,19,HOU,0.18,-0.933
2013_01_HOU_LAC,2013,1,HOU,-0.598,-0.889
2013_02_TEN_HOU,2013,2,HOU,-0.889,-1.49
2013_03_HOU_BAL,2013,3,HOU,-1.49,-0.741
2013_04_SEA_HOU,2013,4,HOU,-0.741,0.269
2013_05_HOU_SF,2013,5,HOU,0.269,1.281
2013_06_LAR_HOU,2013,6,HOU,1.281,-0.397
2013_07_HOU_KC,2013,7,HOU,-0.397,-1.31
2013_09_IND_HOU,2013,9,HOU,-1.31,-1.46
2013_10_HOU_ARI,2013,10,HOU,-1.46,-2.818
2013_11_OAK_HOU,2013,11,HOU,-2.818,-4.849
2013_12_JAX_HOU,2013,12,HOU,-4.849,-5.949
2013_13_NE_HOU,2013,13,HOU,-5.949,-8.098
2013_14_HOU_JAX,2013,14,HOU,-8.098,-8.376
2013_15_HOU_IND,2013,15,HOU,-8.376,-8.599
2013_16_DEN_HOU,2013,16,HOU,-8.599,-10.525
2013_17_HOU_TEN,2013,17,HOU,-10.525,-8.936
2014_01_WAS_HOU,2014,1,HOU,-5.728,-6.834
2014_02_HOU_OAK,2014,2,HOU,-6.834,-8.555
2014_03_HOU_NYG,2014,3,HOU,-8.555,-9.547
2014_04_BUF_HOU,2014,4,HOU,-9.547,-8.975
2014_05_HOU_DAL,2014,5,HOU,-8.975,-10.173
2014_06_IND_HOU,2014,6,HOU,-10.173,-10.443
2014_07_HOU_PIT,2014,7,HOU,-10.443,-10.643
2014_08_HOU_TEN,2014,8,HOU,-10.643,-11.704
2014_09_PHI_HOU,2014,9,HOU,-11.704,-10.661
2014_11_HOU_CLE,2014,11,HOU,-10.661,-9.262
2014_12_CIN_HOU,2014,12,HOU,-9.262,-10.166
2014_13_TEN_HOU,2014,13,HOU,-10.166,-11.196
2014_14_HOU_JAX,2014,14,HOU,-11.196,-9.924
2014_15_HOU_IND,2014,15,HOU,-9.924,-8.328
2014_16_BAL_HOU,2014,16,HOU,-8.328,-5.966
2014_17_JAX_HOU,2014,17,HOU,-5.966,-5.933
2015_01_KC_HOU,2015,1,HOU,-3.803,-5.709
2015_02_HOU_CAR,2015,2,HOU,-5.709,-6.298
2015_03_TB_HOU,2015,3,HOU,-6.298,-6.908
2015_04_HOU_ATL,2015,4,HOU,-6.908,-7.046
2015_05_IND_HOU,2015,5,HOU,-7.046,-8.732
2015_06_HOU_JAX,2015,6,HOU,-8.732,-9.068
2015_07_HOU_MIA,2015,7,HOU,-9.068,-10.763
2015_08_TEN_HOU,2015,8,HOU,-10.763,-9.565
2015_10_HOU_CIN,2015,10,HOU,-9.565,-7.216
2015_11_NYJ_HOU,2015,11,HOU,-7.216,-6.266
2015_12_NO_HOU,2015,12,HOU,-6.266,-4.304
2015_13_HOU_BUF,2015,13,HOU,-4.304,-5.907
2015_14_NE_HOU,2015,14,HOU,-5.907,-6.248
2015_15_HOU_IND,2015,15,HOU,-6.248,-5.875
2015_16_HOU_TEN,2015,16,HOU,-5.875,-5.927
2015_17_JAX_HOU,2015,17,HOU,-5.927,-2.919
2015_18_KC_HOU,2015,18,HOU,-2.919,-3.279
2016_01_CHI_HOU,2016,1,HOU,-2.102,-1.311
2016_02_KC_HOU,2016,2,HOU,-1.311,-0.169
2016_03_HOU_NE,2016,3,HOU,-0.169,-0.733
2016_04_TEN_HOU,2016,4,HOU,-0.733,-0.555
2016_05_HOU_MIN,2016,5,HOU,-0.555,-2.178
2016_06_IND_HOU,2016,6,HOU,-2.178,-3.444
2016_07_HOU_DEN,2016,7,HOU,-3.444,-3.715
2016_08_DET_HOU,2016,8,HOU,-3.715,-4.175
2016_10_HOU_JAX,2016,10,HOU,-4.175,-4.565
2016_11_HOU_OAK,2016,11,HOU,-4.565,-5.294
2016_12_LAC_HOU,2016,12,HOU,-5.294,-7.045
2016_13_HOU_GB,2016,13,HOU,-7.045,-6.681
2016_14_HOU_IND,2016,14,HOU,-6.681,-6.673
2016_15_JAX_HOU,2016,15,HOU,-6.673,-4.984
2016_16_CIN_HOU,2016,16,HOU,-4.984,-5.302
2016_17_HOU_TEN,2016,17,HOU,-5.302,-3.759
2016_18_OAK_HOU,2016,18,HOU,-3.759,-1.443
2016_19_HOU_NE,2016,19,HOU,-1.443,0.893
2017_01_JAX_HOU,2017,1,HOU,0.572,0.058
2017_02_HOU_CIN,2017,2,HOU,0.058,0.941
2017_03_HOU_NE,2017,3,HOU,0.941,-0.54
2017_04_TEN_HOU,2017,4,HOU,-0.54,-0.993
2017_05_KC_HOU,2017,5,HOU,-0.993,-4.342
2017_06_CLE_HOU,2017,6,HOU,-4.342,-3.347
2017_08_HOU_SEA,2017,8,HOU,-3.347,-5.721
2017_09_IND_HOU,2017,9,HOU,-5.721,-7.875
2017_10_HOU_LAR,2017,10,HOU,-7.875,-9.38
2017_11_ARI_HOU,2017,11,HOU,-9.38,-10.683
2017_12_HOU_BAL,2017,12,HOU,-10.683,-10.657
2017_13_HOU_TEN,2017,13,HOU,-10.657,-10.639
2017_14_SF_HOU,2017,14,HOU,-10.639,-11.438
2017_15_HOU_JAX,2017,15,HOU,-11.438,-12.928
2017_16_PIT_HOU,2017,16,HOU,-12.928,-13.845
2017_17_HOU_IND,2017,17,HOU,-13.845,-14.076
2018_01_HOU_NE,2018,1,HOU,-9.023,-8.753
2018_02_HOU_TEN,2018,2,HOU,-8.753,-8.554
2018_03_NYG_HOU,2018,3,HOU,-8.554,-10.407
2018_04_HOU_IND,2018,4,HOU,-10.407,-13.068
2018_05_DAL_HOU,2018,5,HOU,-13.068,-12.611
2018_06_BUF_HOU,2018,6,HOU,-12.611,-12.432
2018_07_HOU_JAX,2018,7,HOU,-12.432,-11.007
2018_08_MIA_HOU,2018,8,HOU,-11.007,-10.688
2018_09_HOU_DEN,2018,9,HOU,-10.688,-10.656
2018_11_HOU_WAS,2018,11,HOU,-10.656,-7.591
2018_12_TEN_HOU,2018,12,HOU,-7.591,-9.634
2018_13_CLE_HOU,2018,13,HOU,-9.634,-10.868
2018_14_IND_HOU,2018,14,HOU,-10.868,-11.558
2018_15_HOU_NYJ,2018,15,HOU,-11.558,-12.776
2018_16_HOU_PHI,2018,16,HOU,-12.776,-15.626
2018_17_JAX_HOU,2018,17,HOU,-15.626,-13.715
2018_18_IND_HOU,2018,18,HOU,-13.715,-13.345
2019_01_HOU_NO,2019,1,HOU,-8.554,-9.64
2019_02_JAX_HOU,2019,2,HOU,-9.64,-11.639
2019_03_HOU_LAC,2019,3,HOU,-11.639,-11.48
2019_04_CAR_HOU,2019,4,HOU,-11.48,-12.14
2019_05_ATL_HOU,2019,5,HOU,-12.14,-13.572
2019_06_HOU_KC,2019,6,HOU,-13.572,-12.194
2019_07_HOU_IND,2019,7,HOU,-12.194,-14.957
2019_08_OAK_HOU,2019,8,HOU,-14.957,-16.628
2019_09_HOU_JAX,2019,9,HOU,-16.628,-15.409
2019_11_HOU_BAL,2019,11,HOU,-15.409,-17.339
2019_12_IND_HOU,2019,12,HOU,-17.339,-17.374
2019_13_NE_HOU,2019,13,HOU,-17.374,-17.565
2019_14_DEN_HOU,2019,14,HOU,-17.565,-20.402
2019_15_HOU_TEN,2019,15,HOU,-20.402,-20.096
2019_16_HOU_TB,2019,16,HOU,-20.096,-17.005
2019_17_TEN_HOU,2019,17,HOU,-17.005,-17.986
2019_18_BUF_HOU,2019,18,HOU,-17.986,-18.615
2019_19_HOU_KC,2019,19,HOU,-18.615,-21.727
2020_01_HOU_KC,2020,1,HOU,-13.927,-13.743
2020_02_BAL_HOU,2020,2,HOU,-13.743,-13.026
2020_03_HOU_PIT,2020,3,HOU,-13.026,-12.34
2020_04_MIN_HOU,2020,4,HOU,-12.34,-12.55
2020_05_JAX_HOU,2020,5,HOU,-12.55,-14.001
2020_06_HOU_TEN,2020,6,HOU,-14.001,-15.191
2020_07_GB_HOU,2020,7,HOU,-15.191,-17.177
2020_09_HOU_JAX,2020,9,HOU,-17.177,-18.632
2020_10_HOU_CLE,2020,10,HOU,-18.632,-17.201
2020_11_NE_HOU,2020,11,HOU,-17.201,-18.367
2020_12_HOU_DET,2020,12,HOU,-18.367,-17.784
2020_13_IND_HOU,2020,13,HOU,-17.784,-18.374
2020_14_HOU_CHI,2020,14,HOU,-18.374,-19.318
2020_15_HOU_IND,2020,15,HOU,-19.318,-19.838
2020_16_CIN_HOU,2020,16,HOU,-19.838,-23.733
2020_17_TEN_HOU,2020,17,HOU,-23.733,-24.806
2021_01_JAX_HOU,2021,1,HOU,-15.901,-15.989
2021_02_HOU_CLE,2021,2,HOU,-15.989,-15.73
2021_03_CAR_HOU,2021,3,HOU,-15.73,-17.351
2021_04_HOU_BUF,2021,4,HOU,-17.351,-16.619
2021_05_NE_HOU,2021,5,HOU,-16.619,-17.435
2021_06_HOU_IND,2021,6,HOU,-17.435,-17.562
2021_07_HOU_ARI,2021,7,HOU,-17.562,-16.564
2021_08_LAR_HOU,2021,8,HOU,-16.564,-17.719
2021_09_HOU_MIA,2021,9,HOU,-17.719,-15.503
2021_11_HOU_TEN,2021,11,HOU,-15.503,-13.542
2021_12_NYJ_HOU,2021,12,HOU,-13.542,-12.932
2021_13_IND_HOU,2021,13,HOU,-12.932,-12.959
2021_14_SEA_HOU,2021,14,HOU,-12.959,-14.373
2021_15_HOU_JAX,2021,15,HOU,-14.373,-13.655
2021_16_LAC_HOU,2021,16,HOU,-13.655,-13.51
2021_17_HOU_SF,2021,17,HOU,-13.51,-13.807
2021_18_TEN_HOU,2021,18,HOU,-13.807,-16.473
2022_01_IND_HOU,2022,1,HOU,-10.559,-10.886
2022_02_HOU_DEN,2022,2,HOU,-10.886,-9.084
2022_03_HOU_CHI,2022,3,HOU,-9.084,-6.978
2022_04_LAC_HOU,2022,4,HOU,-6.978,-7.965
2022_05_HOU_JAX,2022,5,HOU,-7.965,-7.897
2022_07_HOU_OAK,2022,7,HOU,-7.897,-8.546
2022_08_TEN_HOU,2022,8,HOU,-8.546,-7.18
2022_09_PHI_HOU,2022,9,HOU,-7.18,-7.407
2022_10_HOU_NYG,2022,10,HOU,-7.407,-7.389
2022_11_WAS_HOU,2022,11,HOU,-7.389,-7.892
2022_12_HOU_MIA,2022,12,HOU,-7.892,-6.487
2022_13_CLE_HOU,2022,13,HOU,-6.487,-4.408
2022_14_HOU_DAL,2022,14,HOU,-4.408,-3.95
2022_15_KC_HOU,2022,15,HOU,-3.95,-6.84
2022_16_HOU_TEN,2022,16,HOU,-6.84,-6.007
2022_17_JAX_HOU,2022,17,HOU,-6.007,-5.023
2022_18_HOU_IND,2022,18,HOU,-5.023,-6.328
2023_01_HOU_BAL,2023,1,HOU,-4.056,-3.257
2023_02_IND_HOU,2023,2,HOU,-3.257,-4.847
2023_03_HOU_JAX,2023,3,HOU,-4.847,-5.104
2023_04_PIT_HOU,2023,4,HOU,-5.104,-4.007
2023_05_HOU_ATL,2023,5,HOU,-4.007,-7.865
2023_06_NO_HOU,2023,6,HOU,-7.865,-8.829
2023_08_HOU_CAR,2023,8,HOU,-8.829,-8.262
2023_09_TB_HOU,2023,9,HOU,-8.262,-9.839
2023_10_HOU_CIN,2023,10,HOU,-9.839,-8.957
2023_11_ARI_HOU,2023,11,HOU,-8.957,-9.349
2023_12_JAX_HOU,2023,12,HOU,-9.349,-10.799
2023_13_DEN_HOU,2023,13,HOU,-10.799,-9.711
2023_14_HOU_NYJ,2023,14,HOU,-9.711,-11.302
2023_15_HOU_TEN,2023,15,HOU,-11.302,-10.015
2023_16_CLE_HOU,2023,16,HOU,-10.015,-12.131
2023_17_TEN_HOU,2023,17,HOU,-12.131,-11.397
2023_18_HOU_IND,2023,18,HOU,-11.397,-10.846
2023_19_CLE_HOU,2023,19,HOU,-10.846,-10.992
2023_20_HOU_BAL,2023,20,HOU,-10.992,-12.561
2024_01_HOU_IND,2024,1,HOU,-8.051,-9.506
2024_02_CHI_HOU,2024,2,HOU,-9.506,-7.949
2024_03_HOU_MIN,2024,3,HOU,-7.949,-8.906
2024_04_JAX_HOU,2024,4,HOU,-8.906,-9.311
2024_05_BUF_HOU,2024,5,HOU,-9.311,-8.01
2024_06_HOU_NE,2024,6,HOU,-8.01,-7.838
2024_07_HOU_GB,2024,7,HOU,-7.838,-6.694
2024_08_IND_HOU,2024,8,HOU,-6.694,-4.895
2024_09_HOU_NYJ,2024,9,HOU,-4.895,-5.253
2024_10_DET_HOU,2024,10,HOU,-5.253,-2.993
2024_11_HOU_DAL,2024,11,HOU,-2.993,-3.323
2024_12_TEN_HOU,2024,12,HOU,-3.323,-3.683
2024_13_HOU_JAX,2024,13,HOU,-3.683,-2.12
2024_15_MIA_HOU,2024,15,HOU,-2.12,-0.487
2024_16_HOU_KC,2024,16,HOU,-0.487,-1.917
2024_17_BAL_HOU,2024,17,HOU,-1.917,-3.731
2024_18_HOU_TEN,2024,18,HOU,-3.731,-2.569
2024_19_LAC_HOU,2024,19,HOU,-2.569,1.007
2024_20_HOU_KC,2024,20,HOU,1.007,2.109
2025_01_HOU_LAR,2025,1,HOU,1.352,1.135
2025_02_TB_HOU,2025,2,HOU,1.135,0.244
2025_03_HOU_JAX,2025,3,HOU,0.244,1.882
2025_04_TEN_HOU,2025,4,HOU,1.882,2.572
2025_05_HOU_BAL,2025,5,HOU,2.572,4.471
2025_07_HOU_SEA,2025,7,HOU,4.471,5.934
2025_08_SF_HOU,2025,8,HOU,5.934,4.84
2025_09_DEN_HOU,2025,9,HOU,4.84,4.735
2025_10_JAX_HOU,2025,10,HOU,4.735,5.285
2025_11_HOU_TEN,2025,11,HOU,5.285,4.102
2025_12_BUF_HOU,2025,12,HOU,4.102,6.862
2025_13_HOU_IND,2025,13,HOU,6.862,6.281
2025_14_HOU_KC,2025,14,HOU,6.281,9.383
2025_15_ARI_HOU,2025,15,HOU,9.383,7.804
2025_16_OAK_HOU,2025,16,HOU,7.804,6.891
2025_17_HOU_LAC,2025,17,HOU,6.891,6.943
2025_18_IND_HOU,2025,18,HOU,6.943,3.625
2025_19_HOU_PIT,2025,19,HOU,3.625,6.485
2025_20_HOU_NE,2025,20,HOU,6.485,7.999
2026_01_BUF_HOU,2026,1,HOU,5.128,2.319
1999_01_BUF_IND,1999,1,IND,0.0,-0.914
1999_02_IND_NE,1999,2,IND,-0.914,-3.735
1999_03_IND_LAC,1999,3,IND,-3.735,-2.419
1999_05_MIA_IND,1999,5,IND,-2.419,-6.638
1999_06_IND_NYJ,1999,6,IND,-6.638,-6.858
1999_07_CIN_IND,1999,7,IND,-6.858,-6.838
1999_08_DAL_IND,1999,8,IND,-6.838,-7.128
1999_09_KC_IND,1999,9,IND,-7.128,-8.724
1999_10_IND_NYG,1999,10,IND,-8.724,-8.757
1999_11_IND_PHI,1999,11,IND,-8.757,-7.059
1999_12_NYJ_IND,1999,12,IND,-7.059,-7.999
1999_13_IND_MIA,1999,13,IND,-7.999,-9.827
1999_14_NE_IND,1999,14,IND,-9.827,-11.975
1999_15_WAS_IND,1999,15,IND,-11.975,-12.223
1999_16_IND_CLE,1999,16,IND,-12.223,-14.387
1999_17_IND_BUF,1999,17,IND,-14.387,-17.881
1999_19_TEN_IND,1999,19,IND,-17.881,-17.994
2000_01_IND_KC,2000,1,IND,-11.534,-10.921
2000_02_OAK_IND,2000,2,IND,-10.921,-14.468
2000_04_JAX_IND,2000,4,IND,-14.468,-14.45
2000_05_IND_BUF,2000,5,IND,-14.45,-15.316
2000_06_IND_NE,2000,6,IND,-15.316,-15.773
2000_07_IND_SEA,2000,7,IND,-15.773,-16.66
2000_08_NE_IND,2000,8,IND,-16.66,-19.589
2000_09_DET_IND,2000,9,IND,-19.589,-19.442
2000_10_IND_CHI,2000,10,IND,-19.442,-20.295
2000_11_NYJ_IND,2000,11,IND,-20.295,-20.456
2000_12_IND_GB,2000,12,IND,-20.456,-20.86
2000_13_MIA_IND,2000,13,IND,-20.86,-22.387
2000_14_IND_NYJ,2000,14,IND,-22.387,-22.755
2000_15_BUF_IND,2000,15,IND,-22.755,-20.232
2000_16_IND_MIA,2000,16,IND,-20.232,-18.387
2000_17_MIN_IND,2000,17,IND,-18.387,-17.918
2000_18_IND_MIA,2000,18,IND,-17.918,-16.792
2001_01_IND_NYJ,2001,1,IND,-10.763,-11.518
2001_02_BUF_IND,2001,2,IND,-11.518,-13.769
2001_03_IND_NE,2001,3,IND,-13.769,-14.119
2001_05_OAK_IND,2001,5,IND,-14.119,-13.708
2001_06_NE_IND,2001,6,IND,-13.708,-16.924
2001_07_IND_KC,2001,7,IND,-16.924,-16.485
2001_08_IND_BUF,2001,8,IND,-16.485,-14.838
2001_09_MIA_IND,2001,9,IND,-14.838,-15.705
2001_10_IND_NO,2001,10,IND,-15.705,-18.154
2001_11_SF_IND,2001,11,IND,-18.154,-17.18
2001_12_IND_BAL,2001,12,IND,-17.18,-17.809
2001_13_IND_MIA,2001,13,IND,-17.809,-19.415
2001_14_ATL_IND,2001,14,IND,-19.415,-19.769
2001_15_NYJ_IND,2001,15,IND,-19.769,-21.194
2001_16_IND_LAR,2001,16,IND,-21.194,-22.479
2001_17_DEN_IND,2001,17,IND,-22.479,-19.261
2002_02_MIA_IND,2002,2,IND,-12.346,-14.403
2002_03_IND_HOU,2002,3,IND,-14.403,-13.519
2002_05_CIN_IND,2002,5,IND,-13.519,-14.358
2002_06_BAL_IND,2002,6,IND,-14.358,-13.853
2002_07_IND_PIT,2002,7,IND,-13.853,-14.118
2002_08_IND_WAS,2002,8,IND,-14.118,-14.424
2002_09_TEN_IND,2002,9,IND,-14.424,-14.239
2002_10_IND_PHI,2002,10,IND,-14.239,-15.071
2002_11_DAL_IND,2002,11,IND,-15.071,-14.555
2002_12_IND_DEN,2002,12,IND,-14.555,-13.622
2002_13_HOU_IND,2002,13,IND,-13.622,-12.641
2002_14_IND_TEN,2002,14,IND,-12.641,-13.771
2002_15_IND_CLE,2002,15,IND,-13.771,-14.498
2002_16_NYG_IND,2002,16,IND,-14.498,-18.629
2002_17_JAX_IND,2002,17,IND,-18.629,-18.793
2002_18_IND_NYJ,2002,18,IND,-18.793,-19.223
2003_01_IND_CLE,2003,1,IND,-12.322,-11.799
2003_02_TEN_IND,2003,2,IND,-11.799,-11.035
2003_03_JAX_IND,2003,3,IND,-11.035,-10.236
2003_04_IND_NO,2003,4,IND,-10.236,-9.082
2003_05_IND_TB,2003,5,IND,-9.082,-10.53
2003_06_CAR_IND,2003,6,IND,-10.53,-11.039
2003_08_HOU_IND,2003,8,IND,-11.039,-11.509
2003_09_IND_MIA,2003,9,IND,-11.509,-10.748
2003_10_IND_JAX,2003,10,IND,-10.748,-11.872
2003_11_NYJ_IND,2003,11,IND,-11.872,-13.037
2003_12_IND_BUF,2003,12,IND,-13.037,-12.386
2003_13_NE_IND,2003,13,IND,-12.386,-13.065
2003_14_IND_TEN,2003,14,IND,-13.065,-13.747
2003_15_ATL_IND,2003,15,IND,-13.747,-10.765
2003_16_DEN_IND,2003,16,IND,-10.765,-13.709
2003_17_IND_HOU,2003,17,IND,-13.709,-13.256
2003_18_DEN_IND,2003,18,IND,-13.256,-13.352
2003_19_IND_KC,2003,19,IND,-13.352,-13.34
2003_20_IND_NE,2003,20,IND,-13.34,-12.675
2004_01_IND_NE,2004,1,IND,-8.125,-9.456
2004_02_IND_TEN,2004,2,IND,-9.456,-8.966
2004_03_GB_IND,2004,3,IND,-8.966,-12.725
2004_04_IND_JAX,2004,4,IND,-12.725,-14.397
2004_05_OAK_IND,2004,5,IND,-14.397,-13.642
2004_07_JAX_IND,2004,7,IND,-13.642,-15.091
2004_08_IND_KC,2004,8,IND,-15.091,-17.591
2004_09_MIN_IND,2004,9,IND,-17.591,-17.141
2004_10_HOU_IND,2004,10,IND,-17.141,-14.232
2004_11_IND_CHI,2004,11,IND,-14.232,-13.209
2004_12_IND_DET,2004,12,IND,-13.209,-13.212
2004_13_TEN_IND,2004,13,IND,-13.212,-12.783
2004_14_IND_HOU,2004,14,IND,-12.783,-12.379
2004_15_BAL_IND,2004,15,IND,-12.379,-11.98
2004_16_LAC_IND,2004,16,IND,-11.98,-13.792
2004_17_IND_DEN,2004,17,IND,-13.792,-14.71
2004_18_DEN_IND,2004,18,IND,-14.71,-15.559
2004_19_IND_NE,2004,19,IND,-15.559,-14.944
2005_01_IND_BAL,2005,1,IND,-9.579,-8.775
2005_02_JAX_IND,2005,2,IND,-8.775,-7.797
2005_03_CLE_IND,2005,3,IND,-7.797,-8.579
2005_04_IND_TEN,2005,4,IND,-8.579,-9.265
2005_05_IND_SF,2005,5,IND,-9.265,-4.256
2005_06_LAR_IND,2005,6,IND,-4.256,-4.098
2005_07_IND_HOU,2005,7,IND,-4.098,-3.488
2005_09_IND_NE,2005,9,IND,-3.488,-4.659
2005_10_HOU_IND,2005,10,IND,-4.659,-5.442
2005_11_IND_CIN,2005,11,IND,-5.442,-6.224
2005_12_PIT_IND,2005,12,IND,-6.224,-5.578
2005_13_TEN_IND,2005,13,IND,-5.578,-6.008
2005_14_IND_JAX,2005,14,IND,-6.008,-9.104
2005_15_LAC_IND,2005,15,IND,-9.104,-9.13
2005_16_IND_SEA,2005,16,IND,-9.13,-9.215
2005_17_ARI_IND,2005,17,IND,-9.215,-11.415
2005_19_PIT_IND,2005,19,IND,-11.415,-11.355
2006_01_IND_NYG,2006,1,IND,-7.279,-8.312
2006_02_HOU_IND,2006,2,IND,-8.312,-10.559
2006_03_JAX_IND,2006,3,IND,-10.559,-10.257
2006_04_IND_NYJ,2006,4,IND,-10.257,-9.508
2006_05_TEN_IND,2006,5,IND,-9.508,-10.38
2006_07_WAS_IND,2006,7,IND,-10.38,-12.483
2006_08_IND_DEN,2006,8,IND,-12.483,-13.349
2006_09_IND_NE,2006,9,IND,-13.349,-10.496
2006_10_BUF_IND,2006,10,IND,-10.496,-10.07
2006_11_IND_DAL,2006,11,IND,-10.07,-10.345
2006_12_PHI_IND,2006,12,IND,-10.345,-12.008
2006_13_IND_TEN,2006,13,IND,-12.008,-13.005
2006_14_IND_JAX,2006,14,IND,-13.005,-11.244
2006_15_CIN_IND,2006,15,IND,-11.244,-9.66
2006_16_IND_HOU,2006,16,IND,-9.66,-11.301
2006_17_MIA_IND,2006,17,IND,-11.301,-12.22
2006_18_KC_IND,2006,18,IND,-12.22,-10.548
2006_19_IND_BAL,2006,19,IND,-10.548,-8.396
2006_20_NE_IND,2006,20,IND,-8.396,-8.719
2006_21_IND_CHI,2006,21,IND,-8.719,-8.463
2007_01_NO_IND,2007,1,IND,-5.425,-4.74
2007_02_IND_TEN,2007,2,IND,-4.74,-5.384
2007_03_IND_HOU,2007,3,IND,-5.384,-6.52
2007_04_DEN_IND,2007,4,IND,-6.52,-7.5
2007_05_TB_IND,2007,5,IND,-7.5,-9.007
2007_07_IND_JAX,2007,7,IND,-9.007,-7.728
2007_08_IND_CAR,2007,8,IND,-7.728,-6.67
2007_09_NE_IND,2007,9,IND,-6.67,-6.254
2007_10_IND_LAC,2007,10,IND,-6.254,-3.814
2007_11_KC_IND,2007,11,IND,-3.814,-5.721
2007_12_IND_ATL,2007,12,IND,-5.721,-4.776
2007_13_JAX_IND,2007,13,IND,-4.776,-6.365
2007_14_IND_BAL,2007,14,IND,-6.365,-4.777
2007_15_IND_OAK,2007,15,IND,-4.777,-4.833
2007_16_HOU_IND,2007,16,IND,-4.833,-5.912
2007_17_TEN_IND,2007,17,IND,-5.912,-7.177
2007_19_LAC_IND,2007,19,IND,-7.177,-9.659
2008_01_CHI_IND,2008,1,IND,-6.191,-7.192
2008_02_IND_MIN,2008,2,IND,-7.192,-6.734
2008_03_JAX_IND,2008,3,IND,-6.734,-7.344
2008_05_IND_HOU,2008,5,IND,-7.344,-8.594
2008_06_BAL_IND,2008,6,IND,-8.594,-8.439
2008_07_IND_GB,2008,7,IND,-8.439,-9.353
2008_08_IND_TEN,2008,8,IND,-9.353,-9.734
2008_09_NE_IND,2008,9,IND,-9.734,-11.714
2008_10_IND_PIT,2008,10,IND,-11.714,-11.134
2008_11_HOU_IND,2008,11,IND,-11.134,-11.221
2008_12_IND_LAC,2008,12,IND,-11.221,-12.543
2008_13_IND_CLE,2008,13,IND,-12.543,-11.309
2008_14_CIN_IND,2008,14,IND,-11.309,-10.872
2008_15_DET_IND,2008,15,IND,-10.872,-13.129
2008_16_IND_JAX,2008,16,IND,-13.129,-13.827
2008_17_TEN_IND,2008,17,IND,-13.827,-13.606
2008_18_IND_LAC,2008,18,IND,-13.606,-11.025
2009_01_JAX_IND,2009,1,IND,-7.067,-6.736
2009_02_IND_MIA,2009,2,IND,-6.736,-5.555
2009_03_IND_ARI,2009,3,IND,-5.555,-4.642
2009_04_SEA_IND,2009,4,IND,-4.642,-6.56
2009_05_IND_TEN,2009,5,IND,-6.56,-5.521
2009_07_IND_LAR,2009,7,IND,-5.521,-4.156
2009_08_SF_IND,2009,8,IND,-4.156,-4.764
2009_09_HOU_IND,2009,9,IND,-4.764,-5.54
2009_10_NE_IND,2009,10,IND,-5.54,-7.131
2009_11_IND_BAL,2009,11,IND,-7.131,-7.187
2009_12_IND_HOU,2009,12,IND,-7.187,-7.636
2009_13_TEN_IND,2009,13,IND,-7.636,-8.685
2009_14_DEN_IND,2009,14,IND,-8.685,-10.268
2009_15_IND_JAX,2009,15,IND,-10.268,-10.411
2009_16_NYJ_IND,2009,16,IND,-10.411,-10.602
2009_17_IND_BUF,2009,17,IND,-10.602,-12.973
2009_19_BAL_IND,2009,19,IND,-12.973,-12.488
2009_20_NYJ_IND,2009,20,IND,-12.488,-14.337
2009_21_NO_IND,2009,21,IND,-14.337,-14.344
2010_01_IND_HOU,2010,1,IND,-9.195,-7.281
2010_02_NYG_IND,2010,2,IND,-7.281,-6.694
2010_03_IND_DEN,2010,3,IND,-6.694,-8.621
2010_04_IND_JAX,2010,4,IND,-8.621,-11.309
2010_05_KC_IND,2010,5,IND,-11.309,-11.59
2010_06_IND_WAS,2010,6,IND,-11.59,-10.03
2010_08_HOU_IND,2010,8,IND,-10.03,-8.801
2010_09_IND_PHI,2010,9,IND,-8.801,-9.893
2010_10_CIN_IND,2010,10,IND,-9.893,-10.335
2010_11_IND_NE,2010,11,IND,-10.335,-9.967
2010_12_LAC_IND,2010,12,IND,-9.967,-9.848
2010_13_DAL_IND,2010,13,IND,-9.848,-10.551
2010_14_IND_TEN,2010,14,IND,-10.551,-13.079
2010_15_JAX_IND,2010,15,IND,-13.079,-14.51
2010_16_IND_OAK,2010,16,IND,-14.51,-14.724
2010_17_TEN_IND,2010,17,IND,-14.724,-17.657
2010_18_NYJ_IND,2010,18,IND,-17.657,-17.536
2011_01_IND_HOU,2011,1,IND,-11.24,-10.531
2011_02_CLE_IND,2011,2,IND,-10.531,-12.438
2011_03_PIT_IND,2011,3,IND,-12.438,-13.588
2011_04_IND_TB,2011,4,IND,-13.588,-14.522
2011_05_KC_IND,2011,5,IND,-14.522,-17.391
2011_06_IND_CIN,2011,6,IND,-17.391,-19.123
2011_07_IND_NO,2011,7,IND,-19.123,-21.83
2011_08_IND_TEN,2011,8,IND,-21.83,-21.853
2011_09_ATL_IND,2011,9,IND,-21.853,-22.497
2011_10_JAX_IND,2011,10,IND,-22.497,-22.392
2011_12_CAR_IND,2011,12,IND,-22.392,-23.251
2011_13_IND_NE,2011,13,IND,-23.251,-23.33
2011_14_IND_BAL,2011,14,IND,-23.33,-23.303
2011_15_TEN_IND,2011,15,IND,-23.303,-23.275
2011_16_HOU_IND,2011,16,IND,-23.275,-22.734
2011_17_IND_JAX,2011,17,IND,-22.734,-21.526
2012_01_IND_CHI,2012,1,IND,-13.798,-13.996
2012_02_MIN_IND,2012,2,IND,-13.996,-15.525
2012_03_JAX_IND,2012,3,IND,-15.525,-16.355
2012_05_GB_IND,2012,5,IND,-16.355,-16.488
2012_06_IND_NYJ,2012,6,IND,-16.488,-16.346
2012_07_CLE_IND,2012,7,IND,-16.346,-18.869
2012_08_IND_TEN,2012,8,IND,-18.869,-19.541
2012_09_MIA_IND,2012,9,IND,-19.541,-20.489
2012_10_IND_JAX,2012,10,IND,-20.489,-19.273
2012_11_IND_NE,2012,11,IND,-19.273,-20.288
2012_12_BUF_IND,2012,12,IND,-20.288,-19.327
2012_13_IND_DET,2012,13,IND,-19.327,-19.639
2012_14_TEN_IND,2012,14,IND,-19.639,-20.827
2012_15_IND_HOU,2012,15,IND,-20.827,-20.925
2012_16_IND_KC,2012,16,IND,-20.925,-19.318
2012_17_HOU_IND,2012,17,IND,-19.318,-17.579
2012_18_IND_BAL,2012,18,IND,-17.579,-17.633
2013_02_MIA_IND,2013,2,IND,-11.303,-12.24
2013_03_IND_SF,2013,3,IND,-12.24,-9.131
2013_04_IND_JAX,2013,4,IND,-9.131,-6.721
2013_05_SEA_IND,2013,5,IND,-6.721,-8.145
2013_06_IND_LAC,2013,6,IND,-8.145,-7.64
2013_07_DEN_IND,2013,7,IND,-7.64,-7.153
2013_09_IND_HOU,2013,9,IND,-7.153,-11.093
2013_10_LAR_IND,2013,10,IND,-11.093,-12.629
2013_11_IND_TEN,2013,11,IND,-12.629,-13.412
2013_12_IND_ARI,2013,12,IND,-13.412,-15.069
2013_13_TEN_IND,2013,13,IND,-15.069,-15.238
2013_14_IND_CIN,2013,14,IND,-15.238,-17.822
2013_15_HOU_IND,2013,15,IND,-17.822,-15.682
2013_16_IND_KC,2013,16,IND,-15.682,-13.349
2013_17_JAX_IND,2013,17,IND,-13.349,-14.237
2013_18_KC_IND,2013,18,IND,-14.237,-18.176
2013_19_IND_NE,2013,19,IND,-18.176,-16.279
2014_01_IND_DEN,2014,1,IND,-10.435,-9.872
2014_02_PHI_IND,2014,2,IND,-9.872,-11.213
2014_03_IND_JAX,2014,3,IND,-11.213,-9.178
2014_04_TEN_IND,2014,4,IND,-9.178,-10.076
2014_05_BAL_IND,2014,5,IND,-10.076,-8.893
2014_06_IND_HOU,2014,6,IND,-8.893,-8.67
2014_07_CIN_IND,2014,7,IND,-8.67,-6.717
2014_08_IND_PIT,2014,8,IND,-6.717,-12.68
2014_09_IND_NYG,2014,9,IND,-12.68,-12.897
2014_11_NE_IND,2014,11,IND,-12.897,-12.458
2014_12_JAX_IND,2014,12,IND,-12.458,-11.494
2014_13_WAS_IND,2014,13,IND,-11.494,-13.728
2014_14_IND_CLE,2014,14,IND,-13.728,-11.327
2014_15_HOU_IND,2014,15,IND,-11.327,-10.307
2014_16_IND_DAL,2014,16,IND,-10.307,-12.792
2014_17_IND_TEN,2014,17,IND,-12.792,-10.966
2014_18_CIN_IND,2014,18,IND,-10.966,-10.399
2014_19_IND_DEN,2014,19,IND,-10.399,-8.73
2014_20_IND_NE,2014,20,IND,-8.73,-8.574
2015_01_IND_BUF,2015,1,IND,-5.496,-7.566
2015_02_NYJ_IND,2015,2,IND,-7.566,-8.683
2015_03_IND_TEN,2015,3,IND,-8.683,-8.624
2015_04_JAX_IND,2015,4,IND,-8.624,-10.881
2015_05_IND_HOU,2015,5,IND,-10.881,-10.091
2015_06_NE_IND,2015,6,IND,-10.091,-10.238
2015_07_NO_IND,2015,7,IND,-10.238,-9.069
2015_08_IND_CAR,2015,8,IND,-9.069,-8.408
2015_09_DEN_IND,2015,9,IND,-8.408,-8.413
2015_11_IND_ATL,2015,11,IND,-8.413,-7.732
2015_12_TB_IND,2015,12,IND,-7.732,-7.219
2015_13_IND_PIT,2015,13,IND,-7.219,-9.66
2015_14_IND_JAX,2015,14,IND,-9.66,-10.547
2015_15_HOU_IND,2015,15,IND,-10.547,-9.519
2015_16_IND_MIA,2015,16,IND,-9.519,-9.036
2015_17_TEN_IND,2015,17,IND,-9.036,-9.525
2016_01_DET_IND,2016,1,IND,-6.106,-9.176
2016_02_IND_DEN,2016,2,IND,-9.176,-9.647
2016_03_LAC_IND,2016,3,IND,-9.647,-10.362
2016_04_IND_JAX,2016,4,IND,-10.362,-10.961
2016_05_CHI_IND,2016,5,IND,-10.961,-14.667
2016_06_IND_HOU,2016,6,IND,-14.667,-15.696
2016_07_IND_TEN,2016,7,IND,-15.696,-15.114
2016_08_KC_IND,2016,8,IND,-15.114,-14.567
2016_09_IND_GB,2016,9,IND,-14.567,-14.301
2016_11_TEN_IND,2016,11,IND,-14.301,-14.754
2016_12_PIT_IND,2016,12,IND,-14.754,-16.129
2016_13_IND_NYJ,2016,13,IND,-16.129,-13.786
2016_14_HOU_IND,2016,14,IND,-13.786,-12.512
2016_15_IND_MIN,2016,15,IND,-12.512,-11.929
2016_16_IND_OAK,2016,16,IND,-11.929,-12.65
2016_17_JAX_IND,2016,17,IND,-12.65,-14.141
2017_01_IND_LAR,2017,1,IND,-9.064,-10.786
2017_02_ARI_IND,2017,2,IND,-10.786,-10.313
2017_03_CLE_IND,2017,3,IND,-10.313,-11.309
2017_04_IND_SEA,2017,4,IND,-11.309,-12.024
2017_05_SF_IND,2017,5,IND,-12.024,-14.131
2017_06_IND_TEN,2017,6,IND,-14.131,-13.858
2017_07_JAX_IND,2017,7,IND,-13.858,-15.751
2017_08_IND_CIN,2017,8,IND,-15.751,-15.453
2017_09_IND_HOU,2017,9,IND,-15.453,-15.483
2017_10_PIT_IND,2017,10,IND,-15.483,-15.96
2017_12_TEN_IND,2017,12,IND,-15.96,-15.578
2017_13_IND_JAX,2017,13,IND,-15.578,-17.304
2017_14_IND_BUF,2017,14,IND,-17.304,-16.835
2017_15_DEN_IND,2017,15,IND,-16.835,-15.666
2017_16_IND_BAL,2017,16,IND,-15.666,-16.776
2017_17_HOU_IND,2017,17,IND,-16.776,-16.306
2018_01_CIN_IND,2018,1,IND,-10.452,-11.613
2018_02_IND_WAS,2018,2,IND,-11.613,-11.303
2018_03_IND_PHI,2018,3,IND,-11.303,-9.604
2018_04_HOU_IND,2018,4,IND,-9.604,-10.949
2018_05_IND_NE,2018,5,IND,-10.949,-12.385
2018_06_IND_NYJ,2018,6,IND,-12.385,-13.372
2018_07_BUF_IND,2018,7,IND,-13.372,-12.215
2018_08_IND_OAK,2018,8,IND,-12.215,-14.152
2018_10_JAX_IND,2018,10,IND,-14.152,-16.577
2018_11_TEN_IND,2018,11,IND,-16.577,-14.747
2018_12_MIA_IND,2018,12,IND,-14.747,-16.2
2018_13_IND_JAX,2018,13,IND,-16.2,-15.851
2018_14_IND_HOU,2018,14,IND,-15.851,-15.937
2018_15_DAL_IND,2018,15,IND,-15.937,-14.061
2018_16_NYG_IND,2018,16,IND,-14.061,-16.476
2018_17_IND_TEN,2018,17,IND,-16.476,-15.621
2018_18_IND_HOU,2018,18,IND,-15.621,-15.472
2018_19_IND_KC,2018,19,IND,-15.472,-14.074
2019_01_IND_LAC,2019,1,IND,-9.022,-9.492
2019_02_IND_TEN,2019,2,IND,-9.492,-8.682
2019_03_ATL_IND,2019,3,IND,-8.682,-10.771
2019_04_OAK_IND,2019,4,IND,-10.771,-11.685
2019_05_IND_KC,2019,5,IND,-11.685,-9.769
2019_07_HOU_IND,2019,7,IND,-9.769,-9.177
2019_08_DEN_IND,2019,8,IND,-9.177,-9.152
2019_09_IND_PIT,2019,9,IND,-9.152,-9.287
2019_10_MIA_IND,2019,10,IND,-9.287,-9.309
2019_11_JAX_IND,2019,11,IND,-9.309,-10.616
2019_12_IND_HOU,2019,12,IND,-10.616,-10.954
2019_13_TEN_IND,2019,13,IND,-10.954,-10.443
2019_14_IND_TB,2019,14,IND,-10.443,-12.905
2019_15_IND_NO,2019,15,IND,-12.905,-15.502
2019_16_CAR_IND,2019,16,IND,-15.502,-13.667
2019_17_IND_JAX,2019,17,IND,-13.667,-15.297
2020_01_IND_JAX,2020,1,IND,-9.806,-10.418
2020_02_MIN_IND,2020,2,IND,-10.418,-6.354
2020_03_NYJ_IND,2020,3,IND,-6.354,-5.275
2020_04_IND_CHI,2020,4,IND,-5.275,-4.829
2020_05_IND_CLE,2020,5,IND,-4.829,-4.722
2020_06_CIN_IND,2020,6,IND,-4.722,-6.08
2020_08_IND_DET,2020,8,IND,-6.08,-6.283
2020_09_BAL_IND,2020,9,IND,-6.283,-7.227
2020_10_IND_TEN,2020,10,IND,-7.227,-5.812
2020_11_GB_IND,2020,11,IND,-5.812,-7.053
2020_12_TEN_IND,2020,12,IND,-7.053,-7.806
2020_13_IND_HOU,2020,13,IND,-7.806,-7.365
2020_14_IND_OAK,2020,14,IND,-7.365,-8.902
2020_15_HOU_IND,2020,15,IND,-8.902,-10.089
2020_16_IND_PIT,2020,16,IND,-10.089,-11.626
2020_17_JAX_IND,2020,17,IND,-11.626,-12.049
2020_18_IND_BUF,2020,18,IND,-12.049,-13.088
2021_01_SEA_IND,2021,1,IND,-8.39,-9.991
2021_02_LAR_IND,2021,2,IND,-9.991,-10.175
2021_03_IND_TEN,2021,3,IND,-10.175,-10.378
2021_04_IND_MIA,2021,4,IND,-10.378,-9.965
2021_05_IND_BAL,2021,5,IND,-9.965,-13.719
2021_06_HOU_IND,2021,6,IND,-13.719,-13.349
2021_07_IND_SF,2021,7,IND,-13.349,-11.456
2021_08_TEN_IND,2021,8,IND,-11.456,-12.249
2021_09_NYJ_IND,2021,9,IND,-12.249,-12.691
2021_10_JAX_IND,2021,10,IND,-12.691,-11.797
2021_11_IND_BUF,2021,11,IND,-11.797,-9.852
2021_12_TB_IND,2021,12,IND,-9.852,-9.038
2021_13_IND_HOU,2021,13,IND,-9.038,-7.335
2021_15_NE_IND,2021,15,IND,-7.335,-8.124
2021_16_IND_ARI,2021,16,IND,-8.124,-9.769
2021_17_OAK_IND,2021,17,IND,-9.769,-9.253
2021_18_IND_JAX,2021,18,IND,-9.253,-10.745
2022_01_IND_HOU,2022,1,IND,-6.887,-7.403
2022_02_IND_JAX,2022,2,IND,-7.403,-10.292
2022_03_KC_IND,2022,3,IND,-10.292,-9.421
2022_04_TEN_IND,2022,4,IND,-9.421,-9.543
2022_05_IND_DEN,2022,5,IND,-9.543,-7.721
2022_06_JAX_IND,2022,6,IND,-7.721,-9.368
2022_07_IND_TEN,2022,7,IND,-9.368,-8.515
2022_08_WAS_IND,2022,8,IND,-8.515,-10.721
2022_09_IND_NE,2022,9,IND,-10.721,-9.21
2022_10_IND_OAK,2022,10,IND,-9.21,-9.846
2022_11_PHI_IND,2022,11,IND,-9.846,-10.946
2022_12_PIT_IND,2022,12,IND,-10.946,-11.29
2022_13_IND_DAL,2022,13,IND,-11.29,-10.983
2022_15_IND_MIN,2022,15,IND,-10.983,-11.138
2022_16_LAC_IND,2022,16,IND,-11.138,-9.558
2022_17_IND_NYG,2022,17,IND,-9.558,-12.714
2022_18_HOU_IND,2022,18,IND,-12.714,-13.566
2023_01_JAX_IND,2023,1,IND,-8.696,-9.584
2023_02_IND_HOU,2023,2,IND,-9.584,-10.827
2023_03_IND_BAL,2023,3,IND,-10.827,-11.633
2023_04_LAR_IND,2023,4,IND,-11.633,-12.228
2023_05_TEN_IND,2023,5,IND,-12.228,-12.848
2023_06_IND_JAX,2023,6,IND,-12.848,-12.291
2023_07_CLE_IND,2023,7,IND,-12.291,-9.806
2023_08_NO_IND,2023,8,IND,-9.806,-11.502
2023_09_IND_CAR,2023,9,IND,-11.502,-9.517
2023_10_IND_NE,2023,10,IND,-9.517,-8.628
2023_12_TB_IND,2023,12,IND,-8.628,-8.06
2023_13_IND_TEN,2023,13,IND,-8.06,-6.79
2023_14_IND_CIN,2023,14,IND,-6.79,-8.85
2023_15_PIT_IND,2023,15,IND,-8.85,-8.198
2023_16_IND_ATL,2023,16,IND,-8.198,-9.785
2023_17_OAK_IND,2023,17,IND,-9.785,-11.951
2023_18_HOU_IND,2023,18,IND,-11.951,-13.356
2024_01_HOU_IND,2024,1,IND,-8.562,-9.059
2024_02_IND_GB,2024,2,IND,-9.059,-10.403
2024_03_CHI_IND,2024,3,IND,-10.403,-11.591
2024_04_PIT_IND,2024,4,IND,-11.591,-14.116
2024_05_IND_JAX,2024,5,IND,-14.116,-15.906
2024_06_IND_TEN,2024,6,IND,-15.906,-15.355
2024_07_MIA_IND,2024,7,IND,-15.355,-15.559
2024_08_IND_HOU,2024,8,IND,-15.559,-15.77
2024_09_IND_MIN,2024,9,IND,-15.77,-16.761
2024_10_BUF_IND,2024,10,IND,-16.761,-16.086
2024_11_IND_NYJ,2024,11,IND,-16.086,-15.59
2024_12_DET_IND,2024,12,IND,-15.59,-14.856
2024_13_IND_NE,2024,13,IND,-14.856,-15.206
2024_15_IND_DEN,2024,15,IND,-15.206,-13.447
2024_16_TEN_IND,2024,16,IND,-13.447,-13.297
2024_17_IND_NYG,2024,17,IND,-13.297,-16.115
2024_18_JAX_IND,2024,18,IND,-16.115,-16.218
2025_01_MIA_IND,2025,1,IND,-10.396,-8.107
2025_02_DEN_IND,2025,2,IND,-8.107,-9.831
2025_03_IND_TEN,2025,3,IND,-9.831,-8.862
2025_04_IND_LAR,2025,4,IND,-8.862,-10.821
2025_05_OAK_IND,2025,5,IND,-10.821,-9.559
2025_06_ARI_IND,2025,6,IND,-9.559,-11.163
2025_07_IND_LAC,2025,7,IND,-11.163,-12.76
2025_08_TEN_IND,2025,8,IND,-12.76,-12.823
2025_09_IND_PIT,2025,9,IND,-12.823,-11.614
2025_10_ATL_IND,2025,10,IND,-11.614,-9.449
2025_12_IND_KC,2025,12,IND,-9.449,-9.034
2025_13_HOU_IND,2025,13,IND,-9.034,-8.571
2025_14_IND_JAX,2025,14,IND,-8.571,-9.263
2025_15_IND_SEA,2025,15,IND,-9.263,-8.725
2025_16_SF_IND,2025,16,IND,-8.725,-11.341
2025_17_JAX_IND,2025,17,IND,-11.341,-12.026
2025_18_IND_HOU,2025,18,IND,-12.026,-12.689
2026_01_BAL_IND,2026,1,IND,-8.134,-10.022
1999_01_SF_JAX,1999,1,JAX,0.0,2.138
1999_02_JAX_CAR,1999,2,JAX,2.138,1.126
1999_03_TEN_JAX,1999,3,JAX,1.126,0.986
1999_04_JAX_PIT,1999,4,JAX,0.986,2.092
1999_05_JAX_NYJ,1999,5,JAX,2.092,3.789
1999_06_CLE_JAX,1999,6,JAX,3.789,2.107
1999_08_JAX_CIN,1999,8,JAX,2.107,3.766
1999_09_JAX_ATL,1999,9,JAX,3.766,5.248
1999_10_BAL_JAX,1999,10,JAX,5.248,5.961
1999_11_NO_JAX,1999,11,JAX,5.961,5.24
1999_12_JAX_BAL,1999,12,JAX,5.24,4.548
1999_13_PIT_JAX,1999,13,JAX,4.548,4.49
1999_14_DEN_JAX,1999,14,JAX,4.49,3.191
1999_15_JAX_CLE,1999,15,JAX,3.191,4.165
1999_16_JAX_TEN,1999,16,JAX,4.165,-0.373
1999_17_CIN_JAX,1999,17,JAX,-0.373,1.51
1999_19_MIA_JAX,1999,19,JAX,1.51,3.123
1999_20_TEN_JAX,1999,20,JAX,3.123,0.936
2000_01_JAX_CLE,2000,1,JAX,0.6,-1.144
2000_02_JAX_BAL,2000,2,JAX,-1.144,-2.39
2000_03_CIN_JAX,2000,3,JAX,-2.39,-0.494
2000_04_JAX_IND,2000,4,JAX,-0.494,-4.458
2000_05_PIT_JAX,2000,5,JAX,-4.458,-4.911
2000_06_BAL_JAX,2000,6,JAX,-4.911,-3.769
2000_07_JAX_TEN,2000,7,JAX,-3.769,-4.769
2000_08_WAS_JAX,2000,8,JAX,-4.769,-6.584
2000_09_JAX_DAL,2000,9,JAX,-6.584,-6.659
2000_11_SEA_JAX,2000,11,JAX,-6.659,-8.834
2000_12_JAX_PIT,2000,12,JAX,-8.834,-9.187
2000_13_TEN_JAX,2000,13,JAX,-9.187,-9.163
2000_14_CLE_JAX,2000,14,JAX,-9.163,-6.702
2000_15_ARI_JAX,2000,15,JAX,-6.702,-5.982
2000_16_JAX_CIN,2000,16,JAX,-5.982,-6.44
2000_17_JAX_NYG,2000,17,JAX,-6.44,-6.909
2001_01_PIT_JAX,2001,1,JAX,-4.429,-3.081
2001_02_TEN_JAX,2001,2,JAX,-3.081,-2.615
2001_03_CLE_JAX,2001,3,JAX,-2.615,-3.116
2001_04_JAX_SEA,2001,4,JAX,-3.116,-3.482
2001_06_BUF_JAX,2001,6,JAX,-3.482,-5.534
2001_07_JAX_BAL,2001,7,JAX,-5.534,-4.871
2001_08_JAX_TEN,2001,8,JAX,-4.871,-8.352
2001_09_CIN_JAX,2001,9,JAX,-8.352,-7.453
2001_10_JAX_PIT,2001,10,JAX,-7.453,-9.532
2001_11_BAL_JAX,2001,11,JAX,-9.532,-9.853
2001_12_GB_JAX,2001,12,JAX,-9.853,-12.164
2001_13_JAX_CIN,2001,13,JAX,-12.164,-11.011
2001_14_JAX_CLE,2001,14,JAX,-11.011,-10.708
2001_15_JAX_MIN,2001,15,JAX,-10.708,-10.175
2001_16_KC_JAX,2001,16,JAX,-10.175,-11.003
2001_17_JAX_CHI,2001,17,JAX,-11.003,-11.573
2002_01_IND_JAX,2002,1,JAX,-7.419,-8.125
2002_02_JAX_KC,2002,2,JAX,-8.125,-7.292
2002_04_NYJ_JAX,2002,4,JAX,-7.292,-5.436
2002_05_PHI_JAX,2002,5,JAX,-5.436,-6.83
2002_06_JAX_TEN,2002,6,JAX,-6.83,-7.907
2002_07_JAX_BAL,2002,7,JAX,-7.907,-8.046
2002_08_HOU_JAX,2002,8,JAX,-8.046,-8.169
2002_09_JAX_NYG,2002,9,JAX,-8.169,-8.66
2002_10_WAS_JAX,2002,10,JAX,-8.66,-7.955
2002_11_JAX_HOU,2002,11,JAX,-7.955,-10.918
2002_12_JAX_DAL,2002,12,JAX,-10.918,-11.673
2002_13_PIT_JAX,2002,13,JAX,-11.673,-12.636
2002_14_CLE_JAX,2002,14,JAX,-12.636,-12.592
2002_15_JAX_CIN,2002,15,JAX,-12.592,-11.34
2002_16_TEN_JAX,2002,16,JAX,-11.34,-11.32
2002_17_JAX_IND,2002,17,JAX,-11.32,-11.793
2003_01_JAX_CAR,2003,1,JAX,-7.559,-5.623
2003_02_BUF_JAX,2003,2,JAX,-5.623,-7.987
2003_03_JAX_IND,2003,3,JAX,-7.987,-8.688
2003_04_JAX_HOU,2003,4,JAX,-8.688,-10.992
2003_05_LAC_JAX,2003,5,JAX,-10.992,-12.099
2003_06_MIA_JAX,2003,6,JAX,-12.099,-10.498
2003_08_TEN_JAX,2003,8,JAX,-10.498,-9.918
2003_09_JAX_BAL,2003,9,JAX,-9.918,-9.545
2003_10_IND_JAX,2003,10,JAX,-9.545,-9.385
2003_11_JAX_TEN,2003,11,JAX,-9.385,-7.353
2003_12_JAX_NYJ,2003,12,JAX,-7.353,-6.598
2003_13_TB_JAX,2003,13,JAX,-6.598,-4.756
2003_14_HOU_JAX,2003,14,JAX,-4.756,-3.826
2003_15_JAX_NE,2003,15,JAX,-3.826,-4.8
2003_16_NO_JAX,2003,16,JAX,-4.8,-5.487
2003_17_JAX_ATL,2003,17,JAX,-5.487,-6.122
2004_01_JAX_BUF,2004,1,JAX,-3.924,-4.529
2004_02_DEN_JAX,2004,2,JAX,-4.529,-5.38
2004_03_JAX_TEN,2004,3,JAX,-5.38,-3.634
2004_04_IND_JAX,2004,4,JAX,-3.634,-2.914
2004_05_JAX_LAC,2004,5,JAX,-2.914,-4.387
2004_06_KC_JAX,2004,6,JAX,-4.387,-4.029
2004_07_JAX_IND,2004,7,JAX,-4.029,-6.4
2004_08_JAX_HOU,2004,8,JAX,-6.4,-9.148
2004_10_DET_JAX,2004,10,JAX,-9.148,-6.178
2004_11_TEN_JAX,2004,11,JAX,-6.178,-4.73
2004_12_JAX_MIN,2004,12,JAX,-4.73,-4.204
2004_13_PIT_JAX,2004,13,JAX,-4.204,-5.99
2004_14_CHI_JAX,2004,14,JAX,-5.99,-4.895
2004_15_JAX_GB,2004,15,JAX,-4.895,-5.478
2004_16_HOU_JAX,2004,16,JAX,-5.478,-3.992
2004_17_JAX_OAK,2004,17,JAX,-3.992,-0.203
2005_01_SEA_JAX,2005,1,JAX,-0.13,0.677
2005_02_JAX_IND,2005,2,JAX,0.677,2.664
2005_03_JAX_NYJ,2005,3,JAX,2.664,5.731
2005_04_DEN_JAX,2005,4,JAX,5.731,5.569
2005_05_CIN_JAX,2005,5,JAX,5.569,4.737
2005_06_JAX_PIT,2005,6,JAX,4.737,6.211
2005_08_JAX_LAR,2005,8,JAX,6.211,5.564
2005_09_HOU_JAX,2005,9,JAX,5.564,5.238
2005_10_BAL_JAX,2005,10,JAX,5.238,7.488
2005_11_JAX_TEN,2005,11,JAX,7.488,7.517
2005_12_JAX_ARI,2005,12,JAX,7.517,6.445
2005_13_JAX_CLE,2005,13,JAX,6.445,5.28
2005_14_IND_JAX,2005,14,JAX,5.28,5.336
2005_15_SF_JAX,2005,15,JAX,5.336,5.786
2005_16_JAX_HOU,2005,16,JAX,5.786,3.865
2005_17_TEN_JAX,2005,17,JAX,3.865,4.365
2005_18_JAX_NE,2005,18,JAX,4.365,4.511
2006_01_DAL_JAX,2006,1,JAX,2.892,3.946
2006_02_PIT_JAX,2006,2,JAX,3.946,6.174
2006_03_JAX_IND,2006,3,JAX,6.174,6.374
2006_04_JAX_WAS,2006,4,JAX,6.374,4.005
2006_05_NYJ_JAX,2006,5,JAX,4.005,7.176
2006_07_JAX_HOU,2006,7,JAX,7.176,4.323
2006_08_JAX_PHI,2006,8,JAX,4.323,5.826
2006_09_TEN_JAX,2006,9,JAX,5.826,7.1
2006_10_HOU_JAX,2006,10,JAX,7.1,6.87
2006_11_NYG_JAX,2006,11,JAX,6.87,7.468
2006_12_JAX_BUF,2006,12,JAX,7.468,6.674
2006_13_JAX_MIA,2006,13,JAX,6.674,7.182
2006_14_IND_JAX,2006,14,JAX,7.182,8.059
2006_15_JAX_TEN,2006,15,JAX,8.059,9.509
2006_16_NE_JAX,2006,16,JAX,9.509,7.69
2006_17_JAX_KC,2006,17,JAX,7.69,8.284
2007_01_TEN_JAX,2007,1,JAX,5.31,5.92
2007_02_ATL_JAX,2007,2,JAX,5.92,7.206
2007_03_JAX_DEN,2007,3,JAX,7.206,6.508
2007_05_JAX_KC,2007,5,JAX,6.508,6.753
2007_06_HOU_JAX,2007,6,JAX,6.753,6.721
2007_07_IND_JAX,2007,7,JAX,6.721,7.552
2007_08_JAX_TB,2007,8,JAX,7.552,8.772
2007_09_JAX_NO,2007,9,JAX,8.772,4.587
2007_10_JAX_TEN,2007,10,JAX,4.587,4.36
2007_11_LAC_JAX,2007,11,JAX,4.36,3.438
2007_12_BUF_JAX,2007,12,JAX,3.438,3.028
2007_13_JAX_IND,2007,13,JAX,3.028,1.02
2007_14_CAR_JAX,2007,14,JAX,1.02,2.451
2007_15_JAX_PIT,2007,15,JAX,2.451,2.878
2007_16_OAK_JAX,2007,16,JAX,2.878,3.733
2007_17_JAX_HOU,2007,17,JAX,3.733,3.129
2007_18_JAX_PIT,2007,18,JAX,3.129,3.869
2007_19_JAX_NE,2007,19,JAX,3.869,2.5
2008_01_JAX_TEN,2008,1,JAX,1.603,2.88
2008_02_BUF_JAX,2008,2,JAX,2.88,1.75
2008_03_JAX_IND,2008,3,JAX,1.75,2.724
2008_04_HOU_JAX,2008,4,JAX,2.724,-0.99
2008_05_PIT_JAX,2008,5,JAX,-0.99,-2.24
2008_06_JAX_DEN,2008,6,JAX,-2.24,-2.147
2008_08_CLE_JAX,2008,8,JAX,-2.147,-2.952
2008_09_JAX_CIN,2008,9,JAX,-2.952,-4.702
2008_10_JAX_DET,2008,10,JAX,-4.702,-3.403
2008_11_TEN_JAX,2008,11,JAX,-3.403,-4.124
2008_12_MIN_JAX,2008,12,JAX,-4.124,-2.384
2008_13_JAX_HOU,2008,13,JAX,-2.384,-3.412
2008_14_JAX_CHI,2008,14,JAX,-3.412,-4.171
2008_15_GB_JAX,2008,15,JAX,-4.171,-3.766
2008_16_IND_JAX,2008,16,JAX,-3.766,-5.998
2008_17_JAX_BAL,2008,17,JAX,-5.998,-7.097
2009_01_JAX_IND,2009,1,JAX,-4.549,-5.033
2009_02_ARI_JAX,2009,2,JAX,-5.033,-6.548
2009_03_JAX_HOU,2009,3,JAX,-6.548,-8.401
2009_04_TEN_JAX,2009,4,JAX,-8.401,-9.363
2009_05_JAX_SEA,2009,5,JAX,-9.363,-11.413
2009_06_LAR_JAX,2009,6,JAX,-11.413,-11.652
2009_08_JAX_TEN,2009,8,JAX,-11.652,-12.405
2009_09_KC_JAX,2009,9,JAX,-12.405,-12.991
2009_10_JAX_NYJ,2009,10,JAX,-12.991,-12.28
2009_11_BUF_JAX,2009,11,JAX,-12.28,-12.158
2009_12_JAX_SF,2009,12,JAX,-12.158,-14.07
2009_13_HOU_JAX,2009,13,JAX,-14.07,-12.433
2009_14_MIA_JAX,2009,14,JAX,-12.433,-12.749
2009_15_IND_JAX,2009,15,JAX,-12.749,-13.297
2009_16_JAX_NE,2009,16,JAX,-13.297,-15.38
2009_17_JAX_CLE,2009,17,JAX,-15.38,-15.281
2010_01_DEN_JAX,2010,1,JAX,-9.795,-9.621
2010_02_JAX_LAC,2010,2,JAX,-9.621,-10.304
2010_03_PHI_JAX,2010,3,JAX,-10.304,-11.577
2010_04_IND_JAX,2010,4,JAX,-11.577,-11.382
2010_05_JAX_BUF,2010,5,JAX,-11.382,-12.188
2010_06_TEN_JAX,2010,6,JAX,-12.188,-11.259
2010_07_JAX_KC,2010,7,JAX,-11.259,-12.178
2010_08_JAX_DAL,2010,8,JAX,-12.178,-12.598
2010_10_HOU_JAX,2010,10,JAX,-12.598,-13.777
2010_11_CLE_JAX,2010,11,JAX,-13.777,-13.17
2010_12_JAX_NYG,2010,12,JAX,-13.17,-13.129
2010_13_JAX_TEN,2010,13,JAX,-13.129,-10.995
2010_14_OAK_JAX,2010,14,JAX,-10.995,-12.62
2010_15_JAX_IND,2010,15,JAX,-12.62,-13.361
2010_16_WAS_JAX,2010,16,JAX,-13.361,-12.872
2010_17_JAX_HOU,2010,17,JAX,-12.872,-13.955
2011_01_TEN_JAX,2011,1,JAX,-8.945,-9.389
2011_02_JAX_NYJ,2011,2,JAX,-9.389,-9.542
2011_03_JAX_CAR,2011,3,JAX,-9.542,-9.311
2011_04_NO_JAX,2011,4,JAX,-9.311,-7.801
2011_05_CIN_JAX,2011,5,JAX,-7.801,-8.033
2011_06_JAX_PIT,2011,6,JAX,-8.033,-6.937
2011_07_BAL_JAX,2011,7,JAX,-6.937,-5.176
2011_08_JAX_HOU,2011,8,JAX,-5.176,-5.511
2011_10_JAX_IND,2011,10,JAX,-5.511,-4.263
2011_11_JAX_CLE,2011,11,JAX,-4.263,-4.834
2011_12_HOU_JAX,2011,12,JAX,-4.834,-4.641
2011_13_LAC_JAX,2011,13,JAX,-4.641,-7.151
2011_14_TB_JAX,2011,14,JAX,-7.151,-5.676
2011_15_JAX_ATL,2011,15,JAX,-5.676,-7.249
2011_16_JAX_TEN,2011,16,JAX,-7.249,-7.411
2011_17_IND_JAX,2011,17,JAX,-7.411,-6.962
2012_01_JAX_MIN,2012,1,JAX,-4.462,-6.06
2012_02_HOU_JAX,2012,2,JAX,-6.06,-5.649
2012_03_JAX_IND,2012,3,JAX,-5.649,-8.031
2012_04_CIN_JAX,2012,4,JAX,-8.031,-9.064
2012_05_CHI_JAX,2012,5,JAX,-9.064,-10.151
2012_07_JAX_OAK,2012,7,JAX,-10.151,-10.107
2012_08_JAX_GB,2012,8,JAX,-10.107,-8.654
2012_09_DET_JAX,2012,9,JAX,-8.654,-7.794
2012_10_IND_JAX,2012,10,JAX,-7.794,-7.715
2012_11_JAX_HOU,2012,11,JAX,-7.715,-12.097
2012_12_TEN_JAX,2012,12,JAX,-12.097,-11.392
2012_13_JAX_BUF,2012,13,JAX,-11.392,-11.482
2012_14_NYJ_JAX,2012,14,JAX,-11.482,-11.255
2012_15_JAX_MIA,2012,15,JAX,-11.255,-13.724
2012_16_NE_JAX,2012,16,JAX,-13.724,-11.317
2012_17_JAX_TEN,2012,17,JAX,-11.317,-10.225
2013_01_KC_JAX,2013,1,JAX,-6.554,-7.223
2013_03_JAX_SEA,2013,3,JAX,-7.223,-7.818
2013_04_IND_JAX,2013,4,JAX,-7.818,-7.939
2013_05_JAX_LAR,2013,5,JAX,-7.939,-8.869
2013_06_JAX_DEN,2013,6,JAX,-8.869,-7.487
2013_07_LAC_JAX,2013,7,JAX,-7.487,-8.309
2013_08_SF_JAX,2013,8,JAX,-8.309,-10.097
2013_10_JAX_TEN,2013,10,JAX,-10.097,-7.951
2013_11_ARI_JAX,2013,11,JAX,-7.951,-9.747
2013_12_JAX_HOU,2013,12,JAX,-9.747,-9.01
2013_13_JAX_CLE,2013,13,JAX,-9.01,-10.005
2013_14_HOU_JAX,2013,14,JAX,-10.005,-9.277
2013_15_BUF_JAX,2013,15,JAX,-9.277,-10.162
2013_16_TEN_JAX,2013,16,JAX,-10.162,-8.679
2013_17_JAX_IND,2013,17,JAX,-8.679,-9.881
2014_01_JAX_PHI,2014,1,JAX,-6.334,-5.508
2014_02_JAX_WAS,2014,2,JAX,-5.508,-4.012
2014_03_IND_JAX,2014,3,JAX,-4.012,-6.663
2014_04_JAX_LAC,2014,4,JAX,-6.663,-8.426
2014_05_PIT_JAX,2014,5,JAX,-8.426,-8.048
2014_06_JAX_TEN,2014,6,JAX,-8.048,-8.002
2014_07_CLE_JAX,2014,7,JAX,-8.002,-5.478
2014_08_MIA_JAX,2014,8,JAX,-5.478,-4.805
2014_09_JAX_CIN,2014,9,JAX,-4.805,-3.911
2014_10_DAL_JAX,2014,10,JAX,-3.911,-4.626
2014_12_JAX_IND,2014,12,JAX,-4.626,-4.187
2014_13_NYG_JAX,2014,13,JAX,-4.187,-3.973
2014_14_HOU_JAX,2014,14,JAX,-3.973,-3.547
2014_15_JAX_BAL,2014,15,JAX,-3.547,-3.794
2014_16_TEN_JAX,2014,16,JAX,-3.794,-4.949
2014_17_JAX_HOU,2014,17,JAX,-4.949,-6.488
2015_01_CAR_JAX,2015,1,JAX,-4.159,-2.963
2015_02_MIA_JAX,2015,2,JAX,-2.963,-4.795
2015_03_JAX_NE,2015,3,JAX,-4.795,-5.858
2015_04_JAX_IND,2015,4,JAX,-5.858,-7.168
2015_05_JAX_TB,2015,5,JAX,-7.168,-7.255
2015_06_HOU_JAX,2015,6,JAX,-7.255,-9.621
2015_07_BUF_JAX,2015,7,JAX,-9.621,-8.997
2015_09_JAX_NYJ,2015,9,JAX,-8.997,-9.059
2015_10_JAX_BAL,2015,10,JAX,-9.059,-10.458
2015_11_TEN_JAX,2015,11,JAX,-10.458,-10.159
2015_12_LAC_JAX,2015,12,JAX,-10.159,-11.324
2015_13_JAX_TEN,2015,13,JAX,-11.324,-14.033
2015_14_IND_JAX,2015,14,JAX,-14.033,-12.814
2015_15_ATL_JAX,2015,15,JAX,-12.814,-11.62
2015_16_JAX_NO,2015,16,JAX,-11.62,-13.331
2015_17_JAX_HOU,2015,17,JAX,-13.331,-13.799
2016_01_GB_JAX,2016,1,JAX,-8.845,-8.969
2016_02_JAX_LAC,2016,2,JAX,-8.969,-9.562
2016_03_BAL_JAX,2016,3,JAX,-9.562,-8.896
2016_04_IND_JAX,2016,4,JAX,-8.896,-7.156
2016_06_JAX_CHI,2016,6,JAX,-7.156,-7.022
2016_07_OAK_JAX,2016,7,JAX,-7.022,-6.693
2016_08_JAX_TEN,2016,8,JAX,-6.693,-8.236
2016_09_JAX_KC,2016,9,JAX,-8.236,-7.507
2016_10_HOU_JAX,2016,10,JAX,-7.507,-7.193
2016_11_JAX_DET,2016,11,JAX,-7.193,-6.889
2016_12_JAX_BUF,2016,12,JAX,-6.889,-6.495
2016_13_DEN_JAX,2016,13,JAX,-6.495,-5.314
2016_14_MIN_JAX,2016,14,JAX,-5.314,-6.321
2016_15_JAX_HOU,2016,15,JAX,-6.321,-4.862
2016_16_TEN_JAX,2016,16,JAX,-4.862,-2.519
2016_17_JAX_IND,2016,17,JAX,-2.519,-2.493
2017_01_JAX_HOU,2017,1,JAX,-1.598,-0.123
2017_02_TEN_JAX,2017,2,JAX,-0.123,0.489
2017_03_BAL_JAX,2017,3,JAX,0.489,3.875
2017_04_JAX_NYJ,2017,4,JAX,3.875,5.073
2017_05_JAX_PIT,2017,5,JAX,5.073,7.579
2017_06_LAR_JAX,2017,6,JAX,7.579,8.249
2017_07_JAX_IND,2017,7,JAX,8.249,9.384
2017_09_CIN_JAX,2017,9,JAX,9.384,10.297
2017_10_LAC_JAX,2017,10,JAX,10.297,9.963
2017_11_JAX_CLE,2017,11,JAX,9.963,11.13
2017_12_JAX_ARI,2017,12,JAX,11.13,9.254
2017_13_IND_JAX,2017,13,JAX,9.254,10.328
2017_14_SEA_JAX,2017,14,JAX,10.328,10.662
2017_15_HOU_JAX,2017,15,JAX,10.662,12.611
2017_16_JAX_SF,2017,16,JAX,12.611,10.908
2017_17_JAX_TEN,2017,17,JAX,10.908,10.554
2017_18_BUF_JAX,2017,18,JAX,10.554,11.845
2017_19_JAX_PIT,2017,19,JAX,11.845,8.411
2017_20_JAX_NE,2017,20,JAX,8.411,8.215
2018_01_JAX_NYG,2018,1,JAX,5.266,6.045
2018_02_NE_JAX,2018,2,JAX,6.045,5.638
2018_03_TEN_JAX,2018,3,JAX,5.638,7.094
2018_04_NYJ_JAX,2018,4,JAX,7.094,7.486
2018_05_JAX_KC,2018,5,JAX,7.486,7.796
2018_06_JAX_DAL,2018,6,JAX,7.796,4.976
2018_07_HOU_JAX,2018,7,JAX,4.976,5.885
2018_08_PHI_JAX,2018,8,JAX,5.885,5.405
2018_10_JAX_IND,2018,10,JAX,5.405,3.899
2018_11_PIT_JAX,2018,11,JAX,3.899,5.059
2018_12_JAX_BUF,2018,12,JAX,5.059,2.301
2018_13_IND_JAX,2018,13,JAX,2.301,4.282
2018_14_JAX_TEN,2018,14,JAX,4.282,4.797
2018_15_WAS_JAX,2018,15,JAX,4.797,3.565
2018_16_JAX_MIA,2018,16,JAX,3.565,4.126
2018_17_JAX_HOU,2018,17,JAX,4.126,3.531
2019_01_KC_JAX,2019,1,JAX,2.263,-0.093
2019_02_JAX_HOU,2019,2,JAX,-0.093,1.084
2019_03_TEN_JAX,2019,3,JAX,1.084,2.618
2019_04_JAX_DEN,2019,4,JAX,2.618,1.102
2019_05_JAX_CAR,2019,5,JAX,1.102,1.546
2019_06_NO_JAX,2019,6,JAX,1.546,1.706
2019_07_JAX_CIN,2019,7,JAX,1.706,2.201
2019_08_NYJ_JAX,2019,8,JAX,2.201,4.266
2019_09_HOU_JAX,2019,9,JAX,4.266,3.781
2019_11_JAX_IND,2019,11,JAX,3.781,3.661
2019_12_JAX_TEN,2019,12,JAX,3.661,0.496
2019_13_TB_JAX,2019,13,JAX,0.496,0.791
2019_14_LAC_JAX,2019,14,JAX,0.791,-1.199
2019_15_JAX_OAK,2019,15,JAX,-1.199,-0.627
2019_16_JAX_ATL,2019,16,JAX,-0.627,-1.584
2019_17_IND_JAX,2019,17,JAX,-1.584,-0.688
2020_01_IND_JAX,2020,1,JAX,-0.441,-1.723
2020_02_JAX_TEN,2020,2,JAX,-1.723,-3.452
2020_03_MIA_JAX,2020,3,JAX,-3.452,-5.297
2020_04_JAX_CIN,2020,4,JAX,-5.297,-5.949
2020_05_JAX_HOU,2020,5,JAX,-5.949,-7.83
2020_06_DET_JAX,2020,6,JAX,-7.83,-6.997
2020_07_JAX_LAC,2020,7,JAX,-6.997,-11.068
2020_09_HOU_JAX,2020,9,JAX,-11.068,-10.889
2020_10_JAX_GB,2020,10,JAX,-10.889,-11.278
2020_11_PIT_JAX,2020,11,JAX,-11.278,-11.364
2020_12_CLE_JAX,2020,12,JAX,-11.364,-11.822
2020_13_JAX_MIN,2020,13,JAX,-11.822,-12.005
2020_14_TEN_JAX,2020,14,JAX,-12.005,-11.932
2020_15_JAX_BAL,2020,15,JAX,-11.932,-12.493
2020_16_CHI_JAX,2020,16,JAX,-12.493,-13.326
2020_17_JAX_IND,2020,17,JAX,-13.326,-12.372
2021_01_JAX_HOU,2021,1,JAX,-7.93,-11.029
2021_02_DEN_JAX,2021,2,JAX,-11.029,-11.48
2021_03_ARI_JAX,2021,3,JAX,-11.48,-11.433
2021_04_JAX_CIN,2021,4,JAX,-11.433,-13.092
2021_05_TEN_JAX,2021,5,JAX,-13.092,-12.162
2021_06_MIA_JAX,2021,6,JAX,-12.162,-14.091
2021_08_JAX_SEA,2021,8,JAX,-14.091,-15.323
2021_09_BUF_JAX,2021,9,JAX,-15.323,-12.778
2021_10_JAX_IND,2021,10,JAX,-12.778,-12.159
2021_11_SF_JAX,2021,11,JAX,-12.159,-12.216
2021_12_ATL_JAX,2021,12,JAX,-12.216,-10.64
2021_13_JAX_LAR,2021,13,JAX,-10.64,-12.122
2021_14_JAX_TEN,2021,14,JAX,-12.122,-11.395
2021_15_HOU_JAX,2021,15,JAX,-11.395,-11.041
2021_16_JAX_NYJ,2021,16,JAX,-11.041,-13.229
2021_17_JAX_NE,2021,17,JAX,-13.229,-14.776
2021_18_IND_JAX,2021,18,JAX,-14.776,-12.06
2022_01_JAX_WAS,2022,1,JAX,-7.73,-9.571
2022_02_IND_JAX,2022,2,JAX,-9.571,-5.718
2022_03_JAX_LAC,2022,3,JAX,-5.718,-5.057
2022_04_JAX_PHI,2022,4,JAX,-5.057,-4.617
2022_05_HOU_JAX,2022,5,JAX,-4.617,-4.444
2022_06_JAX_IND,2022,6,JAX,-4.444,-8.089
2022_07_NYG_JAX,2022,7,JAX,-8.089,-11.065
2022_08_DEN_JAX,2022,8,JAX,-11.065,-10.692
2022_09_OAK_JAX,2022,9,JAX,-10.692,-10.282
2022_10_JAX_KC,2022,10,JAX,-10.282,-11.327
2022_12_BAL_JAX,2022,12,JAX,-11.327,-11.529
2022_13_JAX_DET,2022,13,JAX,-11.529,-13.328
2022_14_JAX_TEN,2022,14,JAX,-13.328,-12.523
2022_15_DAL_JAX,2022,15,JAX,-12.523,-11.475
2022_16_JAX_NYJ,2022,16,JAX,-11.475,-9.106
2022_17_JAX_HOU,2022,17,JAX,-9.106,-9.518
2022_18_TEN_JAX,2022,18,JAX,-9.518,-9.146
2022_19_LAC_JAX,2022,19,JAX,-9.146,-7.689
2022_20_JAX_KC,2022,20,JAX,-7.689,-6.83
2023_01_JAX_IND,2023,1,JAX,-4.378,-5.47
2023_02_KC_JAX,2023,2,JAX,-5.47,-6.386
2023_03_HOU_JAX,2023,3,JAX,-6.386,-7.99
2023_04_ATL_JAX,2023,4,JAX,-7.99,-7.058
2023_05_JAX_BUF,2023,5,JAX,-7.058,-8.921
2023_06_IND_JAX,2023,6,JAX,-8.921,-8.295
2023_07_JAX_NO,2023,7,JAX,-8.295,-8.986
2023_08_JAX_PIT,2023,8,JAX,-8.986,-7.598
2023_10_SF_JAX,2023,10,JAX,-7.598,-8.621
2023_11_TEN_JAX,2023,11,JAX,-8.621,-9.114
2023_12_JAX_HOU,2023,12,JAX,-9.114,-11.375
2023_13_CIN_JAX,2023,13,JAX,-11.375,-14.854
2023_14_JAX_CLE,2023,14,JAX,-14.854,-15.177
2023_15_BAL_JAX,2023,15,JAX,-15.177,-14.112
2023_16_JAX_TB,2023,16,JAX,-14.112,-14.845
2023_17_CAR_JAX,2023,17,JAX,-14.845,-12.04
2023_18_JAX_TEN,2023,18,JAX,-12.04,-11.232
2024_01_JAX_MIA,2024,1,JAX,-7.2,-7.275
2024_02_CLE_JAX,2024,2,JAX,-7.275,-7.147
2024_03_JAX_BUF,2024,3,JAX,-7.147,-9.085
2024_04_JAX_HOU,2024,4,JAX,-9.085,-10.952
2024_05_IND_JAX,2024,5,JAX,-10.952,-12.89
2024_06_JAX_CHI,2024,6,JAX,-12.89,-14.81
2024_07_NE_JAX,2024,7,JAX,-14.81,-16.11
2024_08_GB_JAX,2024,8,JAX,-16.11,-14.198
2024_09_JAX_PHI,2024,9,JAX,-14.198,-14.932
2024_10_MIN_JAX,2024,10,JAX,-14.932,-12.968
2024_11_JAX_DET,2024,11,JAX,-12.968,-16.967
2024_13_HOU_JAX,2024,13,JAX,-16.967,-17.179
2024_14_JAX_TEN,2024,14,JAX,-17.179,-16.32
2024_15_NYJ_JAX,2024,15,JAX,-16.32,-18.363
2024_16_JAX_OAK,2024,16,JAX,-18.363,-18.605
2024_17_TEN_JAX,2024,17,JAX,-18.605,-17.235
2024_18_JAX_IND,2024,18,JAX,-17.235,-17.186
2025_01_CAR_JAX,2025,1,JAX,-11.016,-9.54
2025_02_JAX_CIN,2025,2,JAX,-9.54,-7.006
2025_03_HOU_JAX,2025,3,JAX,-7.006,-5.96
2025_04_JAX_SF,2025,4,JAX,-5.96,-5.463
2025_05_KC_JAX,2025,5,JAX,-5.463,-7.189
2025_06_SEA_JAX,2025,6,JAX,-7.189,-7.342
2025_07_LAR_JAX,2025,7,JAX,-7.342,-8.029
2025_09_JAX_OAK,2025,9,JAX,-8.029,-10.575
2025_10_JAX_HOU,2025,10,JAX,-10.575,-12.271
2025_11_LAC_JAX,2025,11,JAX,-12.271,-9.03
2025_12_JAX_ARI,2025,12,JAX,-9.03,-9.414
2025_13_JAX_TEN,2025,13,JAX,-9.414,-8.396
2025_14_IND_JAX,2025,14,JAX,-8.396,-5.757
2025_15_NYJ_JAX,2025,15,JAX,-5.757,-5.0
2025_16_JAX_DEN,2025,16,JAX,-5.0,-4.639
2025_17_JAX_IND,2025,17,JAX,-4.639,-3.57
2025_18_TEN_JAX,2025,18,JAX,-3.57,-3.492
2025_19_BUF_JAX,2025,19,JAX,-3.492,-5.123
2026_01_CLE_JAX,2026,1,JAX,-3.284,-2.481
1999_01_KC_CHI,1999,1,KC,0.0,-2.488
1999_02_DEN_KC,1999,2,KC,-2.488,-1.681
1999_03_DET_KC,1999,3,KC,-1.681,-0.762
1999_04_KC_LAC,1999,4,KC,-0.762,0.133
1999_05_NE_KC,1999,5,KC,0.133,0.591
1999_07_KC_BAL,1999,7,KC,0.591,1.978
1999_08_LAC_KC,1999,8,KC,1.978,2.595
1999_09_KC_IND,1999,9,KC,2.595,1.139
1999_10_KC_TB,1999,10,KC,1.139,-0.437
1999_11_SEA_KC,1999,11,KC,-0.437,-1.014
1999_12_KC_OAK,1999,12,KC,-1.014,-1.35
1999_13_KC_DEN,1999,13,KC,-1.35,-0.886
1999_14_MIN_KC,1999,14,KC,-0.886,-0.689
1999_15_PIT_KC,1999,15,KC,-0.689,-0.137
1999_16_KC_SEA,1999,16,KC,-0.137,-1.59
1999_17_OAK_KC,1999,17,KC,-1.59,-1.589
2000_01_IND_KC,2000,1,KC,-1.019,-1.041
2000_02_KC_TEN,2000,2,KC,-1.041,0.452
2000_04_KC_DEN,2000,4,KC,0.452,-0.024
2000_05_SEA_KC,2000,5,KC,-0.024,0.98
2000_07_OAK_KC,2000,7,KC,0.98,-1.476
2000_08_LAR_KC,2000,8,KC,-1.476,0.917
2000_09_KC_SEA,2000,9,KC,0.917,1.181
2000_10_KC_OAK,2000,10,KC,1.181,-1.67
2000_11_KC_SF,2000,11,KC,-1.67,-3.262
2000_12_BUF_KC,2000,12,KC,-3.262,-5.002
2000_13_KC_LAC,2000,13,KC,-5.002,-3.387
2000_14_KC_NE,2000,14,KC,-3.387,-5.374
2000_15_CAR_KC,2000,15,KC,-5.374,-6.066
2000_16_DEN_KC,2000,16,KC,-6.066,-7.006
2000_17_KC_ATL,2000,17,KC,-7.006,-9.127
2001_01_OAK_KC,2001,1,KC,-5.85,-7.208
2001_02_NYG_KC,2001,2,KC,-7.208,-5.728
2001_03_KC_WAS,2001,3,KC,-5.728,-5.238
2001_04_KC_DEN,2001,4,KC,-5.238,-3.381
2001_05_PIT_KC,2001,5,KC,-3.381,-3.927
2001_06_KC_ARI,2001,6,KC,-3.927,-5.622
2001_07_IND_KC,2001,7,KC,-5.622,-4.915
2001_08_KC_LAC,2001,8,KC,-4.915,-2.428
2001_09_KC_NYJ,2001,9,KC,-2.428,-2.348
2001_11_SEA_KC,2001,11,KC,-2.348,-2.927
2001_12_PHI_KC,2001,12,KC,-2.927,-4.065
2001_13_KC_OAK,2001,13,KC,-4.065,-4.05
2001_14_DEN_KC,2001,14,KC,-4.05,-5.65
2001_15_LAC_KC,2001,15,KC,-5.65,-6.606
2001_17_KC_SEA,2001,17,KC,-6.606,-6.711
2002_01_KC_CLE,2002,1,KC,-4.302,-7.888
2002_02_JAX_KC,2002,2,KC,-7.888,-10.323
2002_03_KC_NE,2002,3,KC,-10.323,-12.847
2002_04_MIA_KC,2002,4,KC,-12.847,-12.234
2002_05_KC_NYJ,2002,5,KC,-12.234,-12.882
2002_06_KC_LAC,2002,6,KC,-12.882,-14.649
2002_07_DEN_KC,2002,7,KC,-14.649,-16.572
2002_08_OAK_KC,2002,8,KC,-16.572,-16.751
2002_10_KC_SF,2002,10,KC,-16.751,-14.647
2002_11_BUF_KC,2002,11,KC,-14.647,-14.272
2002_12_KC_SEA,2002,12,KC,-14.272,-17.602
2002_13_ARI_KC,2002,13,KC,-17.602,-14.297
2002_14_LAR_KC,2002,14,KC,-14.297,-13.154
2002_15_KC_DEN,2002,15,KC,-13.154,-13.283
2002_16_LAC_KC,2002,16,KC,-13.283,-15.128
2002_17_KC_OAK,2002,17,KC,-15.128,-13.112
2003_01_LAC_KC,2003,1,KC,-8.405,-7.469
2003_02_PIT_KC,2003,2,KC,-7.469,-5.992
2003_03_KC_HOU,2003,3,KC,-5.992,-6.747
2003_04_KC_BAL,2003,4,KC,-6.747,-4.746
2003_05_DEN_KC,2003,5,KC,-4.746,-5.574
2003_06_KC_GB,2003,6,KC,-5.574,-6.202
2003_07_KC_OAK,2003,7,KC,-6.202,-3.383
2003_08_BUF_KC,2003,8,KC,-3.383,-1.24
2003_10_CLE_KC,2003,10,KC,-1.24,-1.127
2003_11_KC_CIN,2003,11,KC,-1.127,-1.617
2003_12_OAK_KC,2003,12,KC,-1.617,-3.582
2003_13_KC_LAC,2003,13,KC,-3.582,-3.724
2003_14_KC_DEN,2003,14,KC,-3.724,-5.146
2003_15_DET_KC,2003,15,KC,-5.146,-5.25
2003_16_KC_MIN,2003,16,KC,-5.25,-6.318
2003_17_CHI_KC,2003,17,KC,-6.318,-4.137
2003_19_IND_KC,2003,19,KC,-4.137,-4.875
2004_01_KC_DEN,2004,1,KC,-3.125,-3.392
2004_02_CAR_KC,2004,2,KC,-3.392,-3.124
2004_03_HOU_KC,2004,3,KC,-3.124,-2.72
2004_04_KC_BAL,2004,4,KC,-2.72,-2.338
2004_06_KC_JAX,2004,6,KC,-2.338,-4.338
2004_07_ATL_KC,2004,7,KC,-4.338,-1.668
2004_08_IND_KC,2004,8,KC,-1.668,-3.714
2004_09_KC_TB,2004,9,KC,-3.714,-5.393
2004_10_KC_NO,2004,10,KC,-5.393,-5.305
2004_11_NE_KC,2004,11,KC,-5.305,-5.963
2004_12_LAC_KC,2004,12,KC,-5.963,-8.567
2004_13_KC_OAK,2004,13,KC,-8.567,-10.501
2004_14_KC_TEN,2004,14,KC,-10.501,-13.494
2004_15_DEN_KC,2004,15,KC,-13.494,-12.27
2004_16_OAK_KC,2004,16,KC,-12.27,-11.121
2004_17_KC_LAC,2004,17,KC,-11.121,-12.112
2005_01_NYJ_KC,2005,1,KC,-7.764,-6.7
2005_02_KC_OAK,2005,2,KC,-6.7,-7.681
2005_03_KC_DEN,2005,3,KC,-7.681,-8.247
2005_04_PHI_KC,2005,4,KC,-8.247,-9.731
2005_06_WAS_KC,2005,6,KC,-9.731,-10.855
2005_07_KC_MIA,2005,7,KC,-10.855,-8.612
2005_08_KC_LAC,2005,8,KC,-8.612,-9.759
2005_09_OAK_KC,2005,9,KC,-9.759,-8.962
2005_10_KC_BUF,2005,10,KC,-8.962,-7.498
2005_11_KC_HOU,2005,11,KC,-7.498,-7.761
2005_12_NE_KC,2005,12,KC,-7.761,-4.881
2005_13_DEN_KC,2005,13,KC,-4.881,-4.498
2005_14_KC_DAL,2005,14,KC,-4.498,-6.234
2005_15_KC_NYG,2005,15,KC,-6.234,-5.704
2005_16_LAC_KC,2005,16,KC,-5.704,-4.745
2005_17_CIN_KC,2005,17,KC,-4.745,-2.359
2006_01_CIN_KC,2006,1,KC,-1.512,-0.39
2006_02_KC_DEN,2006,2,KC,-0.39,0.402
2006_04_SF_KC,2006,4,KC,0.402,2.832
2006_05_KC_ARI,2006,5,KC,2.832,1.387
2006_06_KC_PIT,2006,6,KC,1.387,-0.681
2006_07_LAC_KC,2006,7,KC,-0.681,-0.351
2006_08_SEA_KC,2006,8,KC,-0.351,-1.166
2006_09_KC_LAR,2006,9,KC,-1.166,-3.451
2006_10_KC_MIA,2006,10,KC,-3.451,-3.186
2006_11_OAK_KC,2006,11,KC,-3.186,-3.77
2006_12_DEN_KC,2006,12,KC,-3.77,-3.913
2006_13_KC_CLE,2006,13,KC,-3.913,-5.234
2006_14_BAL_KC,2006,14,KC,-5.234,-6.809
2006_15_KC_LAC,2006,15,KC,-6.809,-3.42
2006_16_KC_OAK,2006,16,KC,-3.42,-3.71
2006_17_JAX_KC,2006,17,KC,-3.71,-5.912
2006_18_KC_IND,2006,18,KC,-5.912,-4.948
2007_01_KC_HOU,2007,1,KC,-3.172,-4.716
2007_02_KC_CHI,2007,2,KC,-4.716,-3.404
2007_03_MIN_KC,2007,3,KC,-3.404,-1.557
2007_04_KC_LAC,2007,4,KC,-1.557,-0.037
2007_05_JAX_KC,2007,5,KC,-0.037,-0.329
2007_06_CIN_KC,2007,6,KC,-0.329,0.408
2007_07_KC_OAK,2007,7,KC,0.408,0.931
2007_09_GB_KC,2007,9,KC,0.931,0.088
2007_10_DEN_KC,2007,10,KC,0.088,-0.146
2007_11_KC_IND,2007,11,KC,-0.146,1.983
2007_12_OAK_KC,2007,12,KC,1.983,2.492
2007_13_LAC_KC,2007,13,KC,2.492,3.709
2007_14_KC_DEN,2007,14,KC,3.709,0.382
2007_15_TEN_KC,2007,15,KC,0.382,-1.285
2007_16_KC_DET,2007,16,KC,-1.285,-0.299
2007_17_KC_NYJ,2007,17,KC,-0.299,-0.082
2008_01_KC_NE,2008,1,KC,-0.053,1.355
2008_02_OAK_KC,2008,2,KC,1.355,2.176
2008_03_KC_ATL,2008,3,KC,2.176,-0.369
2008_04_DEN_KC,2008,4,KC,-0.369,-0.226
2008_05_KC_CAR,2008,5,KC,-0.226,-0.904
2008_07_TEN_KC,2008,7,KC,-0.904,-0.837
2008_08_KC_NYJ,2008,8,KC,-0.837,-0.935
2008_09_TB_KC,2008,9,KC,-0.935,-2.438
2008_10_KC_LAC,2008,10,KC,-2.438,-3.095
2008_11_NO_KC,2008,11,KC,-3.095,-2.448
2008_12_BUF_KC,2008,12,KC,-2.448,-6.794
2008_13_KC_OAK,2008,13,KC,-6.794,-6.687
2008_14_KC_DEN,2008,14,KC,-6.687,-8.038
2008_15_LAC_KC,2008,15,KC,-8.038,-9.222
2008_16_MIA_KC,2008,16,KC,-9.222,-11.112
2008_17_KC_CIN,2008,17,KC,-11.112,-11.212
2009_01_KC_BAL,2009,1,KC,-7.187,-8.89
2009_02_OAK_KC,2009,2,KC,-8.89,-6.759
2009_03_KC_PHI,2009,3,KC,-6.759,-9.96
2009_04_NYG_KC,2009,4,KC,-9.96,-10.593
2009_05_DAL_KC,2009,5,KC,-10.593,-11.683
2009_06_KC_WAS,2009,6,KC,-11.683,-9.919
2009_07_LAC_KC,2009,7,KC,-9.919,-11.426
2009_09_KC_JAX,2009,9,KC,-11.426,-12.394
2009_10_KC_OAK,2009,10,KC,-12.394,-11.288
2009_11_PIT_KC,2009,11,KC,-11.288,-12.72
2009_12_KC_LAC,2009,12,KC,-12.72,-14.133
2009_13_DEN_KC,2009,13,KC,-14.133,-12.965
2009_14_BUF_KC,2009,14,KC,-12.965,-11.949
2009_15_CLE_KC,2009,15,KC,-11.949,-11.067
2009_16_KC_CIN,2009,16,KC,-11.067,-10.728
2009_17_KC_DEN,2009,17,KC,-10.728,-10.379
2010_01_LAC_KC,2010,1,KC,-6.653,-6.72
2010_02_KC_CLE,2010,2,KC,-6.72,-6.379
2010_03_SF_KC,2010,3,KC,-6.379,-5.11
2010_05_KC_IND,2010,5,KC,-5.11,-3.526
2010_06_KC_HOU,2010,6,KC,-3.526,-5.585
2010_07_JAX_KC,2010,7,KC,-5.585,-5.718
2010_08_BUF_KC,2010,8,KC,-5.718,-4.956
2010_09_KC_OAK,2010,9,KC,-4.956,-3.884
2010_10_KC_DEN,2010,10,KC,-3.884,-6.063
2010_11_ARI_KC,2010,11,KC,-6.063,-7.166
2010_12_KC_SEA,2010,12,KC,-7.166,-6.475
2010_13_DEN_KC,2010,13,KC,-6.475,-3.152
2010_14_KC_LAC,2010,14,KC,-3.152,-2.845
2010_15_KC_LAR,2010,15,KC,-2.845,-0.927
2010_16_TEN_KC,2010,16,KC,-0.927,0.281
2010_17_OAK_KC,2010,17,KC,0.281,-0.01
2010_18_BAL_KC,2010,18,KC,-0.01,-1.595
2011_01_BUF_KC,2011,1,KC,-1.022,-2.783
2011_02_KC_DET,2011,2,KC,-2.783,-5.357
2011_03_KC_LAC,2011,3,KC,-5.357,-3.516
2011_04_MIN_KC,2011,4,KC,-3.516,-2.998
2011_05_KC_IND,2011,5,KC,-2.998,-5.757
2011_07_KC_OAK,2011,7,KC,-5.757,-3.679
2011_08_LAC_KC,2011,8,KC,-3.679,-2.766
2011_09_MIA_KC,2011,9,KC,-2.766,-5.567
2011_10_DEN_KC,2011,10,KC,-5.567,-6.125
2011_11_KC_NE,2011,11,KC,-6.125,-5.004
2011_12_PIT_KC,2011,12,KC,-5.004,-4.487
2011_13_KC_CHI,2011,13,KC,-4.487,-1.034
2011_14_KC_NYJ,2011,14,KC,-1.034,-2.317
2011_15_GB_KC,2011,15,KC,-2.317,-0.815
2011_16_OAK_KC,2011,16,KC,-0.815,-0.534
2011_17_KC_DEN,2011,17,KC,-0.534,2.238
2012_01_ATL_KC,2012,1,KC,1.434,-1.303
2012_02_KC_BUF,2012,2,KC,-1.303,-2.465
2012_03_KC_NO,2012,3,KC,-2.465,-1.576
2012_04_LAC_KC,2012,4,KC,-1.576,-1.189
2012_05_BAL_KC,2012,5,KC,-1.189,1.0
2012_06_KC_TB,2012,6,KC,1.0,-0.578
2012_08_OAK_KC,2012,8,KC,-0.578,-0.271
2012_09_KC_LAC,2012,9,KC,-0.271,-1.256
2012_10_KC_PIT,2012,10,KC,-1.256,-0.228
2012_11_CIN_KC,2012,11,KC,-0.228,-1.604
2012_12_DEN_KC,2012,12,KC,-1.604,-0.562
2012_13_CAR_KC,2012,13,KC,-0.562,-2.294
2012_14_KC_CLE,2012,14,KC,-2.294,-1.956
2012_15_KC_OAK,2012,15,KC,-1.956,-1.601
2012_16_IND_KC,2012,16,KC,-1.601,-0.897
2012_17_KC_DEN,2012,17,KC,-0.897,-2.614
2013_01_KC_JAX,2013,1,KC,-1.676,1.627
2013_02_DAL_KC,2013,2,KC,1.627,1.575
2013_03_KC_PHI,2013,3,KC,1.575,3.303
2013_04_NYG_KC,2013,4,KC,3.303,4.504
2013_05_KC_TEN,2013,5,KC,4.504,4.485
2013_07_HOU_KC,2013,7,KC,4.485,3.726
2013_08_CLE_KC,2013,8,KC,3.726,1.729
2013_09_KC_BUF,2013,9,KC,1.729,1.663
2013_11_KC_DEN,2013,11,KC,1.663,2.188
2013_12_LAC_KC,2013,12,KC,2.188,-0.316
2013_13_DEN_KC,2013,13,KC,-0.316,-1.176
2013_14_KC_WAS,2013,14,KC,-1.176,0.916
2013_15_KC_OAK,2013,15,KC,0.916,1.361
2013_16_IND_KC,2013,16,KC,1.361,0.929
2013_17_KC_LAC,2013,17,KC,0.929,1.24
2013_18_KC_IND,2013,18,KC,1.24,-1.511
2014_01_TEN_KC,2014,1,KC,-0.969,-1.557
2014_02_KC_DEN,2014,2,KC,-1.557,-2.024
2014_03_KC_MIA,2014,3,KC,-2.024,-0.972
2014_04_NE_KC,2014,4,KC,-0.972,1.073
2014_05_KC_SF,2014,5,KC,1.073,2.304
2014_07_KC_LAC,2014,7,KC,2.304,3.627
2014_08_LAR_KC,2014,8,KC,3.627,5.779
2014_09_NYJ_KC,2014,9,KC,5.779,5.384
2014_10_KC_BUF,2014,10,KC,5.384,4.681
2014_11_SEA_KC,2014,11,KC,4.681,3.259
2014_12_KC_OAK,2014,12,KC,3.259,3.364
2014_13_DEN_KC,2014,13,KC,3.364,4.925
2014_14_KC_ARI,2014,14,KC,4.925,3.487
2014_15_OAK_KC,2014,15,KC,3.487,4.452
2014_16_KC_PIT,2014,16,KC,4.452,4.772
2014_17_LAC_KC,2014,17,KC,4.772,7.483
2015_01_KC_HOU,2015,1,KC,4.796,4.489
2015_02_DEN_KC,2015,2,KC,4.489,5.116
2015_03_KC_GB,2015,3,KC,5.116,2.626
2015_04_KC_CIN,2015,4,KC,2.626,1.126
2015_05_CHI_KC,2015,5,KC,1.126,0.397
2015_06_KC_MIN,2015,6,KC,0.397,1.441
2015_07_PIT_KC,2015,7,KC,1.441,2.334
2015_08_DET_KC,2015,8,KC,2.334,4.982
2015_10_KC_DEN,2015,10,KC,4.982,10.346
2015_11_KC_LAC,2015,11,KC,10.346,12.303
2015_12_BUF_KC,2015,12,KC,12.303,9.354
2015_13_KC_OAK,2015,13,KC,9.354,10.627
2015_14_LAC_KC,2015,14,KC,10.627,12.398
2015_15_KC_BAL,2015,15,KC,12.398,10.827
2015_16_CLE_KC,2015,16,KC,10.827,9.522
2015_17_OAK_KC,2015,17,KC,9.522,10.963
2015_18_KC_HOU,2015,18,KC,10.963,13.705
2015_19_KC_NE,2015,19,KC,13.705,11.566
2016_01_LAC_KC,2016,1,KC,7.414,6.554
2016_02_KC_HOU,2016,2,KC,6.554,6.38
2016_03_NYJ_KC,2016,3,KC,6.38,10.42
2016_04_KC_PIT,2016,4,KC,10.42,7.396
2016_06_KC_OAK,2016,6,KC,7.396,7.931
2016_07_NO_KC,2016,7,KC,7.931,6.585
2016_08_KC_IND,2016,8,KC,6.585,7.048
2016_09_JAX_KC,2016,9,KC,7.048,6.191
2016_10_KC_CAR,2016,10,KC,6.191,5.285
2016_11_TB_KC,2016,11,KC,5.285,3.838
2016_12_KC_DEN,2016,12,KC,3.838,1.556
2016_13_KC_ATL,2016,13,KC,1.556,1.274
2016_14_OAK_KC,2016,14,KC,1.274,3.761
2016_15_TEN_KC,2016,15,KC,3.761,4.355
2016_16_DEN_KC,2016,16,KC,4.355,5.688
2016_17_KC_LAC,2016,17,KC,5.688,5.335
2016_19_PIT_KC,2016,19,KC,5.335,6.312
2017_01_KC_NE,2017,1,KC,4.046,6.188
2017_02_PHI_KC,2017,2,KC,6.188,5.749
2017_03_KC_LAC,2017,3,KC,5.749,8.596
2017_04_WAS_KC,2017,4,KC,8.596,7.529
2017_05_KC_HOU,2017,5,KC,7.529,4.651
2017_06_PIT_KC,2017,6,KC,4.651,4.298
2017_07_KC_OAK,2017,7,KC,4.298,1.534
2017_08_DEN_KC,2017,8,KC,1.534,3.047
2017_09_KC_DAL,2017,9,KC,3.047,1.014
2017_11_KC_NYG,2017,11,KC,1.014,1.101
2017_12_BUF_KC,2017,12,KC,1.101,0.983
2017_13_KC_NYJ,2017,13,KC,0.983,-2.286
2017_14_OAK_KC,2017,14,KC,-2.286,-0.328
2017_15_LAC_KC,2017,15,KC,-0.328,2.242
2017_16_MIA_KC,2017,16,KC,2.242,1.137
2017_17_KC_DEN,2017,17,KC,1.137,0.701
2017_18_TEN_KC,2017,18,KC,0.701,0.253
2018_01_KC_LAC,2018,1,KC,0.162,-1.956
2018_02_KC_PIT,2018,2,KC,-1.956,-5.524
2018_03_SF_KC,2018,3,KC,-5.524,-6.021
2018_04_KC_DEN,2018,4,KC,-6.021,-4.244
2018_05_JAX_KC,2018,5,KC,-4.244,-2.731
2018_06_KC_NE,2018,6,KC,-2.731,-3.38
2018_07_CIN_KC,2018,7,KC,-3.38,-1.469
2018_08_DEN_KC,2018,8,KC,-1.469,-1.051
2018_09_KC_CLE,2018,9,KC,-1.051,-2.562
2018_10_ARI_KC,2018,10,KC,-2.562,-0.541
2018_11_KC_LAR,2018,11,KC,-0.541,-2.193
2018_13_KC_OAK,2018,13,KC,-2.193,-3.999
2018_14_BAL_KC,2018,14,KC,-3.999,-4.836
2018_15_LAC_KC,2018,15,KC,-4.836,-3.333
2018_16_KC_SEA,2018,16,KC,-3.333,-4.553
2018_17_OAK_KC,2018,17,KC,-4.553,-2.917
2018_19_IND_KC,2018,19,KC,-2.917,-0.925
2018_20_NE_KC,2018,20,KC,-0.925,-1.082
2019_01_KC_JAX,2019,1,KC,-0.694,0.338
2019_02_KC_OAK,2019,2,KC,0.338,1.723
2019_03_BAL_KC,2019,3,KC,1.723,0.802
2019_04_KC_DET,2019,4,KC,0.802,-0.389
2019_05_IND_KC,2019,5,KC,-0.389,0.308
2019_06_HOU_KC,2019,6,KC,0.308,-0.7
2019_07_KC_DEN,2019,7,KC,-0.7,1.548
2019_08_GB_KC,2019,8,KC,1.548,1.28
2019_09_MIN_KC,2019,9,KC,1.28,1.51
2019_10_KC_TEN,2019,10,KC,1.51,1.167
2019_11_KC_LAC,2019,11,KC,1.167,2.991
2019_13_OAK_KC,2019,13,KC,2.991,3.878
2019_14_KC_NE,2019,14,KC,3.878,5.5
2019_15_DEN_KC,2019,15,KC,5.5,6.95
2019_16_KC_CHI,2019,16,KC,6.95,8.287
2019_17_LAC_KC,2019,17,KC,8.287,7.983
2019_19_HOU_KC,2019,19,KC,7.983,5.644
2019_20_TEN_KC,2019,20,KC,5.644,4.525
2019_21_SF_KC,2019,21,KC,4.525,4.051
2020_01_HOU_KC,2020,1,KC,2.597,3.393
2020_02_KC_LAC,2020,2,KC,3.393,0.987
2020_03_KC_BAL,2020,3,KC,0.987,2.647
2020_04_NE_KC,2020,4,KC,2.647,3.645
2020_05_OAK_KC,2020,5,KC,3.645,2.46
2020_06_KC_BUF,2020,6,KC,2.46,3.413
2020_07_KC_DEN,2020,7,KC,3.413,3.261
2020_08_NYJ_KC,2020,8,KC,3.261,3.205
2020_09_CAR_KC,2020,9,KC,3.205,0.502
2020_11_KC_OAK,2020,11,KC,0.502,-1.325
2020_12_KC_TB,2020,12,KC,-1.325,-1.536
2020_13_DEN_KC,2020,13,KC,-1.536,-0.992
2020_14_KC_MIA,2020,14,KC,-0.992,-1.777
2020_15_KC_NO,2020,15,KC,-1.777,-0.714
2020_16_ATL_KC,2020,16,KC,-0.714,-0.823
2020_17_LAC_KC,2020,17,KC,-0.823,-1.814
2020_19_CLE_KC,2020,19,KC,-1.814,-1.193
2020_20_BUF_KC,2020,20,KC,-1.193,-0.83
2020_21_KC_TB,2020,21,KC,-0.83,-0.912
2021_01_CLE_KC,2021,1,KC,-0.585,-0.512
2021_02_KC_BAL,2021,2,KC,-0.512,-2.024
2021_03_LAC_KC,2021,3,KC,-2.024,-3.77
2021_04_KC_PHI,2021,4,KC,-3.77,-5.598
2021_05_BUF_KC,2021,5,KC,-5.598,-7.417
2021_06_KC_WAS,2021,6,KC,-7.417,-7.256
2021_07_KC_TEN,2021,7,KC,-7.256,-8.175
2021_08_NYG_KC,2021,8,KC,-8.175,-7.62
2021_09_GB_KC,2021,9,KC,-7.62,-6.893
2021_10_KC_OAK,2021,10,KC,-6.893,-7.464
2021_11_DAL_KC,2021,11,KC,-7.464,-3.362
2021_13_DEN_KC,2021,13,KC,-3.362,-2.576
2021_14_OAK_KC,2021,14,KC,-2.576,-1.51
2021_15_KC_LAC,2021,15,KC,-1.51,-1.993
2021_16_PIT_KC,2021,16,KC,-1.993,-1.011
2021_17_KC_CIN,2021,17,KC,-1.011,-3.664
2021_18_KC_DEN,2021,18,KC,-3.664,-4.108
2021_19_PIT_KC,2021,19,KC,-4.108,-4.449
2021_20_BUF_KC,2021,20,KC,-4.449,-6.309
2021_21_CIN_KC,2021,21,KC,-6.309,-6.121
2022_01_KC_ARI,2022,1,KC,-3.924,-4.434
2022_02_LAC_KC,2022,2,KC,-4.434,-5.397
2022_03_KC_IND,2022,3,KC,-5.397,-5.539
2022_04_KC_TB,2022,4,KC,-5.539,-8.65
2022_05_OAK_KC,2022,5,KC,-8.65,-9.082
2022_06_BUF_KC,2022,6,KC,-9.082,-10.065
2022_07_KC_SF,2022,7,KC,-10.065,-10.083
2022_09_TEN_KC,2022,9,KC,-10.083,-8.403
2022_10_JAX_KC,2022,10,KC,-8.403,-8.383
2022_11_KC_LAC,2022,11,KC,-8.383,-8.012
2022_12_LAR_KC,2022,12,KC,-8.012,-6.482
2022_13_KC_CIN,2022,13,KC,-6.482,-8.253
2022_14_KC_DEN,2022,14,KC,-8.253,-8.434
2022_15_KC_HOU,2022,15,KC,-8.434,-9.674
2022_16_SEA_KC,2022,16,KC,-9.674,-8.723
2022_17_DEN_KC,2022,17,KC,-8.723,-9.375
2022_18_KC_OAK,2022,18,KC,-9.375,-9.283
2022_20_JAX_KC,2022,20,KC,-9.283,-8.075
2022_21_CIN_KC,2022,21,KC,-8.075,-6.068
2022_22_KC_PHI,2022,22,KC,-6.068,-9.38
2023_01_DET_KC,2023,1,KC,-6.012,-6.218
2023_02_KC_JAX,2023,2,KC,-6.218,-5.211
2023_03_CHI_KC,2023,3,KC,-5.211,-4.122
2023_04_KC_NYJ,2023,4,KC,-4.122,-5.899
2023_05_KC_MIN,2023,5,KC,-5.899,-6.105
2023_06_DEN_KC,2023,6,KC,-6.105,-3.996
2023_07_LAC_KC,2023,7,KC,-3.996,-0.79
2023_08_KC_DEN,2023,8,KC,-0.79,0.444
2023_09_MIA_KC,2023,9,KC,0.444,0.892
2023_11_PHI_KC,2023,11,KC,0.892,3.143
2023_12_KC_OAK,2023,12,KC,3.143,0.623
2023_13_KC_GB,2023,13,KC,0.623,-0.885
2023_14_BUF_KC,2023,14,KC,-0.885,0.963
2023_15_KC_NE,2023,15,KC,0.963,1.542
2023_16_OAK_KC,2023,16,KC,1.542,3.609
2023_17_CIN_KC,2023,17,KC,3.609,3.676
2023_18_KC_LAC,2023,18,KC,3.676,1.693
2023_19_MIA_KC,2023,19,KC,1.693,2.108
2023_20_KC_BUF,2023,20,KC,2.108,0.398
2023_21_KC_BAL,2023,21,KC,0.398,1.983
2023_22_SF_KC,2023,22,KC,1.983,0.965
2024_01_BAL_KC,2024,1,KC,0.618,-1.332
2024_02_CIN_KC,2024,2,KC,-1.332,-1.292
2024_03_KC_ATL,2024,3,KC,-1.292,-1.082
2024_04_KC_LAC,2024,4,KC,-1.082,-0.904
2024_05_NO_KC,2024,5,KC,-0.904,0.15
2024_07_KC_SF,2024,7,KC,0.15,1.477
2024_08_KC_OAK,2024,8,KC,1.477,0.335
2024_09_TB_KC,2024,9,KC,0.335,0.075
2024_10_DEN_KC,2024,10,KC,0.075,-0.521
2024_11_KC_BUF,2024,11,KC,-0.521,-1.333
2024_12_KC_CAR,2024,12,KC,-1.333,-2.521
2024_13_OAK_KC,2024,13,KC,-2.521,-3.58
2024_14_LAC_KC,2024,14,KC,-3.58,-2.87
2024_15_KC_CLE,2024,15,KC,-2.87,0.898
2024_16_HOU_KC,2024,16,KC,0.898,1.333
2024_17_KC_PIT,2024,17,KC,1.333,2.089
2024_18_KC_DEN,2024,18,KC,2.089,-2.002
2024_20_HOU_KC,2024,20,KC,-2.002,-0.986
2024_21_BUF_KC,2024,21,KC,-0.986,-0.3
2024_22_KC_PHI,2024,22,KC,-0.3,-2.488
2025_01_KC_LAC,2025,1,KC,-1.595,-3.996
2025_02_PHI_KC,2025,2,KC,-3.996,-2.404
2025_03_KC_NYG,2025,3,KC,-2.404,0.126
2025_04_BAL_KC,2025,4,KC,0.126,1.875
2025_05_KC_JAX,2025,5,KC,1.875,0.383
2025_06_DET_KC,2025,6,KC,0.383,0.08
2025_07_OAK_KC,2025,7,KC,0.08,1.553
2025_08_WAS_KC,2025,8,KC,1.553,2.303
2025_09_KC_BUF,2025,9,KC,2.303,1.106
2025_11_KC_DEN,2025,11,KC,1.106,1.363
2025_12_IND_KC,2025,12,KC,1.363,0.122
2025_13_KC_DAL,2025,13,KC,0.122,-0.848
2025_14_HOU_KC,2025,14,KC,-0.848,0.568
2025_15_LAC_KC,2025,15,KC,0.568,1.231
2025_16_KC_TEN,2025,16,KC,1.231,-0.273
2025_17_DEN_KC,2025,17,KC,-0.273,-1.362
2025_18_KC_OAK,2025,18,KC,-1.362,0.113
2026_01_DEN_KC,2026,1,KC,0.073,1.713
1999_02_LAC_CIN,1999,2,LAC,0.0,0.117
1999_03_IND_LAC,1999,3,LAC,0.117,-2.608
1999_04_KC_LAC,1999,4,LAC,-2.608,-1.265
1999_05_LAC_DET,1999,5,LAC,-1.265,-1.494
1999_06_SEA_LAC,1999,6,LAC,-1.494,-1.012
1999_07_GB_LAC,1999,7,LAC,-1.012,-1.847
1999_08_LAC_KC,1999,8,LAC,-1.847,-3.551
1999_09_DEN_LAC,1999,9,LAC,-3.551,-2.477
1999_10_LAC_OAK,1999,10,LAC,-2.477,-6.065
1999_11_CHI_LAC,1999,11,LAC,-6.065,-8.554
1999_12_LAC_MIN,1999,12,LAC,-8.554,-11.205
1999_13_CLE_LAC,1999,13,LAC,-11.205,-9.115
1999_14_LAC_SEA,1999,14,LAC,-9.115,-10.212
1999_15_LAC_MIA,1999,15,LAC,-10.212,-10.426
1999_16_OAK_LAC,1999,16,LAC,-10.426,-9.66
1999_17_LAC_DEN,1999,17,LAC,-9.66,-8.294
2000_01_LAC_OAK,2000,1,LAC,-5.317,-4.672
2000_02_NO_LAC,2000,2,LAC,-4.672,-6.785
2000_04_SEA_LAC,2000,4,LAC,-6.785,-6.391
2000_05_LAC_LAR,2000,5,LAC,-6.391,-9.648
2000_06_DEN_LAC,2000,6,LAC,-9.648,-10.904
2000_07_LAC_BUF,2000,7,LAC,-10.904,-10.926
2000_09_OAK_LAC,2000,9,LAC,-10.926,-8.942
2000_10_LAC_SEA,2000,10,LAC,-8.942,-8.78
2000_11_MIA_LAC,2000,11,LAC,-8.78,-9.131
2000_12_LAC_DEN,2000,12,LAC,-9.131,-10.863
2000_13_KC_LAC,2000,13,LAC,-10.863,-8.276
2000_14_SF_LAC,2000,14,LAC,-8.276,-8.494
2000_15_LAC_BAL,2000,15,LAC,-8.494,-7.663
2000_16_LAC_CAR,2000,16,LAC,-7.663,-7.821
2000_17_PIT_LAC,2000,17,LAC,-7.821,-9.092
2001_01_WAS_LAC,2001,1,LAC,-5.828,-3.099
2001_02_LAC_DAL,2001,2,LAC,-3.099,-3.482
2001_03_CIN_LAC,2001,3,LAC,-3.482,-1.816
2001_04_LAC_CLE,2001,4,LAC,-1.816,-2.093
2001_05_LAC_NE,2001,5,LAC,-2.093,-4.743
2001_06_DEN_LAC,2001,6,LAC,-4.743,-3.036
2001_07_BUF_LAC,2001,7,LAC,-3.036,-5.119
2001_08_KC_LAC,2001,8,LAC,-5.119,-3.799
2001_09_LAC_DEN,2001,9,LAC,-3.799,-4.372
2001_10_LAC_OAK,2001,10,LAC,-4.372,-5.153
2001_11_ARI_LAC,2001,11,LAC,-5.153,-4.354
2001_12_LAC_SEA,2001,12,LAC,-4.354,-4.983
2001_13_LAC_PHI,2001,13,LAC,-4.983,-4.729
2001_14_OAK_LAC,2001,14,LAC,-4.729,-3.959
2001_15_LAC_KC,2001,15,LAC,-3.959,-4.846
2001_16_SEA_LAC,2001,16,LAC,-4.846,-6.392
2002_01_LAC_CIN,2002,1,LAC,-4.097,-2.877
2002_02_HOU_LAC,2002,2,LAC,-2.877,1.813
2002_03_LAC_ARI,2002,3,LAC,1.813,2.556
2002_04_NE_LAC,2002,4,LAC,2.556,0.925
2002_05_LAC_DEN,2002,5,LAC,0.925,-0.808
2002_06_KC_LAC,2002,6,LAC,-0.808,-1.313
2002_07_LAC_OAK,2002,7,LAC,-1.313,-2.919
2002_09_NYJ_LAC,2002,9,LAC,-2.919,-5.269
2002_10_LAC_LAR,2002,10,LAC,-5.269,-11.236
2002_11_SF_LAC,2002,11,LAC,-11.236,-11.627
2002_12_LAC_MIA,2002,12,LAC,-11.627,-12.463
2002_13_DEN_LAC,2002,13,LAC,-12.463,-11.442
2002_14_OAK_LAC,2002,14,LAC,-11.442,-11.042
2002_15_LAC_BUF,2002,15,LAC,-11.042,-8.453
2002_16_LAC_KC,2002,16,LAC,-8.453,-9.342
2002_17_SEA_LAC,2002,17,LAC,-9.342,-11.79
2003_01_LAC_KC,2003,1,LAC,-7.557,-7.289
2003_02_DEN_LAC,2003,2,LAC,-7.289,-8.585
2003_03_BAL_LAC,2003,3,LAC,-8.585,-7.849
2003_04_LAC_OAK,2003,4,LAC,-7.849,-8.794
2003_05_LAC_JAX,2003,5,LAC,-8.794,-10.092
2003_07_LAC_CLE,2003,7,LAC,-10.092,-7.29
2003_08_MIA_LAC,2003,8,LAC,-7.29,-8.494
2003_09_LAC_CHI,2003,9,LAC,-8.494,-8.651
2003_10_MIN_LAC,2003,10,LAC,-8.651,-10.516
2003_11_LAC_DEN,2003,11,LAC,-10.516,-11.901
2003_12_CIN_LAC,2003,12,LAC,-11.901,-13.266
2003_13_KC_LAC,2003,13,LAC,-13.266,-11.338
2003_14_LAC_DET,2003,14,LAC,-11.338,-13.074
2003_15_GB_LAC,2003,15,LAC,-13.074,-15.064
2003_16_LAC_PIT,2003,16,LAC,-15.064,-15.667
2003_17_OAK_LAC,2003,17,LAC,-15.667,-13.161
2004_01_LAC_HOU,2004,1,LAC,-8.436,-8.884
2004_02_NYJ_LAC,2004,2,LAC,-8.884,-10.55
2004_03_LAC_DEN,2004,3,LAC,-10.55,-11.94
2004_04_TEN_LAC,2004,4,LAC,-11.94,-13.694
2004_05_JAX_LAC,2004,5,LAC,-13.694,-14.454
2004_06_LAC_ATL,2004,6,LAC,-14.454,-15.372
2004_07_LAC_CAR,2004,7,LAC,-15.372,-13.421
2004_08_OAK_LAC,2004,8,LAC,-13.421,-13.156
2004_09_NO_LAC,2004,9,LAC,-13.156,-11.089
2004_11_LAC_OAK,2004,11,LAC,-11.089,-12.457
2004_12_LAC_KC,2004,12,LAC,-12.457,-11.121
2004_13_DEN_LAC,2004,13,LAC,-11.121,-7.299
2004_14_TB_LAC,2004,14,LAC,-7.299,-8.517
2004_15_LAC_CLE,2004,15,LAC,-8.517,-7.978
2004_16_LAC_IND,2004,16,LAC,-7.978,-7.138
2004_17_KC_LAC,2004,17,LAC,-7.138,-6.179
2004_18_NYJ_LAC,2004,18,LAC,-6.179,-7.31
2005_01_DAL_LAC,2005,1,LAC,-4.686,-5.934
2005_02_LAC_DEN,2005,2,LAC,-5.934,-4.842
2005_03_NYG_LAC,2005,3,LAC,-4.842,-7.014
2005_04_LAC_NE,2005,4,LAC,-7.014,-6.296
2005_05_PIT_LAC,2005,5,LAC,-6.296,-6.893
2005_06_LAC_OAK,2005,6,LAC,-6.893,-5.125
2005_07_LAC_PHI,2005,7,LAC,-5.125,-4.064
2005_08_KC_LAC,2005,8,LAC,-4.064,-5.279
2005_09_LAC_NYJ,2005,9,LAC,-5.279,-4.754
2005_11_BUF_LAC,2005,11,LAC,-4.754,-3.882
2005_12_LAC_WAS,2005,12,LAC,-3.882,-3.982
2005_13_OAK_LAC,2005,13,LAC,-3.982,-3.333
2005_14_MIA_LAC,2005,14,LAC,-3.333,-5.278
2005_15_LAC_IND,2005,15,LAC,-5.278,-3.546
2005_16_LAC_KC,2005,16,LAC,-3.546,-3.309
2005_17_DEN_LAC,2005,17,LAC,-3.309,-1.502
2006_01_LAC_OAK,2006,1,LAC,-0.963,1.776
2006_02_TEN_LAC,2006,2,LAC,1.776,3.693
2006_04_LAC_BAL,2006,4,LAC,3.693,4.551
2006_05_PIT_LAC,2006,5,LAC,4.551,6.066
2006_06_LAC_SF,2006,6,LAC,6.066,5.817
2006_07_LAC_KC,2006,7,LAC,5.817,4.528
2006_08_LAR_LAC,2006,8,LAC,4.528,3.538
2006_09_CLE_LAC,2006,9,LAC,3.538,3.515
2006_10_LAC_CIN,2006,10,LAC,3.515,0.305
2006_11_LAC_DEN,2006,11,LAC,0.305,1.629
2006_12_OAK_LAC,2006,12,LAC,1.629,3.033
2006_13_LAC_BUF,2006,13,LAC,3.033,3.225
2006_14_DEN_LAC,2006,14,LAC,3.225,2.863
2006_15_KC_LAC,2006,15,LAC,2.863,5.085
2006_16_LAC_SEA,2006,16,LAC,5.085,7.859
2006_17_ARI_LAC,2006,17,LAC,7.859,5.71
2006_19_NE_LAC,2006,19,LAC,5.71,6.942
2007_01_CHI_LAC,2007,1,LAC,4.45,5.601
2007_02_LAC_NE,2007,2,LAC,5.601,4.12
2007_03_LAC_GB,2007,3,LAC,4.12,1.749
2007_04_KC_LAC,2007,4,LAC,1.749,1.559
2007_05_LAC_DEN,2007,5,LAC,1.559,1.573
2007_06_OAK_LAC,2007,6,LAC,1.573,3.734
2007_08_HOU_LAC,2007,8,LAC,3.734,5.277
2007_09_LAC_MIN,2007,9,LAC,5.277,3.853
2007_10_IND_LAC,2007,10,LAC,3.853,6.85
2007_11_LAC_JAX,2007,11,LAC,6.85,5.578
2007_12_BAL_LAC,2007,12,LAC,5.578,5.32
2007_13_LAC_KC,2007,13,LAC,5.32,7.03
2007_14_LAC_TEN,2007,14,LAC,7.03,8.349
2007_15_DET_LAC,2007,15,LAC,8.349,9.338
2007_16_DEN_LAC,2007,16,LAC,9.338,11.635
2007_17_LAC_OAK,2007,17,LAC,11.635,11.087
2007_18_TEN_LAC,2007,18,LAC,11.087,12.205
2007_19_LAC_IND,2007,19,LAC,12.205,9.862
2007_20_LAC_NE,2007,20,LAC,9.862,11.644
2008_01_CAR_LAC,2008,1,LAC,7.464,6.966
2008_02_LAC_DEN,2008,2,LAC,6.966,4.018
2008_03_NYJ_LAC,2008,3,LAC,4.018,3.388
2008_04_LAC_OAK,2008,4,LAC,3.388,4.005
2008_05_LAC_MIA,2008,5,LAC,4.005,2.498
2008_06_NE_LAC,2008,6,LAC,2.498,2.824
2008_07_LAC_BUF,2008,7,LAC,2.824,0.41
2008_08_LAC_NO,2008,8,LAC,0.41,-0.844
2008_10_KC_LAC,2008,10,LAC,-0.844,-4.345
2008_11_LAC_PIT,2008,11,LAC,-4.345,-5.649
2008_12_IND_LAC,2008,12,LAC,-5.649,-5.463
2008_13_ATL_LAC,2008,13,LAC,-5.463,-6.198
2008_14_OAK_LAC,2008,14,LAC,-6.198,-4.664
2008_15_LAC_KC,2008,15,LAC,-4.664,-6.391
2008_16_LAC_TB,2008,16,LAC,-6.391,-6.513
2008_17_DEN_LAC,2008,17,LAC,-6.513,-6.446
2008_18_IND_LAC,2008,18,LAC,-6.446,-5.663
2008_19_LAC_PIT,2008,19,LAC,-5.663,-6.184
2009_01_LAC_OAK,2009,1,LAC,-3.964,-2.874
2009_02_BAL_LAC,2009,2,LAC,-2.874,-3.136
2009_03_MIA_LAC,2009,3,LAC,-3.136,-2.108
2009_04_LAC_PIT,2009,4,LAC,-2.108,-3.814
2009_06_DEN_LAC,2009,6,LAC,-3.814,-4.932
2009_07_LAC_KC,2009,7,LAC,-4.932,-1.61
2009_08_OAK_LAC,2009,8,LAC,-1.61,-0.233
2009_09_LAC_NYG,2009,9,LAC,-0.233,-0.5
2009_10_PHI_LAC,2009,10,LAC,-0.5,-2.291
2009_11_LAC_DEN,2009,11,LAC,-2.291,-0.865
2009_12_KC_LAC,2009,12,LAC,-0.865,-1.165
2009_13_LAC_CLE,2009,13,LAC,-1.165,-3.059
2009_14_LAC_DAL,2009,14,LAC,-3.059,-4.143
2009_15_CIN_LAC,2009,15,LAC,-4.143,-5.122
2009_16_LAC_TEN,2009,16,LAC,-5.122,-3.3
2009_17_WAS_LAC,2009,17,LAC,-3.3,-4.927
2009_19_NYJ_LAC,2009,19,LAC,-4.927,-4.027
2010_01_LAC_KC,2010,1,LAC,-2.581,-1.816
2010_02_JAX_LAC,2010,2,LAC,-1.816,0.566
2010_03_LAC_SEA,2010,3,LAC,0.566,1.129
2010_04_ARI_LAC,2010,4,LAC,1.129,3.489
2010_05_LAC_OAK,2010,5,LAC,3.489,4.569
2010_06_LAC_LAR,2010,6,LAC,4.569,3.643
2010_07_NE_LAC,2010,7,LAC,3.643,5.356
2010_08_TEN_LAC,2010,8,LAC,5.356,3.997
2010_09_LAC_HOU,2010,9,LAC,3.997,3.917
2010_11_DEN_LAC,2010,11,LAC,3.917,5.435
2010_12_LAC_IND,2010,12,LAC,5.435,6.143
2010_13_OAK_LAC,2010,13,LAC,6.143,4.558
2010_14_KC_LAC,2010,14,LAC,4.558,6.608
2010_15_SF_LAC,2010,15,LAC,6.608,8.249
2010_16_LAC_CIN,2010,16,LAC,8.249,4.801
2010_17_LAC_DEN,2010,17,LAC,4.801,3.89
2011_01_MIN_LAC,2011,1,LAC,2.494,4.165
2011_02_LAC_NE,2011,2,LAC,4.165,1.656
2011_03_KC_LAC,2011,3,LAC,1.656,0.921
2011_04_MIA_LAC,2011,4,LAC,0.921,2.211
2011_05_LAC_DEN,2011,5,LAC,2.211,4.085
2011_07_LAC_NYJ,2011,7,LAC,4.085,3.613
2011_08_LAC_KC,2011,8,LAC,3.613,4.058
2011_09_GB_LAC,2011,9,LAC,4.058,3.003
2011_10_OAK_LAC,2011,10,LAC,3.003,2.095
2011_11_LAC_CHI,2011,11,LAC,2.095,0.131
2011_12_DEN_LAC,2011,12,LAC,0.131,-0.092
2011_13_LAC_JAX,2011,13,LAC,-0.092,-0.958
2011_14_BUF_LAC,2011,14,LAC,-0.958,1.474
2011_15_BAL_LAC,2011,15,LAC,1.474,2.015
2011_16_LAC_DET,2011,16,LAC,2.015,-0.893
2011_17_LAC_OAK,2011,17,LAC,-0.893,-3.219
2012_01_LAC_OAK,2012,1,LAC,-2.063,-2.891
2012_02_TEN_LAC,2012,2,LAC,-2.891,-2.774
2012_03_ATL_LAC,2012,3,LAC,-2.774,-3.418
2012_04_LAC_KC,2012,4,LAC,-3.418,-2.603
2012_05_LAC_NO,2012,5,LAC,-2.603,-3.764
2012_06_DEN_LAC,2012,6,LAC,-3.764,-4.514
2012_08_LAC_CLE,2012,8,LAC,-4.514,-3.025
2012_09_KC_LAC,2012,9,LAC,-3.025,-3.425
2012_10_LAC_TB,2012,10,LAC,-3.425,-4.03
2012_11_LAC_DEN,2012,11,LAC,-4.03,-2.826
2012_12_BAL_LAC,2012,12,LAC,-2.826,-2.544
2012_13_CIN_LAC,2012,13,LAC,-2.544,-2.397
2012_14_LAC_PIT,2012,14,LAC,-2.397,-2.787
2012_15_CAR_LAC,2012,15,LAC,-2.787,-2.167
2012_16_LAC_NYJ,2012,16,LAC,-2.167,0.396
2013_01_HOU_LAC,2013,1,LAC,0.254,-1.451
2013_02_LAC_PHI,2013,2,LAC,-1.451,-4.166
2013_03_LAC_TEN,2013,3,LAC,-4.166,-6.94
2013_04_DAL_LAC,2013,4,LAC,-6.94,-6.919
2013_06_IND_LAC,2013,6,LAC,-6.919,-5.815
2013_07_LAC_JAX,2013,7,LAC,-5.815,-5.152
2013_09_LAC_WAS,2013,9,LAC,-5.152,-5.682
2013_10_DEN_LAC,2013,10,LAC,-5.682,-6.027
2013_11_LAC_MIA,2013,11,LAC,-6.027,-6.025
2013_12_LAC_KC,2013,12,LAC,-6.025,-6.96
2013_13_CIN_LAC,2013,13,LAC,-6.96,-6.724
2013_14_NYG_LAC,2013,14,LAC,-6.724,-6.237
2013_15_LAC_DEN,2013,15,LAC,-6.237,-5.148
2013_16_OAK_LAC,2013,16,LAC,-5.148,-4.585
2013_17_KC_LAC,2013,17,LAC,-4.585,-6.672
2013_18_LAC_CIN,2013,18,LAC,-6.672,-5.694
2013_19_LAC_DEN,2013,19,LAC,-5.694,-4.674
2014_01_LAC_ARI,2014,1,LAC,-2.996,-5.469
2014_02_SEA_LAC,2014,2,LAC,-5.469,-5.857
2014_03_LAC_BUF,2014,3,LAC,-5.857,-6.163
2014_04_JAX_LAC,2014,4,LAC,-6.163,-6.331
2014_05_NYJ_LAC,2014,5,LAC,-6.331,-4.285
2014_06_LAC_OAK,2014,6,LAC,-4.285,-5.957
2014_07_KC_LAC,2014,7,LAC,-5.957,-5.926
2014_08_LAC_DEN,2014,8,LAC,-5.926,-6.465
2014_09_LAC_MIA,2014,9,LAC,-6.465,-9.686
2014_11_OAK_LAC,2014,11,LAC,-9.686,-8.188
2014_12_LAR_LAC,2014,12,LAC,-8.188,-6.316
2014_13_LAC_BAL,2014,13,LAC,-6.316,-7.532
2014_14_NE_LAC,2014,14,LAC,-7.532,-7.179
2014_15_DEN_LAC,2014,15,LAC,-7.179,-5.942
2014_16_LAC_SF,2014,16,LAC,-5.942,-8.96
2014_17_LAC_KC,2014,17,LAC,-8.96,-8.222
2015_01_DET_LAC,2015,1,LAC,-5.27,-4.617
2015_02_LAC_CIN,2015,2,LAC,-4.617,-5.646
2015_03_LAC_MIN,2015,3,LAC,-5.646,-4.259
2015_04_CLE_LAC,2015,4,LAC,-4.259,-6.487
2015_05_PIT_LAC,2015,5,LAC,-6.487,-5.222
2015_06_LAC_GB,2015,6,LAC,-5.222,-4.306
2015_07_OAK_LAC,2015,7,LAC,-4.306,-6.439
2015_08_LAC_BAL,2015,8,LAC,-6.439,-7.233
2015_09_CHI_LAC,2015,9,LAC,-7.233,-8.015
2015_11_KC_LAC,2015,11,LAC,-8.015,-8.108
2015_12_LAC_JAX,2015,12,LAC,-8.108,-9.41
2015_13_DEN_LAC,2015,13,LAC,-9.41,-8.767
2015_14_LAC_KC,2015,14,LAC,-8.767,-8.301
2015_15_MIA_LAC,2015,15,LAC,-8.301,-7.732
2015_16_LAC_OAK,2015,16,LAC,-7.732,-6.959
2015_17_LAC_DEN,2015,17,LAC,-6.959,-6.305
2016_01_LAC_KC,2016,1,LAC,-4.042,-5.756
2016_02_JAX_LAC,2016,2,LAC,-5.756,-6.376
2016_03_LAC_IND,2016,3,LAC,-6.376,-6.866
2016_04_NO_LAC,2016,4,LAC,-6.866,-4.036
2016_05_LAC_OAK,2016,5,LAC,-4.036,-3.954
2016_06_DEN_LAC,2016,6,LAC,-3.954,-4.427
2016_07_LAC_ATL,2016,7,LAC,-4.427,-3.725
2016_08_LAC_DEN,2016,8,LAC,-3.725,-3.267
2016_09_TEN_LAC,2016,9,LAC,-3.267,-4.675
2016_10_MIA_LAC,2016,10,LAC,-4.675,-5.933
2016_12_LAC_HOU,2016,12,LAC,-5.933,-6.164
2016_13_TB_LAC,2016,13,LAC,-6.164,-5.807
2016_14_LAC_CAR,2016,14,LAC,-5.807,-3.871
2016_15_OAK_LAC,2016,15,LAC,-3.871,-2.52
2016_16_LAC_CLE,2016,16,LAC,-2.52,-1.499
2016_17_KC_LAC,2016,17,LAC,-1.499,-2.872
2017_01_LAC_DEN,2017,1,LAC,-1.841,-2.143
2017_02_MIA_LAC,2017,2,LAC,-2.143,-2.505
2017_03_KC_LAC,2017,3,LAC,-2.505,-1.447
2017_04_PHI_LAC,2017,4,LAC,-1.447,-1.609
2017_05_LAC_NYG,2017,5,LAC,-1.609,-0.046
2017_06_LAC_OAK,2017,6,LAC,-0.046,1.061
2017_07_DEN_LAC,2017,7,LAC,1.061,1.909
2017_08_LAC_NE,2017,8,LAC,1.909,1.867
2017_10_LAC_JAX,2017,10,LAC,1.867,2.892
2017_11_BUF_LAC,2017,11,LAC,2.892,6.134
2017_12_LAC_DAL,2017,12,LAC,6.134,7.132
2017_13_CLE_LAC,2017,13,LAC,7.132,6.885
2017_14_WAS_LAC,2017,14,LAC,6.885,8.514
2017_15_LAC_KC,2017,15,LAC,8.514,7.414
2017_16_LAC_NYJ,2017,16,LAC,7.414,8.101
2017_17_OAK_LAC,2017,17,LAC,8.101,8.165
2018_01_KC_LAC,2018,1,LAC,5.233,3.118
2018_02_LAC_BUF,2018,2,LAC,3.118,4.683
2018_03_LAC_LAR,2018,3,LAC,4.683,1.995
2018_04_SF_LAC,2018,4,LAC,1.995,1.004
2018_05_OAK_LAC,2018,5,LAC,1.004,1.172
2018_06_LAC_CLE,2018,6,LAC,1.172,3.373
2018_07_TEN_LAC,2018,7,LAC,3.373,2.23
2018_09_LAC_SEA,2018,9,LAC,2.23,2.263
2018_10_LAC_OAK,2018,10,LAC,2.263,2.844
2018_11_DEN_LAC,2018,11,LAC,2.844,2.973
2018_12_ARI_LAC,2018,12,LAC,2.973,3.761
2018_13_LAC_PIT,2018,13,LAC,3.761,3.924
2018_14_CIN_LAC,2018,14,LAC,3.924,2.29
2018_15_LAC_KC,2018,15,LAC,2.29,2.583
2018_16_BAL_LAC,2018,16,LAC,2.583,2.594
2018_17_LAC_DEN,2018,17,LAC,2.594,1.843
2018_18_LAC_BAL,2018,18,LAC,1.843,3.073
2018_19_LAC_NE,2018,19,LAC,3.073,1.346
2019_01_IND_LAC,2019,1,LAC,0.863,-0.078
2019_02_LAC_DET,2019,2,LAC,-0.078,-0.858
2019_03_HOU_LAC,2019,3,LAC,-0.858,-2.469
2019_04_LAC_MIA,2019,4,LAC,-2.469,-2.096
2019_05_DEN_LAC,2019,5,LAC,-2.096,-1.077
2019_06_PIT_LAC,2019,6,LAC,-1.077,-1.383
2019_07_LAC_TEN,2019,7,LAC,-1.383,-2.604
2019_08_LAC_CHI,2019,8,LAC,-2.604,-1.342
2019_09_GB_LAC,2019,9,LAC,-1.342,0.328
2019_10_LAC_OAK,2019,10,LAC,0.328,1.022
2019_11_KC_LAC,2019,11,LAC,1.022,1.902
2019_13_LAC_DEN,2019,13,LAC,1.902,1.262
2019_14_LAC_JAX,2019,14,LAC,1.262,0.782
2019_15_MIN_LAC,2019,15,LAC,0.782,1.187
2019_16_OAK_LAC,2019,16,LAC,1.187,-0.324
2019_17_LAC_KC,2019,17,LAC,-0.324,0.866
2020_01_LAC_CIN,2020,1,LAC,0.555,0.459
2020_02_KC_LAC,2020,2,LAC,0.459,-1.267
2020_03_CAR_LAC,2020,3,LAC,-1.267,-2.814
2020_04_LAC_TB,2020,4,LAC,-2.814,-4.79
2020_05_LAC_NO,2020,5,LAC,-4.79,-5.301
2020_07_JAX_LAC,2020,7,LAC,-5.301,-4.908
2020_08_LAC_DEN,2020,8,LAC,-4.908,-5.657
2020_09_OAK_LAC,2020,9,LAC,-5.657,-5.727
2020_10_LAC_MIA,2020,10,LAC,-5.727,-5.807
2020_11_NYJ_LAC,2020,11,LAC,-5.807,-6.198
2020_12_LAC_BUF,2020,12,LAC,-6.198,-5.25
2020_13_NE_LAC,2020,13,LAC,-5.25,-6.613
2020_14_ATL_LAC,2020,14,LAC,-6.613,-5.084
2020_15_LAC_OAK,2020,15,LAC,-5.084,-3.221
2020_16_DEN_LAC,2020,16,LAC,-3.221,-3.064
2020_17_LAC_KC,2020,17,LAC,-3.064,-4.736
2021_01_LAC_WAS,2021,1,LAC,-3.036,-0.679
2021_02_DAL_LAC,2021,2,LAC,-0.679,0.013
2021_03_LAC_KC,2021,3,LAC,0.013,0.414
2021_04_OAK_LAC,2021,4,LAC,0.414,1.436
2021_05_CLE_LAC,2021,5,LAC,1.436,-1.175
2021_06_LAC_BAL,2021,6,LAC,-1.175,0.66
2021_08_NE_LAC,2021,8,LAC,0.66,0.434
2021_09_LAC_PHI,2021,9,LAC,0.434,0.148
2021_10_MIN_LAC,2021,10,LAC,0.148,-0.498
2021_11_PIT_LAC,2021,11,LAC,-0.498,-2.16
2021_12_LAC_DEN,2021,12,LAC,-2.16,-2.362
2021_13_LAC_CIN,2021,13,LAC,-2.362,-0.93
2021_14_NYG_LAC,2021,14,LAC,-0.93,-1.819
2021_15_KC_LAC,2021,15,LAC,-1.819,-4.605
2021_16_LAC_HOU,2021,16,LAC,-4.605,-6.701
2021_17_DEN_LAC,2021,17,LAC,-6.701,-8.202
2021_18_LAC_OAK,2021,18,LAC,-8.202,-7.426
2022_01_OAK_LAC,2022,1,LAC,-4.76,-3.15
2022_02_LAC_KC,2022,2,LAC,-3.15,-3.33
2022_03_JAX_LAC,2022,3,LAC,-3.33,-6.341
2022_04_LAC_HOU,2022,4,LAC,-6.341,-6.299
2022_05_LAC_CLE,2022,5,LAC,-6.299,-7.321
2022_06_DEN_LAC,2022,6,LAC,-7.321,-6.665
2022_07_SEA_LAC,2022,7,LAC,-6.665,-7.127
2022_09_LAC_ATL,2022,9,LAC,-7.127,-6.302
2022_10_LAC_SF,2022,10,LAC,-6.302,-6.174
2022_11_KC_LAC,2022,11,LAC,-6.174,-7.019
2022_12_LAC_ARI,2022,12,LAC,-7.019,-7.91
2022_13_LAC_OAK,2022,13,LAC,-7.91,-8.088
2022_14_MIA_LAC,2022,14,LAC,-8.088,-6.73
2022_15_TEN_LAC,2022,15,LAC,-6.73,-5.841
2022_16_LAC_IND,2022,16,LAC,-5.841,-2.293
2022_17_LAR_LAC,2022,17,LAC,-2.293,-1.934
2022_18_LAC_DEN,2022,18,LAC,-1.934,-2.483
2022_19_LAC_JAX,2022,19,LAC,-2.483,-1.201
2023_01_MIA_LAC,2023,1,LAC,-0.77,-3.859
2023_02_LAC_TEN,2023,2,LAC,-3.859,-5.317
2023_03_LAC_MIN,2023,3,LAC,-5.317,-5.943
2023_04_OAK_LAC,2023,4,LAC,-5.943,-5.564
2023_06_DAL_LAC,2023,6,LAC,-5.564,-6.469
2023_07_LAC_KC,2023,7,LAC,-6.469,-8.446
2023_08_CHI_LAC,2023,8,LAC,-8.446,-9.451
2023_09_LAC_NYJ,2023,9,LAC,-9.451,-8.284
2023_10_DET_LAC,2023,10,LAC,-8.284,-9.964
2023_11_LAC_GB,2023,11,LAC,-9.964,-10.707
2023_12_BAL_LAC,2023,12,LAC,-10.707,-10.143
2023_13_LAC_NE,2023,13,LAC,-10.143,-7.923
2023_14_DEN_LAC,2023,14,LAC,-7.923,-8.04
2023_15_LAC_OAK,2023,15,LAC,-8.04,-10.778
2023_16_BUF_LAC,2023,16,LAC,-10.778,-11.484
2023_17_LAC_DEN,2023,17,LAC,-11.484,-11.194
2023_18_KC_LAC,2023,18,LAC,-11.194,-11.667
2024_01_OAK_LAC,2024,1,LAC,-7.478,-7.742
2024_02_LAC_CAR,2024,2,LAC,-7.742,-6.787
2024_03_LAC_PIT,2024,3,LAC,-6.787,-7.188
2024_04_KC_LAC,2024,4,LAC,-7.188,-6.292
2024_06_LAC_DEN,2024,6,LAC,-6.292,-7.045
2024_07_LAC_ARI,2024,7,LAC,-7.045,-7.639
2024_08_NO_LAC,2024,8,LAC,-7.639,-7.318
2024_09_LAC_CLE,2024,9,LAC,-7.318,-4.114
2024_10_TEN_LAC,2024,10,LAC,-4.114,-5.462
2024_11_CIN_LAC,2024,11,LAC,-5.462,-6.972
2024_12_BAL_LAC,2024,12,LAC,-6.972,-7.342
2024_13_LAC_ATL,2024,13,LAC,-7.342,-5.245
2024_14_LAC_KC,2024,14,LAC,-5.245,-4.307
2024_15_TB_LAC,2024,15,LAC,-4.307,-7.252
2024_16_DEN_LAC,2024,16,LAC,-7.252,-9.448
2024_17_LAC_NE,2024,17,LAC,-9.448,-7.728
2024_18_LAC_OAK,2024,18,LAC,-7.728,-9.3
2024_19_LAC_HOU,2024,19,LAC,-9.3,-10.259
2025_01_KC_LAC,2025,1,LAC,-6.576,-8.083
2025_02_LAC_OAK,2025,2,LAC,-8.083,-5.627
2025_03_DEN_LAC,2025,3,LAC,-5.627,-5.391
2025_04_LAC_NYG,2025,4,LAC,-5.391,-5.249
2025_05_WAS_LAC,2025,5,LAC,-5.249,-6.126
2025_06_LAC_MIA,2025,6,LAC,-6.126,-3.73
2025_07_IND_LAC,2025,7,LAC,-3.73,-5.21
2025_08_MIN_LAC,2025,8,LAC,-5.21,-3.504
2025_09_LAC_TEN,2025,9,LAC,-3.504,-2.256
2025_10_PIT_LAC,2025,10,LAC,-2.256,-0.326
2025_11_LAC_JAX,2025,11,LAC,-0.326,-0.376
2025_13_OAK_LAC,2025,13,LAC,-0.376,-0.205
2025_14_PHI_LAC,2025,14,LAC,-0.205,2.309
2025_15_LAC_KC,2025,15,LAC,2.309,3.587
2025_16_LAC_DAL,2025,16,LAC,3.587,2.454
2025_17_HOU_LAC,2025,17,LAC,2.454,2.222
2025_18_LAC_DEN,2025,18,LAC,2.222,3.99
2025_19_LAC_NE,2025,19,LAC,3.99,4.822
2026_01_ARI_LAC,2026,1,LAC,3.091,1.056
1999_03_ATL_LAR,1999,3,LAR,0.0,0.302
1999_04_LAR_CIN,1999,4,LAR,0.302,0.72
1999_05_SF_LAR,1999,5,LAR,0.72,-0.237
1999_06_LAR_ATL,1999,6,LAR,-0.237,-1.155
1999_07_CLE_LAR,1999,7,LAR,-1.155,-2.299
1999_08_LAR_TEN,1999,8,LAR,-2.299,-3.501
1999_09_LAR_DET,1999,9,LAR,-3.501,-4.001
1999_10_CAR_LAR,1999,10,LAR,-4.001,-4.363
1999_11_LAR_SF,1999,11,LAR,-4.363,-2.993
1999_12_NO_LAR,1999,12,LAR,-2.993,-3.408
1999_13_LAR_CAR,1999,13,LAR,-3.408,-3.0
1999_14_LAR_NO,1999,14,LAR,-3.0,-0.907
1999_15_NYG_LAR,1999,15,LAR,-0.907,-1.454
1999_16_CHI_LAR,1999,16,LAR,-1.454,-1.089
1999_17_LAR_PHI,1999,17,LAR,-1.089,-0.442
1999_19_MIN_LAR,1999,19,LAR,-0.442,-2.974
1999_20_TB_LAR,1999,20,LAR,-2.974,-1.459
1999_21_LAR_TEN,1999,21,LAR,-1.459,-3.306
2000_01_DEN_LAR,2000,1,LAR,-2.119,-5.338
2000_02_LAR_SEA,2000,2,LAR,-5.338,-5.453
2000_03_SF_LAR,2000,3,LAR,-5.453,-7.492
2000_04_LAR_ATL,2000,4,LAR,-7.492,-6.409
2000_05_LAC_LAR,2000,5,LAR,-6.409,-8.757
2000_07_ATL_LAR,2000,7,LAR,-8.757,-9.742
2000_08_LAR_KC,2000,8,LAR,-9.742,-10.431
2000_09_LAR_SF,2000,9,LAR,-10.431,-11.024
2000_10_CAR_LAR,2000,10,LAR,-11.024,-10.898
2000_11_LAR_NYG,2000,11,LAR,-10.898,-10.101
2000_12_WAS_LAR,2000,12,LAR,-10.101,-12.265
2000_13_NO_LAR,2000,13,LAR,-12.265,-14.584
2000_14_LAR_CAR,2000,14,LAR,-14.584,-11.845
2000_15_MIN_LAR,2000,15,LAR,-11.845,-13.52
2000_16_LAR_TB,2000,16,LAR,-13.52,-13.867
2000_17_LAR_NO,2000,17,LAR,-13.867,-14.324
2000_18_LAR_NO,2000,18,LAR,-14.324,-16.294
2001_01_LAR_PHI,2001,1,LAR,-10.444,-11.128
2001_02_LAR_SF,2001,2,LAR,-11.128,-10.44
2001_03_MIA_LAR,2001,3,LAR,-10.44,-10.917
2001_04_LAR_DET,2001,4,LAR,-10.917,-11.708
2001_05_NYG_LAR,2001,5,LAR,-11.708,-11.572
2001_06_LAR_NYJ,2001,6,LAR,-11.572,-10.755
2001_07_NO_LAR,2001,7,LAR,-10.755,-12.148
2001_09_CAR_LAR,2001,9,LAR,-12.148,-12.617
2001_10_LAR_NE,2001,10,LAR,-12.617,-12.325
2001_11_TB_LAR,2001,11,LAR,-12.325,-11.721
2001_12_LAR_ATL,2001,12,LAR,-11.721,-12.294
2001_13_SF_LAR,2001,13,LAR,-12.294,-9.884
2001_14_LAR_NO,2001,14,LAR,-9.884,-9.405
2001_15_LAR_CAR,2001,15,LAR,-9.405,-10.617
2001_16_IND_LAR,2001,16,LAR,-10.617,-9.669
2001_17_ATL_LAR,2001,17,LAR,-9.669,-8.767
2001_19_GB_LAR,2001,19,LAR,-8.767,-6.795
2001_20_PHI_LAR,2001,20,LAR,-6.795,-7.171
2001_21_LAR_NE,2001,21,LAR,-7.171,-8.302
2002_01_LAR_DEN,2002,1,LAR,-5.322,-4.809
2002_02_NYG_LAR,2002,2,LAR,-4.809,-6.839
2002_03_LAR_TB,2002,3,LAR,-6.839,-7.699
2002_04_DAL_LAR,2002,4,LAR,-7.699,-9.601
2002_05_LAR_SF,2002,5,LAR,-9.601,-10.426
2002_06_OAK_LAR,2002,6,LAR,-10.426,-9.842
2002_07_SEA_LAR,2002,7,LAR,-9.842,-8.816
2002_09_LAR_ARI,2002,9,LAR,-8.816,-8.452
2002_10_LAC_LAR,2002,10,LAR,-8.452,-8.046
2002_11_CHI_LAR,2002,11,LAR,-8.046,-7.151
2002_12_LAR_WAS,2002,12,LAR,-7.151,-8.765
2002_13_LAR_PHI,2002,13,LAR,-8.765,-8.132
2002_14_LAR_KC,2002,14,LAR,-8.132,-7.382
2002_15_ARI_LAR,2002,15,LAR,-7.382,-10.3
2002_16_LAR_SEA,2002,16,LAR,-10.3,-10.928
2002_17_SF_LAR,2002,17,LAR,-10.928,-12.134
2003_01_LAR_NYG,2003,1,LAR,-7.778,-6.576
2003_02_SF_LAR,2003,2,LAR,-6.576,-7.065
2003_03_LAR_SEA,2003,3,LAR,-7.065,-6.714
2003_04_ARI_LAR,2003,4,LAR,-6.714,-6.577
2003_06_ATL_LAR,2003,6,LAR,-6.577,-6.083
2003_07_GB_LAR,2003,7,LAR,-6.083,-8.034
2003_08_LAR_PIT,2003,8,LAR,-8.034,-6.139
2003_09_LAR_SF,2003,9,LAR,-6.139,-7.872
2003_10_BAL_LAR,2003,10,LAR,-7.872,-7.979
2003_11_LAR_CHI,2003,11,LAR,-7.979,-6.734
2003_12_LAR_ARI,2003,12,LAR,-6.734,-7.033
2003_13_MIN_LAR,2003,13,LAR,-7.033,-7.475
2003_14_LAR_CLE,2003,14,LAR,-7.475,-5.876
2003_15_SEA_LAR,2003,15,LAR,-5.876,-6.165
2003_16_CIN_LAR,2003,16,LAR,-6.165,-4.62
2003_17_LAR_DET,2003,17,LAR,-4.62,-7.216
2003_19_CAR_LAR,2003,19,LAR,-7.216,-7.825
2004_01_ARI_LAR,2004,1,LAR,-5.016,-6.204
2004_02_LAR_ATL,2004,2,LAR,-6.204,-9.178
2004_03_NO_LAR,2004,3,LAR,-9.178,-10.452
2004_04_LAR_SF,2004,4,LAR,-10.452,-11.523
2004_05_LAR_SEA,2004,5,LAR,-11.523,-11.978
2004_06_TB_LAR,2004,6,LAR,-11.978,-13.793
2004_07_LAR_MIA,2004,7,LAR,-13.793,-13.817
2004_09_NE_LAR,2004,9,LAR,-13.817,-14.538
2004_10_SEA_LAR,2004,10,LAR,-14.538,-13.65
2004_11_LAR_BUF,2004,11,LAR,-13.65,-14.475
2004_12_LAR_GB,2004,12,LAR,-14.475,-15.098
2004_13_SF_LAR,2004,13,LAR,-15.098,-13.592
2004_14_LAR_CAR,2004,14,LAR,-13.592,-12.309
2004_15_LAR_ARI,2004,15,LAR,-12.309,-15.414
2004_16_PHI_LAR,2004,16,LAR,-15.414,-14.513
2004_17_NYJ_LAR,2004,17,LAR,-14.513,-13.5
2004_18_LAR_SEA,2004,18,LAR,-13.5,-14.2
2004_19_LAR_ATL,2004,19,LAR,-14.2,-16.711
2005_01_LAR_SF,2005,1,LAR,-10.712,-11.338
2005_02_LAR_ARI,2005,2,LAR,-11.338,-10.71
2005_03_TEN_LAR,2005,3,LAR,-10.71,-11.098
2005_04_LAR_NYG,2005,4,LAR,-11.098,-13.063
2005_05_SEA_LAR,2005,5,LAR,-13.063,-14.451
2005_06_LAR_IND,2005,6,LAR,-14.451,-14.354
2005_07_NO_LAR,2005,7,LAR,-14.354,-13.95
2005_08_JAX_LAR,2005,8,LAR,-13.95,-14.698
2005_10_LAR_SEA,2005,10,LAR,-14.698,-13.706
2005_11_ARI_LAR,2005,11,LAR,-13.706,-16.491
2005_12_LAR_HOU,2005,12,LAR,-16.491,-19.299
2005_13_WAS_LAR,2005,13,LAR,-19.299,-19.86
2005_14_LAR_MIN,2005,14,LAR,-19.86,-20.012
2005_15_PHI_LAR,2005,15,LAR,-20.012,-18.292
2005_16_SF_LAR,2005,16,LAR,-18.292,-18.494
2005_17_LAR_DAL,2005,17,LAR,-18.494,-16.058
2006_01_DEN_LAR,2006,1,LAR,-10.293,-7.391
2006_02_LAR_SF,2006,2,LAR,-7.391,-8.285
2006_03_LAR_ARI,2006,3,LAR,-8.285,-8.384
2006_04_DET_LAR,2006,4,LAR,-8.384,-9.431
2006_05_LAR_GB,2006,5,LAR,-9.431,-9.186
2006_06_SEA_LAR,2006,6,LAR,-9.186,-10.709
2006_08_LAR_LAC,2006,8,LAR,-10.709,-10.772
2006_09_KC_LAR,2006,9,LAR,-10.772,-12.165
2006_10_LAR_SEA,2006,10,LAR,-12.165,-12.667
2006_11_LAR_CAR,2006,11,LAR,-12.667,-10.858
2006_12_SF_LAR,2006,12,LAR,-10.858,-10.833
2006_13_ARI_LAR,2006,13,LAR,-10.833,-11.819
2006_14_CHI_LAR,2006,14,LAR,-11.819,-14.334
2006_15_LAR_OAK,2006,15,LAR,-14.334,-12.46
2006_16_WAS_LAR,2006,16,LAR,-12.46,-13.576
2006_17_LAR_MIN,2006,17,LAR,-13.576,-14.504
2007_01_CAR_LAR,2007,1,LAR,-9.297,-11.746
2007_02_SF_LAR,2007,2,LAR,-11.746,-11.372
2007_03_LAR_TB,2007,3,LAR,-11.372,-10.303
2007_04_LAR_DAL,2007,4,LAR,-10.303,-12.555
2007_05_ARI_LAR,2007,5,LAR,-12.555,-11.646
2007_06_LAR_BAL,2007,6,LAR,-11.646,-10.598
2007_07_LAR_SEA,2007,7,LAR,-10.598,-10.04
2007_08_CLE_LAR,2007,8,LAR,-10.04,-12.538
2007_10_LAR_NO,2007,10,LAR,-12.538,-12.431
2007_11_LAR_SF,2007,11,LAR,-12.431,-10.32
2007_12_SEA_LAR,2007,12,LAR,-10.32,-9.27
2007_13_ATL_LAR,2007,13,LAR,-9.27,-8.4
2007_14_LAR_CIN,2007,14,LAR,-8.4,-6.635
2007_15_GB_LAR,2007,15,LAR,-6.635,-6.605
2007_16_PIT_LAR,2007,16,LAR,-6.605,-8.686
2007_17_LAR_ARI,2007,17,LAR,-8.686,-10.256
2008_01_LAR_PHI,2008,1,LAR,-6.574,-8.86
2008_02_NYG_LAR,2008,2,LAR,-8.86,-11.332
2008_03_LAR_SEA,2008,3,LAR,-11.332,-11.563
2008_04_BUF_LAR,2008,4,LAR,-11.563,-11.215
2008_06_LAR_WAS,2008,6,LAR,-11.215,-10.443
2008_07_DAL_LAR,2008,7,LAR,-10.443,-8.907
2008_08_LAR_NE,2008,8,LAR,-8.907,-8.928
2008_09_ARI_LAR,2008,9,LAR,-8.928,-10.587
2008_10_LAR_NYJ,2008,10,LAR,-10.587,-10.872
2008_11_LAR_SF,2008,11,LAR,-10.872,-12.792
2008_12_CHI_LAR,2008,12,LAR,-12.792,-13.398
2008_13_MIA_LAR,2008,13,LAR,-13.398,-13.532
2008_14_LAR_ARI,2008,14,LAR,-13.532,-13.54
2008_15_SEA_LAR,2008,15,LAR,-13.54,-13.777
2008_16_SF_LAR,2008,16,LAR,-13.777,-13.557
2008_17_LAR_ATL,2008,17,LAR,-13.557,-11.891
2009_01_LAR_SEA,2009,1,LAR,-7.622,-8.994
2009_02_LAR_WAS,2009,2,LAR,-8.994,-9.447
2009_03_GB_LAR,2009,3,LAR,-9.447,-11.797
2009_04_LAR_SF,2009,4,LAR,-11.797,-11.059
2009_05_MIN_LAR,2009,5,LAR,-11.059,-11.315
2009_06_LAR_JAX,2009,6,LAR,-11.315,-11.254
2009_07_IND_LAR,2009,7,LAR,-11.254,-11.98
2009_08_LAR_DET,2009,8,LAR,-11.98,-11.365
2009_10_NO_LAR,2009,10,LAR,-11.365,-10.58
2009_11_ARI_LAR,2009,11,LAR,-10.58,-11.276
2009_12_SEA_LAR,2009,12,LAR,-11.276,-11.164
2009_13_LAR_CHI,2009,13,LAR,-11.164,-9.825
2009_14_LAR_TEN,2009,14,LAR,-9.825,-10.459
2009_15_HOU_LAR,2009,15,LAR,-10.459,-11.987
2009_16_LAR_ARI,2009,16,LAR,-11.987,-13.241
2009_17_SF_LAR,2009,17,LAR,-13.241,-14.072
2010_01_ARI_LAR,2010,1,LAR,-9.02,-10.854
2010_02_LAR_OAK,2010,2,LAR,-10.854,-8.79
2010_03_WAS_LAR,2010,3,LAR,-8.79,-9.462
2010_04_SEA_LAR,2010,4,LAR,-9.462,-8.412
2010_05_LAR_DET,2010,5,LAR,-8.412,-10.751
2010_06_LAC_LAR,2010,6,LAR,-10.751,-8.782
2010_07_LAR_TB,2010,7,LAR,-8.782,-9.09
2010_08_CAR_LAR,2010,8,LAR,-9.09,-8.488
2010_10_LAR_SF,2010,10,LAR,-8.488,-9.16
2010_11_ATL_LAR,2010,11,LAR,-9.16,-10.757
2010_12_LAR_DEN,2010,12,LAR,-10.757,-11.567
2010_13_LAR_ARI,2010,13,LAR,-11.567,-10.578
2010_14_LAR_NO,2010,14,LAR,-10.578,-10.084
2010_15_KC_LAR,2010,15,LAR,-10.084,-9.218
2010_16_SF_LAR,2010,16,LAR,-9.218,-9.409
2010_17_LAR_SEA,2010,17,LAR,-9.409,-10.739
2011_01_PHI_LAR,2011,1,LAR,-6.884,-7.766
2011_02_LAR_NYG,2011,2,LAR,-7.766,-6.752
2011_03_BAL_LAR,2011,3,LAR,-6.752,-9.822
2011_04_WAS_LAR,2011,4,LAR,-9.822,-9.369
2011_06_LAR_GB,2011,6,LAR,-9.369,-9.256
2011_07_LAR_DAL,2011,7,LAR,-9.256,-8.99
2011_08_NO_LAR,2011,8,LAR,-8.99,-6.584
2011_09_LAR_ARI,2011,9,LAR,-6.584,-8.351
2011_10_LAR_CLE,2011,10,LAR,-8.351,-8.811
2011_11_SEA_LAR,2011,11,LAR,-8.811,-7.703
2011_12_ARI_LAR,2011,12,LAR,-7.703,-6.669
2011_13_LAR_SF,2011,13,LAR,-6.669,-7.574
2011_14_LAR_SEA,2011,14,LAR,-7.574,-7.939
2011_15_CIN_LAR,2011,15,LAR,-7.939,-7.678
2011_16_LAR_PIT,2011,16,LAR,-7.678,-7.612
2011_17_SF_LAR,2011,17,LAR,-7.612,-9.052
2012_01_LAR_DET,2012,1,LAR,-5.803,-5.707
2012_02_WAS_LAR,2012,2,LAR,-5.707,-9.093
2012_03_LAR_CHI,2012,3,LAR,-9.093,-8.058
2012_04_SEA_LAR,2012,4,LAR,-8.058,-7.246
2012_05_ARI_LAR,2012,5,LAR,-7.246,-5.827
2012_06_LAR_MIA,2012,6,LAR,-5.827,-6.758
2012_07_GB_LAR,2012,7,LAR,-6.758,-8.672
2012_08_NE_LAR,2012,8,LAR,-8.672,-10.101
2012_10_LAR_SF,2012,10,LAR,-10.101,-8.842
2012_11_NYJ_LAR,2012,11,LAR,-8.842,-9.877
2012_12_LAR_ARI,2012,12,LAR,-9.877,-9.57
2012_13_SF_LAR,2012,13,LAR,-9.57,-11.331
2012_14_LAR_BUF,2012,14,LAR,-11.331,-10.557
2012_15_MIN_LAR,2012,15,LAR,-10.557,-11.211
2012_16_LAR_TB,2012,16,LAR,-11.211,-8.914
2012_17_LAR_SEA,2012,17,LAR,-8.914,-9.109
2013_01_ARI_LAR,2013,1,LAR,-5.839,-6.832
2013_02_LAR_ATL,2013,2,LAR,-6.832,-8.941
2013_03_LAR_DAL,2013,3,LAR,-8.941,-10.041
2013_04_SF_LAR,2013,4,LAR,-10.041,-10.589
2013_05_JAX_LAR,2013,5,LAR,-10.589,-10.57
2013_06_LAR_HOU,2013,6,LAR,-10.57,-10.077
2013_07_LAR_CAR,2013,7,LAR,-10.077,-9.841
2013_08_SEA_LAR,2013,8,LAR,-9.841,-8.209
2013_09_TEN_LAR,2013,9,LAR,-8.209,-7.068
2013_10_LAR_IND,2013,10,LAR,-7.068,-6.643
2013_12_CHI_LAR,2013,12,LAR,-6.643,-9.898
2013_13_LAR_SF,2013,13,LAR,-9.898,-9.684
2013_14_LAR_ARI,2013,14,LAR,-9.684,-11.752
2013_15_NO_LAR,2013,15,LAR,-11.752,-11.509
2013_16_TB_LAR,2013,16,LAR,-11.509,-10.342
2013_17_LAR_SEA,2013,17,LAR,-10.342,-8.461
2014_01_MIN_LAR,2014,1,LAR,-5.423,-7.013
2014_02_LAR_TB,2014,2,LAR,-7.013,-7.257
2014_03_DAL_LAR,2014,3,LAR,-7.257,-8.61
2014_05_LAR_PHI,2014,5,LAR,-8.61,-8.972
2014_06_SF_LAR,2014,6,LAR,-8.972,-12.3
2014_07_SEA_LAR,2014,7,LAR,-12.3,-16.074
2014_08_LAR_KC,2014,8,LAR,-16.074,-16.333
2014_09_LAR_SF,2014,9,LAR,-16.333,-13.889
2014_10_LAR_ARI,2014,10,LAR,-13.889,-13.086
2014_11_DEN_LAR,2014,11,LAR,-13.086,-12.191
2014_12_LAR_LAC,2014,12,LAR,-12.191,-11.907
2014_13_OAK_LAR,2014,13,LAR,-11.907,-10.704
2014_14_LAR_WAS,2014,14,LAR,-10.704,-7.828
2014_15_ARI_LAR,2014,15,LAR,-7.828,-7.761
2014_16_NYG_LAR,2014,16,LAR,-7.761,-11.192
2014_17_LAR_SEA,2014,17,LAR,-11.192,-8.985
2015_01_SEA_LAR,2015,1,LAR,-5.759,-5.91
2015_02_LAR_WAS,2015,2,LAR,-5.91,-6.773
2015_03_PIT_LAR,2015,3,LAR,-6.773,-6.097
2015_04_LAR_ARI,2015,4,LAR,-6.097,-6.168
2015_05_LAR_GB,2015,5,LAR,-6.168,-4.972
2015_07_CLE_LAR,2015,7,LAR,-4.972,-6.433
2015_08_SF_LAR,2015,8,LAR,-6.433,-5.871
2015_09_LAR_MIN,2015,9,LAR,-5.871,-5.955
2015_10_CHI_LAR,2015,10,LAR,-5.955,-8.44
2015_11_LAR_BAL,2015,11,LAR,-8.44,-7.732
2015_12_LAR_CIN,2015,12,LAR,-7.732,-8.395
2015_13_ARI_LAR,2015,13,LAR,-8.395,-9.694
2015_14_DET_LAR,2015,14,LAR,-9.694,-9.27
2015_15_TB_LAR,2015,15,LAR,-9.27,-11.209
2015_16_LAR_SEA,2015,16,LAR,-11.209,-10.075
2015_17_LAR_SF,2015,17,LAR,-10.075,-11.11
2016_01_LAR_SF,2016,1,LAR,-7.122,-8.308
2016_02_SEA_LAR,2016,2,LAR,-8.308,-7.339
2016_03_LAR_TB,2016,3,LAR,-7.339,-8.757
2016_04_LAR_ARI,2016,4,LAR,-8.757,-8.879
2016_05_BUF_LAR,2016,5,LAR,-8.879,-8.111
2016_06_LAR_DET,2016,6,LAR,-8.111,-10.495
2016_07_NYG_LAR,2016,7,LAR,-10.495,-9.913
2016_09_CAR_LAR,2016,9,LAR,-9.913,-8.288
2016_10_LAR_NYJ,2016,10,LAR,-8.288,-7.759
2016_11_MIA_LAR,2016,11,LAR,-7.759,-7.05
2016_12_LAR_NO,2016,12,LAR,-7.05,-9.09
2016_13_LAR_NE,2016,13,LAR,-9.09,-9.015
2016_14_ATL_LAR,2016,14,LAR,-9.015,-8.38
2016_15_LAR_SEA,2016,15,LAR,-8.38,-8.662
2016_16_SF_LAR,2016,16,LAR,-8.662,-9.358
2016_17_ARI_LAR,2016,17,LAR,-9.358,-8.835
2017_01_IND_LAR,2017,1,LAR,-5.663,-3.023
2017_02_WAS_LAR,2017,2,LAR,-3.023,-2.047
2017_03_LAR_SF,2017,3,LAR,-2.047,-3.161
2017_04_LAR_DAL,2017,4,LAR,-3.161,-3.717
2017_05_SEA_LAR,2017,5,LAR,-3.717,-2.41
2017_06_LAR_JAX,2017,6,LAR,-2.41,-1.577
2017_07_ARI_LAR,2017,7,LAR,-1.577,0.47
2017_09_LAR_NYG,2017,9,LAR,0.47,0.946
2017_10_HOU_LAR,2017,10,LAR,0.946,2.173
2017_11_LAR_MIN,2017,11,LAR,2.173,-0.368
2017_12_NO_LAR,2017,12,LAR,-0.368,1.01
2017_13_LAR_ARI,2017,13,LAR,1.01,2.581
2017_14_PHI_LAR,2017,14,LAR,2.581,1.607
2017_15_LAR_SEA,2017,15,LAR,1.607,4.308
2017_16_LAR_TEN,2017,16,LAR,4.308,4.237
2017_17_SF_LAR,2017,17,LAR,4.237,3.866
2017_18_ATL_LAR,2017,18,LAR,3.866,4.73
2018_01_LAR_OAK,2018,1,LAR,3.032,3.568
2018_02_ARI_LAR,2018,2,LAR,3.568,5.527
2018_03_LAC_LAR,2018,3,LAR,5.527,5.374
2018_04_MIN_LAR,2018,4,LAR,5.374,2.912
2018_05_LAR_SEA,2018,5,LAR,2.912,2.416
2018_06_LAR_DEN,2018,6,LAR,2.416,1.648
2018_07_LAR_SF,2018,7,LAR,1.648,4.295
2018_08_GB_LAR,2018,8,LAR,4.295,4.999
2018_09_LAR_NO,2018,9,LAR,4.999,2.399
2018_10_SEA_LAR,2018,10,LAR,2.399,1.121
2018_11_KC_LAR,2018,11,LAR,1.121,-1.058
2018_13_LAR_DET,2018,13,LAR,-1.058,-0.34
2018_14_LAR_CHI,2018,14,LAR,-0.34,2.385
2018_15_PHI_LAR,2018,15,LAR,2.385,1.788
2018_16_LAR_ARI,2018,16,LAR,1.788,1.283
2018_17_SF_LAR,2018,17,LAR,1.283,1.069
2018_19_DAL_LAR,2018,19,LAR,1.069,0.79
2018_20_LAR_NO,2018,20,LAR,0.79,1.279
2018_21_NE_LAR,2018,21,LAR,1.279,1.859
2019_01_LAR_CAR,2019,1,LAR,1.192,2.623
2019_02_NO_LAR,2019,2,LAR,2.623,6.067
2019_03_LAR_CLE,2019,3,LAR,6.067,7.533
2019_04_TB_LAR,2019,4,LAR,7.533,5.134
2019_05_LAR_SEA,2019,5,LAR,5.134,3.181
2019_06_SF_LAR,2019,6,LAR,3.181,2.923
2019_07_LAR_ATL,2019,7,LAR,2.923,5.94
2019_08_CIN_LAR,2019,8,LAR,5.94,5.636
2019_10_LAR_PIT,2019,10,LAR,5.636,5.544
2019_11_CHI_LAR,2019,11,LAR,5.544,5.92
2019_12_BAL_LAR,2019,12,LAR,5.92,3.5
2019_13_LAR_ARI,2019,13,LAR,3.5,4.872
2019_14_SEA_LAR,2019,14,LAR,4.872,6.729
2019_15_LAR_DAL,2019,15,LAR,6.729,6.009
2019_16_LAR_SF,2019,16,LAR,6.009,8.256
2019_17_ARI_LAR,2019,17,LAR,8.256,8.097
2020_01_DAL_LAR,2020,1,LAR,5.19,4.519
2020_02_LAR_PHI,2020,2,LAR,4.519,4.548
2020_03_LAR_BUF,2020,3,LAR,4.548,3.067
2020_04_NYG_LAR,2020,4,LAR,3.067,3.246
2020_05_LAR_WAS,2020,5,LAR,3.246,3.57
2020_06_LAR_SF,2020,6,LAR,3.57,1.002
2020_07_CHI_LAR,2020,7,LAR,1.002,1.434
2020_08_LAR_MIA,2020,8,LAR,1.434,2.234
2020_10_SEA_LAR,2020,10,LAR,2.234,4.051
2020_11_LAR_TB,2020,11,LAR,4.051,5.816
2020_12_SF_LAR,2020,12,LAR,5.816,4.813
2020_13_LAR_ARI,2020,13,LAR,4.813,5.597
2020_14_NE_LAR,2020,14,LAR,5.597,7.181
2020_15_NYJ_LAR,2020,15,LAR,7.181,4.855
2020_16_LAR_SEA,2020,16,LAR,4.855,5.743
2020_17_ARI_LAR,2020,17,LAR,5.743,5.105
2020_18_LAR_SEA,2020,18,LAR,5.105,6.962
2020_19_LAR_GB,2020,19,LAR,6.962,6.241
2021_01_CHI_LAR,2021,1,LAR,4.001,3.683
2021_02_LAR_IND,2021,2,LAR,3.683,2.571
2021_03_TB_LAR,2021,3,LAR,2.571,-0.48
2021_04_ARI_LAR,2021,4,LAR,-0.48,-1.439
2021_05_LAR_SEA,2021,5,LAR,-1.439,0.379
2021_06_LAR_NYG,2021,6,LAR,0.379,3.435
2021_07_DET_LAR,2021,7,LAR,3.435,3.737
2021_08_LAR_HOU,2021,8,LAR,3.737,2.089
2021_09_TEN_LAR,2021,9,LAR,2.089,2.063
2021_10_LAR_SF,2021,10,LAR,2.063,1.322
2021_12_LAR_GB,2021,12,LAR,1.322,0.315
2021_13_JAX_LAR,2021,13,LAR,0.315,0.269
2021_14_LAR_ARI,2021,14,LAR,0.269,0.329
2021_15_SEA_LAR,2021,15,LAR,0.329,1.908
2021_16_LAR_MIN,2021,16,LAR,1.908,1.409
2021_17_LAR_BAL,2021,17,LAR,1.409,2.27
2021_18_SF_LAR,2021,18,LAR,2.27,1.571
2021_19_ARI_LAR,2021,19,LAR,1.571,4.434
2021_20_LAR_TB,2021,20,LAR,4.434,6.109
2021_21_SF_LAR,2021,21,LAR,6.109,4.68
2021_22_LAR_CIN,2021,22,LAR,4.68,5.159
2022_01_BUF_LAR,2022,1,LAR,3.307,0.946
2022_02_ATL_LAR,2022,2,LAR,0.946,0.949
2022_03_LAR_ARI,2022,3,LAR,0.949,0.552
2022_04_LAR_SF,2022,4,LAR,0.552,-0.928
2022_05_DAL_LAR,2022,5,LAR,-0.928,0.023
2022_06_CAR_LAR,2022,6,LAR,0.023,0.017
2022_08_SF_LAR,2022,8,LAR,0.017,-1.479
2022_09_LAR_TB,2022,9,LAR,-1.479,-0.954
2022_10_ARI_LAR,2022,10,LAR,-0.954,-2.609
2022_11_LAR_NO,2022,11,LAR,-2.609,-4.657
2022_12_LAR_KC,2022,12,LAR,-4.657,-3.991
2022_13_SEA_LAR,2022,13,LAR,-3.991,-5.328
2022_14_OAK_LAR,2022,14,LAR,-5.328,-3.598
2022_15_LAR_GB,2022,15,LAR,-3.598,-2.737
2022_16_DEN_LAR,2022,16,LAR,-2.737,-0.774
2022_17_LAR_LAC,2022,17,LAR,-0.774,-2.114
2022_18_LAR_SEA,2022,18,LAR,-2.114,-0.833
2023_01_LAR_SEA,2023,1,LAR,-0.534,-0.226
2023_02_SF_LAR,2023,2,LAR,-0.226,-1.563
2023_03_LAR_CIN,2023,3,LAR,-1.563,0.542
2023_04_LAR_IND,2023,4,LAR,0.542,-1.423
2023_05_PHI_LAR,2023,5,LAR,-1.423,-3.314
2023_06_ARI_LAR,2023,6,LAR,-3.314,-3.469
2023_07_PIT_LAR,2023,7,LAR,-3.469,-4.518
2023_08_LAR_DAL,2023,8,LAR,-4.518,-6.483
2023_09_LAR_GB,2023,9,LAR,-6.483,-6.233
2023_11_SEA_LAR,2023,11,LAR,-6.233,-6.864
2023_12_LAR_ARI,2023,12,LAR,-6.864,-6.729
2023_13_CLE_LAR,2023,13,LAR,-6.729,-6.972
2023_14_LAR_BAL,2023,14,LAR,-6.972,-7.591
2023_15_WAS_LAR,2023,15,LAR,-7.591,-6.784
2023_16_NO_LAR,2023,16,LAR,-6.784,-8.064
2023_17_LAR_NYG,2023,17,LAR,-8.064,-8.029
2023_18_LAR_SF,2023,18,LAR,-8.029,-8.04
2023_19_LAR_DET,2023,19,LAR,-8.04,-8.178
2024_01_LAR_DET,2024,1,LAR,-5.242,-4.695
2024_02_LAR_ARI,2024,2,LAR,-4.695,-7.652
2024_03_SF_LAR,2024,3,LAR,-7.652,-10.371
2024_04_LAR_CHI,2024,4,LAR,-10.371,-10.214
2024_05_GB_LAR,2024,5,LAR,-10.214,-9.858
2024_07_OAK_LAR,2024,7,LAR,-9.858,-9.201
2024_08_MIN_LAR,2024,8,LAR,-9.201,-10.307
2024_09_LAR_SEA,2024,9,LAR,-10.307,-8.262
2024_10_MIA_LAR,2024,10,LAR,-8.262,-7.73
2024_11_LAR_NE,2024,11,LAR,-7.73,-8.699
2024_12_PHI_LAR,2024,12,LAR,-8.699,-8.863
2024_13_LAR_NO,2024,13,LAR,-8.863,-9.172
2024_14_BUF_LAR,2024,14,LAR,-9.172,-13.86
2024_15_LAR_SF,2024,15,LAR,-13.86,-10.084
2024_16_LAR_NYJ,2024,16,LAR,-10.084,-10.371
2024_17_ARI_LAR,2024,17,LAR,-10.371,-9.879
2024_18_SEA_LAR,2024,18,LAR,-9.879,-12.147
2024_19_MIN_LAR,2024,19,LAR,-12.147,-9.937
2024_20_LAR_PHI,2024,20,LAR,-9.937,-8.37
2025_01_HOU_LAR,2025,1,LAR,-5.365,-5.208
2025_02_LAR_TEN,2025,2,LAR,-5.208,-3.91
2025_03_LAR_PHI,2025,3,LAR,-3.91,-4.535
2025_04_IND_LAR,2025,4,LAR,-4.535,-4.436
2025_05_SF_LAR,2025,5,LAR,-4.436,-7.023
2025_06_LAR_BAL,2025,6,LAR,-7.023,-5.321
2025_07_LAR_JAX,2025,7,LAR,-5.321,-3.451
2025_09_NO_LAR,2025,9,LAR,-3.451,-4.065
2025_10_LAR_SF,2025,10,LAR,-4.065,-6.572
2025_11_SEA_LAR,2025,11,LAR,-6.572,-5.679
2025_12_TB_LAR,2025,12,LAR,-5.679,-3.025
2025_13_LAR_CAR,2025,13,LAR,-3.025,-4.44
2025_14_LAR_ARI,2025,14,LAR,-4.44,-4.688
2025_15_DET_LAR,2025,15,LAR,-4.688,-6.251
2025_16_LAR_SEA,2025,16,LAR,-6.251,-5.231
2025_17_LAR_ATL,2025,17,LAR,-5.231,-5.137
2025_18_ARI_LAR,2025,18,LAR,-5.137,-4.949
2025_19_LAR_CAR,2025,19,LAR,-4.949,-5.273
2025_20_LAR_CHI,2025,20,LAR,-5.273,-4.958
2025_21_LAR_SEA,2025,21,LAR,-4.958,-6.736
2026_01_SF_LAR,2026,1,LAR,-4.318,-5.293
1999_01_MIA_DEN,1999,1,MIA,0.0,-2.377
1999_02_ARI_MIA,1999,2,MIA,-2.377,0.561
1999_04_BUF_MIA,1999,4,MIA,0.561,-0.263
1999_05_MIA_IND,1999,5,MIA,-0.263,-2.166
1999_06_MIA_NE,1999,6,MIA,-2.166,-1.318
1999_07_PHI_MIA,1999,7,MIA,-1.318,-0.482
1999_08_MIA_OAK,1999,8,MIA,-0.482,2.907
1999_09_TEN_MIA,1999,9,MIA,2.907,4.955
1999_10_MIA_BUF,1999,10,MIA,4.955,4.225
1999_11_NE_MIA,1999,11,MIA,4.225,7.763
1999_12_MIA_DAL,1999,12,MIA,7.763,6.951
1999_13_IND_MIA,1999,13,MIA,6.951,7.144
1999_14_MIA_NYJ,1999,14,MIA,7.144,4.884
1999_15_LAC_MIA,1999,15,MIA,4.884,6.186
1999_16_NYJ_MIA,1999,16,MIA,6.186,4.943
1999_17_MIA_WAS,1999,17,MIA,4.943,5.088
1999_18_MIA_SEA,1999,18,MIA,5.088,6.639
1999_19_MIA_JAX,1999,19,MIA,6.639,6.047
2000_01_SEA_MIA,2000,1,MIA,3.876,6.81
2000_02_MIA_MIN,2000,2,MIA,6.81,5.417
2000_03_BAL_MIA,2000,3,MIA,5.417,6.672
2000_04_NE_MIA,2000,4,MIA,6.672,7.272
2000_05_MIA_CIN,2000,5,MIA,7.272,5.848
2000_08_MIA_NYJ,2000,8,MIA,5.848,3.044
2000_09_GB_MIA,2000,9,MIA,3.044,3.486
2000_10_MIA_DET,2000,10,MIA,3.486,3.503
2000_11_MIA_LAC,2000,11,MIA,3.503,5.083
2000_12_NYJ_MIA,2000,12,MIA,5.083,6.599
2000_13_MIA_IND,2000,13,MIA,6.599,6.055
2000_14_MIA_BUF,2000,14,MIA,6.055,9.31
2000_15_TB_MIA,2000,15,MIA,9.31,9.593
2000_16_IND_MIA,2000,16,MIA,9.593,8.222
2000_17_MIA_NE,2000,17,MIA,8.222,7.099
2000_18_IND_MIA,2000,18,MIA,7.099,7.609
2000_19_MIA_OAK,2000,19,MIA,7.609,7.968
2001_01_MIA_TEN,2001,1,MIA,5.107,5.888
2001_02_OAK_MIA,2001,2,MIA,5.888,6.505
2001_03_MIA_LAR,2001,3,MIA,6.505,2.69
2001_04_NE_MIA,2001,4,MIA,2.69,3.628
2001_05_MIA_NYJ,2001,5,MIA,3.628,2.974
2001_07_MIA_SEA,2001,7,MIA,2.974,1.401
2001_08_CAR_MIA,2001,8,MIA,1.401,1.385
2001_09_MIA_IND,2001,9,MIA,1.385,1.231
2001_10_NYJ_MIA,2001,10,MIA,1.231,1.541
2001_11_MIA_BUF,2001,11,MIA,1.541,-0.115
2001_12_DEN_MIA,2001,12,MIA,-0.115,0.48
2001_13_IND_MIA,2001,13,MIA,0.48,3.124
2001_14_MIA_SF,2001,14,MIA,3.124,3.484
2001_15_MIA_NE,2001,15,MIA,3.484,3.789
2001_16_ATL_MIA,2001,16,MIA,3.789,5.049
2001_17_BUF_MIA,2001,17,MIA,5.049,4.911
2001_18_BAL_MIA,2001,18,MIA,4.911,4.101
2002_01_DET_MIA,2002,1,MIA,2.629,1.938
2002_02_MIA_IND,2002,2,MIA,1.938,1.883
2002_03_NYJ_MIA,2002,3,MIA,1.883,3.721
2002_04_MIA_KC,2002,4,MIA,3.721,-1.5
2002_05_NE_MIA,2002,5,MIA,-1.5,-0.265
2002_06_MIA_DEN,2002,6,MIA,-0.265,-0.375
2002_07_BUF_MIA,2002,7,MIA,-0.375,1.431
2002_09_MIA_GB,2002,9,MIA,1.431,2.318
2002_10_MIA_NYJ,2002,10,MIA,2.318,2.45
2002_11_BAL_MIA,2002,11,MIA,2.45,4.835
2002_12_LAC_MIA,2002,12,MIA,4.835,5.935
2002_13_MIA_BUF,2002,13,MIA,5.935,3.78
2002_14_CHI_MIA,2002,14,MIA,3.78,5.845
2002_15_OAK_MIA,2002,15,MIA,5.845,8.227
2002_16_MIA_MIN,2002,16,MIA,8.227,7.963
2002_17_MIA_NE,2002,17,MIA,7.963,7.563
2003_01_HOU_MIA,2003,1,MIA,4.848,3.01
2003_02_MIA_NYJ,2003,2,MIA,3.01,1.029
2003_03_BUF_MIA,2003,3,MIA,1.029,4.143
2003_05_MIA_NYG,2003,5,MIA,4.143,4.416
2003_06_MIA_JAX,2003,6,MIA,4.416,5.325
2003_07_NE_MIA,2003,7,MIA,5.325,2.774
2003_08_MIA_LAC,2003,8,MIA,2.774,4.943
2003_09_IND_MIA,2003,9,MIA,4.943,6.627
2003_10_MIA_TEN,2003,10,MIA,6.627,5.758
2003_11_BAL_MIA,2003,11,MIA,5.758,6.315
2003_12_WAS_MIA,2003,12,MIA,6.315,7.157
2003_13_MIA_DAL,2003,13,MIA,7.157,6.995
2003_14_MIA_NE,2003,14,MIA,6.995,8.018
2003_15_PHI_MIA,2003,15,MIA,8.018,7.843
2003_16_MIA_BUF,2003,16,MIA,7.843,9.79
2003_17_NYJ_MIA,2003,17,MIA,9.79,9.064
2004_01_TEN_MIA,2004,1,MIA,5.81,6.745
2004_02_MIA_CIN,2004,2,MIA,6.745,8.585
2004_03_PIT_MIA,2004,3,MIA,8.585,8.31
2004_04_NYJ_MIA,2004,4,MIA,8.31,9.85
2004_05_MIA_NE,2004,5,MIA,9.85,11.44
2004_06_MIA_BUF,2004,6,MIA,11.44,9.784
2004_07_LAR_MIA,2004,7,MIA,9.784,9.163
2004_08_MIA_NYJ,2004,8,MIA,9.163,7.724
2004_09_ARI_MIA,2004,9,MIA,7.724,6.463
2004_11_MIA_SEA,2004,11,MIA,6.463,7.368
2004_12_MIA_SF,2004,12,MIA,7.368,8.485
2004_13_BUF_MIA,2004,13,MIA,8.485,5.472
2004_14_MIA_DEN,2004,14,MIA,5.472,6.355
2004_15_NE_MIA,2004,15,MIA,6.355,7.901
2004_16_CLE_MIA,2004,16,MIA,7.901,7.987
2004_17_MIA_BAL,2004,17,MIA,7.987,6.796
2005_01_DEN_MIA,2005,1,MIA,4.357,5.363
2005_02_MIA_NYJ,2005,2,MIA,5.363,4.471
2005_03_CAR_MIA,2005,3,MIA,4.471,3.937
2005_05_MIA_BUF,2005,5,MIA,3.937,3.354
2005_06_MIA_TB,2005,6,MIA,3.354,2.916
2005_07_KC_MIA,2005,7,MIA,2.916,2.821
2005_08_MIA_NO,2005,8,MIA,2.821,5.201
2005_09_ATL_MIA,2005,9,MIA,5.201,4.352
2005_10_NE_MIA,2005,10,MIA,4.352,4.825
2005_11_MIA_CLE,2005,11,MIA,4.825,4.049
2005_12_MIA_OAK,2005,12,MIA,4.049,5.631
2005_13_BUF_MIA,2005,13,MIA,5.631,4.192
2005_14_MIA_LAC,2005,14,MIA,4.192,3.007
2005_15_NYJ_MIA,2005,15,MIA,3.007,1.237
2005_16_TEN_MIA,2005,16,MIA,1.237,3.873
2005_17_MIA_NE,2005,17,MIA,3.873,2.32
2006_01_MIA_PIT,2006,1,MIA,1.487,0.369
2006_02_BUF_MIA,2006,2,MIA,0.369,0.21
2006_03_TEN_MIA,2006,3,MIA,0.21,0.114
2006_04_MIA_HOU,2006,4,MIA,0.114,-0.463
2006_05_MIA_NE,2006,5,MIA,-0.463,0.084
2006_06_MIA_NYJ,2006,6,MIA,0.084,-0.41
2006_07_GB_MIA,2006,7,MIA,-0.41,-0.785
2006_09_MIA_CHI,2006,9,MIA,-0.785,1.896
2006_10_KC_MIA,2006,10,MIA,1.896,3.401
2006_11_MIN_MIA,2006,11,MIA,3.401,3.781
2006_12_MIA_DET,2006,12,MIA,3.781,5.021
2006_13_JAX_MIA,2006,13,MIA,5.021,3.743
2006_14_NE_MIA,2006,14,MIA,3.743,6.037
2006_15_MIA_BUF,2006,15,MIA,6.037,4.204
2006_16_NYJ_MIA,2006,16,MIA,4.204,3.2
2006_17_MIA_IND,2006,17,MIA,3.2,1.383
2007_01_MIA_WAS,2007,1,MIA,0.887,1.439
2007_02_DAL_MIA,2007,2,MIA,1.439,0.602
2007_03_MIA_NYJ,2007,3,MIA,0.602,-0.205
2007_04_OAK_MIA,2007,4,MIA,-0.205,-1.625
2007_05_MIA_HOU,2007,5,MIA,-1.625,-2.301
2007_06_MIA_CLE,2007,6,MIA,-2.301,-5.391
2007_07_NE_MIA,2007,7,MIA,-5.391,-8.471
2007_08_NYG_MIA,2007,8,MIA,-8.471,-7.603
2007_10_BUF_MIA,2007,10,MIA,-7.603,-6.069
2007_11_MIA_PHI,2007,11,MIA,-6.069,-3.549
2007_12_MIA_PIT,2007,12,MIA,-3.549,-1.906
2007_13_NYJ_MIA,2007,13,MIA,-1.906,-1.563
2007_14_MIA_BUF,2007,14,MIA,-1.563,-3.411
2007_15_BAL_MIA,2007,15,MIA,-3.411,-2.623
2007_16_MIA_NE,2007,16,MIA,-2.623,-0.297
2007_17_CIN_MIA,2007,17,MIA,-0.297,-2.497
2008_01_NYJ_MIA,2008,1,MIA,-1.601,-1.679
2008_02_MIA_ARI,2008,2,MIA,-1.679,-4.985
2008_03_MIA_NE,2008,3,MIA,-4.985,-4.222
2008_05_LAC_MIA,2008,5,MIA,-4.222,-3.271
2008_06_MIA_HOU,2008,6,MIA,-3.271,-5.073
2008_07_BAL_MIA,2008,7,MIA,-5.073,-6.015
2008_08_BUF_MIA,2008,8,MIA,-6.015,-5.411
2008_09_MIA_DEN,2008,9,MIA,-5.411,-4.233
2008_10_SEA_MIA,2008,10,MIA,-4.233,-4.337
2008_11_OAK_MIA,2008,11,MIA,-4.337,-3.885
2008_12_NE_MIA,2008,12,MIA,-3.885,-7.426
2008_13_MIA_LAR,2008,13,MIA,-7.426,-6.126
2008_14_MIA_BUF,2008,14,MIA,-6.126,-5.637
2008_15_SF_MIA,2008,15,MIA,-5.637,-5.643
2008_16_MIA_KC,2008,16,MIA,-5.643,-6.987
2008_17_MIA_NYJ,2008,17,MIA,-6.987,-5.795
2008_18_BAL_MIA,2008,18,MIA,-5.795,-5.638
2009_01_MIA_ATL,2009,1,MIA,-3.614,-4.71
2009_02_IND_MIA,2009,2,MIA,-4.71,-4.725
2009_03_MIA_LAC,2009,3,MIA,-4.725,-4.97
2009_04_BUF_MIA,2009,4,MIA,-4.97,-1.947
2009_05_NYJ_MIA,2009,5,MIA,-1.947,-2.071
2009_07_NO_MIA,2009,7,MIA,-2.071,0.281
2009_08_MIA_NYJ,2009,8,MIA,0.281,-1.687
2009_09_MIA_NE,2009,9,MIA,-1.687,-1.26
2009_10_TB_MIA,2009,10,MIA,-1.26,-1.104
2009_11_MIA_CAR,2009,11,MIA,-1.104,0.133
2009_12_MIA_BUF,2009,12,MIA,0.133,-0.952
2009_13_NE_MIA,2009,13,MIA,-0.952,-0.966
2009_14_MIA_JAX,2009,14,MIA,-0.966,0.451
2009_15_MIA_TEN,2009,15,MIA,0.451,-0.087
2009_16_HOU_MIA,2009,16,MIA,-0.087,0.379
2009_17_PIT_MIA,2009,17,MIA,0.379,-0.591
2010_01_MIA_BUF,2010,1,MIA,-0.379,0.141
2010_02_MIA_MIN,2010,2,MIA,0.141,1.626
2010_03_NYJ_MIA,2010,3,MIA,1.626,-0.32
2010_04_NE_MIA,2010,4,MIA,-0.32,0.627
2010_06_MIA_GB,2010,6,MIA,0.627,1.486
2010_07_PIT_MIA,2010,7,MIA,1.486,0.465
2010_08_MIA_CIN,2010,8,MIA,0.465,1.125
2010_09_MIA_BAL,2010,9,MIA,1.125,0.19
2010_10_TEN_MIA,2010,10,MIA,0.19,1.285
2010_11_CHI_MIA,2010,11,MIA,1.285,2.124
2010_12_MIA_OAK,2010,12,MIA,2.124,2.111
2010_13_CLE_MIA,2010,13,MIA,2.111,1.248
2010_14_MIA_NYJ,2010,14,MIA,1.248,3.812
2010_15_BUF_MIA,2010,15,MIA,3.812,3.157
2010_16_DET_MIA,2010,16,MIA,3.157,2.557
2010_17_MIA_NE,2010,17,MIA,2.557,2.657
2011_01_NE_MIA,2011,1,MIA,1.703,-1.353
2011_02_HOU_MIA,2011,2,MIA,-1.353,-1.529
2011_03_MIA_CLE,2011,3,MIA,-1.529,-1.616
2011_04_MIA_LAC,2011,4,MIA,-1.616,-2.378
2011_06_MIA_NYJ,2011,6,MIA,-2.378,-3.322
2011_07_DEN_MIA,2011,7,MIA,-3.322,-2.802
2011_08_MIA_NYG,2011,8,MIA,-2.802,-4.494
2011_09_MIA_KC,2011,9,MIA,-4.494,-3.686
2011_10_WAS_MIA,2011,10,MIA,-3.686,-3.004
2011_11_BUF_MIA,2011,11,MIA,-3.004,-0.982
2011_12_MIA_DAL,2011,12,MIA,-0.982,-0.794
2011_13_OAK_MIA,2011,13,MIA,-0.794,-0.735
2011_14_PHI_MIA,2011,14,MIA,-0.735,1.381
2011_15_MIA_BUF,2011,15,MIA,1.381,1.485
2011_16_MIA_NE,2011,16,MIA,1.485,1.5
2011_17_NYJ_MIA,2011,17,MIA,1.5,2.029
2012_01_MIA_HOU,2012,1,MIA,1.301,0.617
2012_02_OAK_MIA,2012,2,MIA,0.617,0.078
2012_03_NYJ_MIA,2012,3,MIA,0.078,0.684
2012_04_MIA_ARI,2012,4,MIA,0.684,0.751
2012_05_MIA_CIN,2012,5,MIA,0.751,1.702
2012_06_LAR_MIA,2012,6,MIA,1.702,-0.574
2012_08_MIA_NYJ,2012,8,MIA,-0.574,-0.047
2012_09_MIA_IND,2012,9,MIA,-0.047,-3.468
2012_10_TEN_MIA,2012,10,MIA,-3.468,-3.817
2012_11_MIA_BUF,2012,11,MIA,-3.817,-2.7
2012_12_SEA_MIA,2012,12,MIA,-2.7,-4.639
2012_13_NE_MIA,2012,13,MIA,-4.639,-2.162
2012_14_MIA_SF,2012,14,MIA,-2.162,-2.958
2012_15_JAX_MIA,2012,15,MIA,-2.958,-3.248
2012_16_BUF_MIA,2012,16,MIA,-3.248,-2.935
2012_17_MIA_NE,2012,17,MIA,-2.935,-3.335
2013_01_MIA_CLE,2013,1,MIA,-2.137,0.539
2013_02_MIA_IND,2013,2,MIA,0.539,-0.72
2013_03_ATL_MIA,2013,3,MIA,-0.72,0.026
2013_04_MIA_NO,2013,4,MIA,0.026,-2.989
2013_05_BAL_MIA,2013,5,MIA,-2.989,-2.61
2013_07_BUF_MIA,2013,7,MIA,-2.61,-1.974
2013_08_MIA_NE,2013,8,MIA,-1.974,-0.195
2013_09_CIN_MIA,2013,9,MIA,-0.195,2.108
2013_10_MIA_TB,2013,10,MIA,2.108,3.258
2013_11_LAC_MIA,2013,11,MIA,3.258,3.689
2013_12_CAR_MIA,2013,12,MIA,3.689,4.135
2013_13_MIA_NYJ,2013,13,MIA,4.135,5.164
2013_14_MIA_PIT,2013,14,MIA,5.164,3.698
2013_15_NE_MIA,2013,15,MIA,3.698,2.673
2013_16_MIA_BUF,2013,16,MIA,2.673,2.615
2013_17_NYJ_MIA,2013,17,MIA,2.615,0.401
2014_01_NE_MIA,2014,1,MIA,0.257,2.086
2014_02_MIA_BUF,2014,2,MIA,2.086,1.324
2014_03_KC_MIA,2014,3,MIA,1.324,0.842
2014_04_MIA_OAK,2014,4,MIA,0.842,0.978
2014_06_GB_MIA,2014,6,MIA,0.978,0.544
2014_07_MIA_CHI,2014,7,MIA,0.544,1.914
2014_08_MIA_JAX,2014,8,MIA,1.914,2.623
2014_09_LAC_MIA,2014,9,MIA,2.623,6.301
2014_10_MIA_DET,2014,10,MIA,6.301,5.407
2014_11_BUF_MIA,2014,11,MIA,5.407,6.275
2014_12_MIA_DEN,2014,12,MIA,6.275,5.042
2014_13_MIA_NYJ,2014,13,MIA,5.042,6.052
2014_14_BAL_MIA,2014,14,MIA,6.052,4.199
2014_15_MIA_NE,2014,15,MIA,4.199,3.926
2014_16_MIN_MIA,2014,16,MIA,3.926,3.386
2014_17_NYJ_MIA,2014,17,MIA,3.386,-0.601
2015_01_MIA_WAS,2015,1,MIA,-0.385,0.074
2015_02_MIA_JAX,2015,2,MIA,0.074,-2.3
2015_03_BUF_MIA,2015,3,MIA,-2.3,-5.265
2015_04_NYJ_MIA,2015,4,MIA,-5.265,-5.024
2015_06_MIA_TEN,2015,6,MIA,-5.024,-3.064
2015_07_HOU_MIA,2015,7,MIA,-3.064,-2.606
2015_08_MIA_NE,2015,8,MIA,-2.606,-3.762
2015_09_MIA_BUF,2015,9,MIA,-3.762,-4.313
2015_10_MIA_PHI,2015,10,MIA,-4.313,-4.164
2015_11_DAL_MIA,2015,11,MIA,-4.164,-2.656
2015_12_MIA_NYJ,2015,12,MIA,-2.656,-4.529
2015_13_BAL_MIA,2015,13,MIA,-4.529,-4.165
2015_14_NYG_MIA,2015,14,MIA,-4.165,-7.365
2015_15_MIA_LAC,2015,15,MIA,-7.365,-8.053
2015_16_IND_MIA,2015,16,MIA,-8.053,-6.94
2015_17_NE_MIA,2015,17,MIA,-6.94,-4.387
2016_01_MIA_SEA,2016,1,MIA,-2.812,-1.698
2016_02_MIA_NE,2016,2,MIA,-1.698,-3.912
2016_03_CLE_MIA,2016,3,MIA,-3.912,-3.994
2016_04_MIA_CIN,2016,4,MIA,-3.994,-4.225
2016_05_TEN_MIA,2016,5,MIA,-4.225,-7.282
2016_06_PIT_MIA,2016,6,MIA,-7.282,-4.89
2016_07_BUF_MIA,2016,7,MIA,-4.89,-4.559
2016_09_NYJ_MIA,2016,9,MIA,-4.559,-3.44
2016_10_MIA_LAC,2016,10,MIA,-3.44,-1.671
2016_11_MIA_LAR,2016,11,MIA,-1.671,-0.726
2016_12_SF_MIA,2016,12,MIA,-0.726,-3.913
2016_13_MIA_BAL,2016,13,MIA,-3.913,-7.177
2016_14_ARI_MIA,2016,14,MIA,-7.177,-4.739
2016_15_MIA_NYJ,2016,15,MIA,-4.739,-3.686
2016_16_MIA_BUF,2016,16,MIA,-3.686,-6.429
2016_17_NE_MIA,2016,17,MIA,-6.429,-7.762
2016_18_MIA_PIT,2016,18,MIA,-7.762,-7.271
2017_02_MIA_LAC,2017,2,MIA,-4.661,-6.095
2017_03_MIA_NYJ,2017,3,MIA,-6.095,-6.739
2017_04_NO_MIA,2017,4,MIA,-6.739,-6.377
2017_05_TEN_MIA,2017,5,MIA,-6.377,-5.14
2017_06_MIA_ATL,2017,6,MIA,-5.14,-4.967
2017_07_NYJ_MIA,2017,7,MIA,-4.967,-5.697
2017_08_MIA_BAL,2017,8,MIA,-5.697,-5.793
2017_09_OAK_MIA,2017,9,MIA,-5.793,-5.593
2017_10_MIA_CAR,2017,10,MIA,-5.593,-9.252
2017_11_TB_MIA,2017,11,MIA,-9.252,-9.955
2017_12_MIA_NE,2017,12,MIA,-9.955,-9.41
2017_13_DEN_MIA,2017,13,MIA,-9.41,-6.643
2017_14_NE_MIA,2017,14,MIA,-6.643,-4.032
2017_15_MIA_BUF,2017,15,MIA,-4.032,-5.451
2017_16_MIA_KC,2017,16,MIA,-5.451,-5.956
2017_17_BUF_MIA,2017,17,MIA,-5.956,-6.009
2018_01_TEN_MIA,2018,1,MIA,-3.852,-1.891
2018_02_MIA_NYJ,2018,2,MIA,-1.891,-1.435
2018_03_OAK_MIA,2018,3,MIA,-1.435,-0.952
2018_04_MIA_NE,2018,4,MIA,-0.952,-1.049
2018_05_MIA_CIN,2018,5,MIA,-1.049,-0.515
2018_06_CHI_MIA,2018,6,MIA,-0.515,-2.397
2018_07_DET_MIA,2018,7,MIA,-2.397,-2.676
2018_08_MIA_HOU,2018,8,MIA,-2.676,-6.179
2018_09_NYJ_MIA,2018,9,MIA,-6.179,-3.218
2018_10_MIA_GB,2018,10,MIA,-3.218,-2.901
2018_12_MIA_IND,2018,12,MIA,-2.901,-4.263
2018_13_BUF_MIA,2018,13,MIA,-4.263,-6.451
2018_14_NE_MIA,2018,14,MIA,-6.451,-7.409
2018_15_MIA_MIN,2018,15,MIA,-7.409,-7.151
2018_16_JAX_MIA,2018,16,MIA,-7.151,-5.616
2018_17_MIA_BUF,2018,17,MIA,-5.616,-9.365
2019_01_BAL_MIA,2019,1,MIA,-6.003,-9.207
2019_02_NE_MIA,2019,2,MIA,-9.207,-9.391
2019_03_MIA_DAL,2019,3,MIA,-9.391,-9.593
2019_04_LAC_MIA,2019,4,MIA,-9.593,-11.048
2019_06_WAS_MIA,2019,6,MIA,-11.048,-10.989
2019_07_MIA_BUF,2019,7,MIA,-10.989,-11.354
2019_08_MIA_PIT,2019,8,MIA,-11.354,-10.931
2019_09_NYJ_MIA,2019,9,MIA,-10.931,-11.073
2019_10_MIA_IND,2019,10,MIA,-11.073,-9.349
2019_11_BUF_MIA,2019,11,MIA,-9.349,-12.31
2019_12_MIA_CLE,2019,12,MIA,-12.31,-13.737
2019_13_PHI_MIA,2019,13,MIA,-13.737,-13.925
2019_14_MIA_NYJ,2019,14,MIA,-13.925,-13.865
2019_15_MIA_NYG,2019,15,MIA,-13.865,-13.382
2019_16_CIN_MIA,2019,16,MIA,-13.382,-15.137
2019_17_MIA_NE,2019,17,MIA,-15.137,-14.067
2020_01_MIA_NE,2020,1,MIA,-9.017,-10.086
2020_02_BUF_MIA,2020,2,MIA,-10.086,-12.694
2020_03_MIA_JAX,2020,3,MIA,-12.694,-11.998
2020_04_SEA_MIA,2020,4,MIA,-11.998,-11.838
2020_05_MIA_SF,2020,5,MIA,-11.838,-7.953
2020_06_NYJ_MIA,2020,6,MIA,-7.953,-5.523
2020_08_LAR_MIA,2020,8,MIA,-5.523,-4.15
2020_09_MIA_ARI,2020,9,MIA,-4.15,-8.229
2020_10_LAC_MIA,2020,10,MIA,-8.229,-7.285
2020_11_MIA_DEN,2020,11,MIA,-7.285,-7.663
2020_12_MIA_NYJ,2020,12,MIA,-7.663,-5.851
2020_13_CIN_MIA,2020,13,MIA,-5.851,-4.259
2020_14_KC_MIA,2020,14,MIA,-4.259,-2.249
2020_15_NE_MIA,2020,15,MIA,-2.249,-1.672
2020_16_MIA_OAK,2020,16,MIA,-1.672,-2.593
2020_17_MIA_BUF,2020,17,MIA,-2.593,-1.708
2021_01_MIA_NE,2021,1,MIA,-1.095,-2.709
2021_02_BUF_MIA,2021,2,MIA,-2.709,-1.31
2021_03_MIA_OAK,2021,3,MIA,-1.31,-1.785
2021_04_IND_MIA,2021,4,MIA,-1.785,-2.923
2021_05_MIA_TB,2021,5,MIA,-2.923,-5.617
2021_06_MIA_JAX,2021,6,MIA,-5.617,-6.3
2021_07_ATL_MIA,2021,7,MIA,-6.3,-5.83
2021_08_MIA_BUF,2021,8,MIA,-5.83,-7.232
2021_09_HOU_MIA,2021,9,MIA,-7.232,-4.583
2021_10_BAL_MIA,2021,10,MIA,-4.583,-2.712
2021_11_MIA_NYJ,2021,11,MIA,-2.712,-3.467
2021_12_CAR_MIA,2021,12,MIA,-3.467,-0.115
2021_13_NYG_MIA,2021,13,MIA,-0.115,1.715
2021_15_NYJ_MIA,2021,15,MIA,1.715,2.469
2021_16_MIA_NO,2021,16,MIA,2.469,5.159
2021_17_MIA_TEN,2021,17,MIA,5.159,4.761
2021_18_NE_MIA,2021,18,MIA,4.761,4.863
2022_01_NE_MIA,2022,1,MIA,3.117,2.661
2022_02_MIA_BAL,2022,2,MIA,2.661,-3.307
2022_03_BUF_MIA,2022,3,MIA,-3.307,-4.728
2022_04_MIA_CIN,2022,4,MIA,-4.728,-6.201
2022_05_MIA_NYJ,2022,5,MIA,-6.201,-7.312
2022_06_MIN_MIA,2022,6,MIA,-7.312,-6.633
2022_07_PIT_MIA,2022,7,MIA,-6.633,-7.136
2022_08_MIA_DET,2022,8,MIA,-7.136,-8.701
2022_09_MIA_CHI,2022,9,MIA,-8.701,-12.455
2022_10_CLE_MIA,2022,10,MIA,-12.455,-11.802
2022_12_HOU_MIA,2022,12,MIA,-11.802,-10.183
2022_13_MIA_SF,2022,13,MIA,-10.183,-7.591
2022_14_MIA_LAC,2022,14,MIA,-7.591,-8.659
2022_15_MIA_BUF,2022,15,MIA,-8.659,-10.079
2022_16_GB_MIA,2022,16,MIA,-10.079,-9.026
2022_17_MIA_NE,2022,17,MIA,-9.026,-8.438
2022_18_NYJ_MIA,2022,18,MIA,-8.438,-7.246
2022_19_MIA_BUF,2022,19,MIA,-7.246,-4.95
2023_01_MIA_LAC,2023,1,MIA,-3.173,-4.031
2023_02_MIA_NE,2023,2,MIA,-4.031,-4.573
2023_03_DEN_MIA,2023,3,MIA,-4.573,-4.087
2023_04_MIA_BUF,2023,4,MIA,-4.087,-6.222
2023_05_NYG_MIA,2023,5,MIA,-6.222,-4.036
2023_06_CAR_MIA,2023,6,MIA,-4.036,-3.47
2023_07_MIA_PHI,2023,7,MIA,-3.47,-3.466
2023_08_NE_MIA,2023,8,MIA,-3.466,-2.6
2023_09_MIA_KC,2023,9,MIA,-2.6,-2.489
2023_11_OAK_MIA,2023,11,MIA,-2.489,-1.575
2023_12_MIA_NYJ,2023,12,MIA,-1.575,0.275
2023_13_MIA_WAS,2023,13,MIA,0.275,1.165
2023_14_TEN_MIA,2023,14,MIA,1.165,-0.319
2023_15_NYJ_MIA,2023,15,MIA,-0.319,1.819
2023_16_DAL_MIA,2023,16,MIA,1.819,2.508
2023_17_MIA_BAL,2023,17,MIA,2.508,-0.52
2023_18_BUF_MIA,2023,18,MIA,-0.52,-1.117
2023_19_MIA_KC,2023,19,MIA,-1.117,-2.464
2024_01_JAX_MIA,2024,1,MIA,-1.579,-0.221
2024_02_BUF_MIA,2024,2,MIA,-0.221,1.127
2024_03_MIA_SEA,2024,3,MIA,1.127,1.922
2024_04_TEN_MIA,2024,4,MIA,1.922,3.016
2024_05_MIA_NE,2024,5,MIA,3.016,3.905
2024_07_MIA_IND,2024,7,MIA,3.905,3.456
2024_08_ARI_MIA,2024,8,MIA,3.456,1.885
2024_09_MIA_BUF,2024,9,MIA,1.885,2.139
2024_10_MIA_LAR,2024,10,MIA,2.139,2.328
2024_11_OAK_MIA,2024,11,MIA,2.328,1.473
2024_12_NE_MIA,2024,12,MIA,1.473,2.338
2024_13_MIA_GB,2024,13,MIA,2.338,0.72
2024_14_NYJ_MIA,2024,14,MIA,0.72,-0.129
2024_15_MIA_HOU,2024,15,MIA,-0.129,0.054
2024_16_SF_MIA,2024,16,MIA,0.054,-0.514
2024_17_MIA_CLE,2024,17,MIA,-0.514,-0.087
2024_18_MIA_NYJ,2024,18,MIA,-0.087,-0.818
2025_01_MIA_IND,2025,1,MIA,-0.524,-4.149
2025_02_NE_MIA,2025,2,MIA,-4.149,-5.601
2025_03_MIA_BUF,2025,3,MIA,-5.601,-5.673
2025_04_NYJ_MIA,2025,4,MIA,-5.673,-7.895
2025_05_MIA_CAR,2025,5,MIA,-7.895,-7.034
2025_06_LAC_MIA,2025,6,MIA,-7.034,-7.793
2025_07_MIA_CLE,2025,7,MIA,-7.793,-7.592
2025_08_MIA_ATL,2025,8,MIA,-7.592,-7.058
2025_09_BAL_MIA,2025,9,MIA,-7.058,-7.233
2025_10_BUF_MIA,2025,10,MIA,-7.233,-6.825
2025_11_WAS_MIA,2025,11,MIA,-6.825,-8.057
2025_13_NO_MIA,2025,13,MIA,-8.057,-7.945
2025_14_MIA_NYJ,2025,14,MIA,-7.945,-5.489
2025_15_MIA_PIT,2025,15,MIA,-5.489,-6.346
2025_16_CIN_MIA,2025,16,MIA,-6.346,-8.172
2025_17_TB_MIA,2025,17,MIA,-8.172,-8.663
2025_18_MIA_NE,2025,18,MIA,-8.663,-8.965
2026_01_MIA_OAK,2026,1,MIA,-5.746,-5.537
1999_01_MIN_ATL,1999,1,MIN,0.0,-2.58
1999_02_OAK_MIN,1999,2,MIN,-2.58,-6.791
1999_03_MIN_GB,1999,3,MIN,-6.791,-8.539
1999_04_TB_MIN,1999,4,MIN,-8.539,-10.656
1999_05_CHI_MIN,1999,5,MIN,-10.656,-13.366
1999_06_MIN_DET,1999,6,MIN,-13.366,-13.435
1999_07_SF_MIN,1999,7,MIN,-13.435,-13.133
1999_08_MIN_DEN,1999,8,MIN,-13.133,-12.584
1999_09_DAL_MIN,1999,9,MIN,-12.584,-12.298
1999_10_MIN_CHI,1999,10,MIN,-12.298,-15.562
1999_12_LAC_MIN,1999,12,MIN,-15.562,-18.533
1999_13_MIN_TB,1999,13,MIN,-18.533,-17.799
1999_14_MIN_KC,1999,14,MIN,-17.799,-18.442
1999_15_GB_MIN,1999,15,MIN,-18.442,-17.165
1999_16_MIN_NYG,1999,16,MIN,-17.165,-16.454
1999_17_DET_MIN,1999,17,MIN,-16.454,-17.078
1999_18_DAL_MIN,1999,18,MIN,-17.078,-17.441
1999_19_MIN_LAR,1999,19,MIN,-17.441,-20.613
2000_01_CHI_MIN,2000,1,MIN,-13.213,-17.88
2000_02_MIA_MIN,2000,2,MIN,-17.88,-17.555
2000_03_MIN_NE,2000,3,MIN,-17.555,-17.311
2000_05_MIN_DET,2000,5,MIN,-17.311,-18.396
2000_06_TB_MIN,2000,6,MIN,-18.396,-20.869
2000_07_MIN_CHI,2000,7,MIN,-20.869,-20.997
2000_08_BUF_MIN,2000,8,MIN,-20.997,-23.337
2000_09_MIN_TB,2000,9,MIN,-23.337,-25.437
2000_10_MIN_GB,2000,10,MIN,-25.437,-25.049
2000_11_ARI_MIN,2000,11,MIN,-25.049,-25.959
2000_12_CAR_MIN,2000,12,MIN,-25.959,-25.053
2000_13_MIN_DAL,2000,13,MIN,-25.053,-26.014
2000_14_DET_MIN,2000,14,MIN,-26.014,-25.174
2000_15_MIN_LAR,2000,15,MIN,-25.174,-26.602
2000_16_GB_MIN,2000,16,MIN,-26.602,-28.897
2000_17_MIN_IND,2000,17,MIN,-28.897,-30.214
2000_19_NO_MIN,2000,19,MIN,-30.214,-30.922
2000_20_MIN_NYG,2000,20,MIN,-30.922,-33.121
2001_01_CAR_MIN,2001,1,MIN,-21.23,-22.295
2001_02_MIN_CHI,2001,2,MIN,-22.295,-20.777
2001_03_TB_MIN,2001,3,MIN,-20.777,-21.152
2001_04_MIN_NO,2001,4,MIN,-21.152,-21.063
2001_05_DET_MIN,2001,5,MIN,-21.063,-24.161
2001_06_GB_MIN,2001,6,MIN,-24.161,-23.895
2001_07_MIN_TB,2001,7,MIN,-23.895,-24.862
2001_09_MIN_PHI,2001,9,MIN,-24.862,-26.853
2001_10_NYG_MIN,2001,10,MIN,-26.853,-25.921
2001_11_CHI_MIN,2001,11,MIN,-25.921,-25.092
2001_12_MIN_PIT,2001,12,MIN,-25.092,-23.42
2001_13_TEN_MIN,2001,13,MIN,-23.42,-24.767
2001_14_MIN_DET,2001,14,MIN,-24.767,-26.105
2001_15_JAX_MIN,2001,15,MIN,-26.105,-27.226
2001_16_MIN_GB,2001,16,MIN,-27.226,-25.687
2001_17_MIN_BAL,2001,17,MIN,-25.687,-23.772
2002_01_MIN_CHI,2002,1,MIN,-15.238,-16.088
2002_02_BUF_MIN,2002,2,MIN,-16.088,-20.162
2002_03_CAR_MIN,2002,3,MIN,-20.162,-20.241
2002_04_MIN_SEA,2002,4,MIN,-20.241,-20.185
2002_06_DET_MIN,2002,6,MIN,-20.185,-21.818
2002_07_MIN_NYJ,2002,7,MIN,-21.818,-23.43
2002_08_CHI_MIN,2002,8,MIN,-23.43,-22.469
2002_09_MIN_TB,2002,9,MIN,-22.469,-25.87
2002_10_NYG_MIN,2002,10,MIN,-25.87,-27.389
2002_11_GB_MIN,2002,11,MIN,-27.389,-26.827
2002_12_MIN_NE,2002,12,MIN,-26.827,-27.046
2002_13_ATL_MIN,2002,13,MIN,-27.046,-29.599
2002_14_MIN_GB,2002,14,MIN,-29.599,-29.735
2002_15_MIN_NO,2002,15,MIN,-29.735,-29.672
2002_16_MIA_MIN,2002,16,MIN,-29.672,-29.86
2002_17_MIN_DET,2002,17,MIN,-29.86,-31.295
2003_01_MIN_GB,2003,1,MIN,-20.06,-18.03
2003_02_CHI_MIN,2003,2,MIN,-18.03,-18.19
2003_03_MIN_DET,2003,3,MIN,-18.19,-17.489
2003_04_SF_MIN,2003,4,MIN,-17.489,-14.557
2003_05_MIN_ATL,2003,5,MIN,-14.557,-17.382
2003_07_DEN_MIN,2003,7,MIN,-17.382,-14.479
2003_08_NYG_MIN,2003,8,MIN,-14.479,-16.251
2003_09_GB_MIN,2003,9,MIN,-16.251,-17.046
2003_10_MIN_LAC,2003,10,MIN,-17.046,-19.296
2003_11_MIN_OAK,2003,11,MIN,-19.296,-18.575
2003_12_DET_MIN,2003,12,MIN,-18.575,-17.659
2003_13_MIN_LAR,2003,13,MIN,-17.659,-19.092
2003_14_SEA_MIN,2003,14,MIN,-19.092,-16.955
2003_15_MIN_CHI,2003,15,MIN,-16.955,-15.676
2003_16_KC_MIN,2003,16,MIN,-15.676,-13.852
2003_17_MIN_ARI,2003,17,MIN,-13.852,-12.94
2004_01_DAL_MIN,2004,1,MIN,-8.295,-10.353
2004_02_MIN_PHI,2004,2,MIN,-10.353,-11.775
2004_03_CHI_MIN,2004,3,MIN,-11.775,-14.491
2004_05_MIN_HOU,2004,5,MIN,-14.491,-17.015
2004_06_MIN_NO,2004,6,MIN,-17.015,-17.192
2004_07_TEN_MIN,2004,7,MIN,-17.192,-16.019
2004_08_NYG_MIN,2004,8,MIN,-16.019,-14.565
2004_09_MIN_IND,2004,9,MIN,-14.565,-16.4
2004_10_MIN_GB,2004,10,MIN,-16.4,-17.774
2004_11_DET_MIN,2004,11,MIN,-17.774,-16.916
2004_12_JAX_MIN,2004,12,MIN,-16.916,-17.209
2004_13_MIN_CHI,2004,13,MIN,-17.209,-18.111
2004_14_SEA_MIN,2004,14,MIN,-18.111,-19.475
2004_15_MIN_DET,2004,15,MIN,-19.475,-20.665
2004_16_GB_MIN,2004,16,MIN,-20.665,-22.574
2004_17_MIN_WAS,2004,17,MIN,-22.574,-22.075
2004_18_MIN_GB,2004,18,MIN,-22.075,-19.031
2004_19_MIN_PHI,2004,19,MIN,-19.031,-19.335
2005_01_TB_MIN,2005,1,MIN,-12.394,-12.425
2005_02_MIN_CIN,2005,2,MIN,-12.425,-14.096
2005_03_NO_MIN,2005,3,MIN,-14.096,-12.585
2005_04_MIN_ATL,2005,4,MIN,-12.585,-13.146
2005_06_MIN_CHI,2005,6,MIN,-13.146,-12.966
2005_07_GB_MIN,2005,7,MIN,-12.966,-15.627
2005_08_MIN_CAR,2005,8,MIN,-15.627,-17.914
2005_09_DET_MIN,2005,9,MIN,-17.914,-17.579
2005_10_MIN_NYG,2005,10,MIN,-17.579,-15.766
2005_11_MIN_GB,2005,11,MIN,-15.766,-14.238
2005_12_CLE_MIN,2005,12,MIN,-14.238,-13.674
2005_13_MIN_DET,2005,13,MIN,-13.674,-12.408
2005_14_LAR_MIN,2005,14,MIN,-12.408,-11.812
2005_15_PIT_MIN,2005,15,MIN,-11.812,-11.359
2005_16_MIN_BAL,2005,16,MIN,-11.359,-12.887
2005_17_CHI_MIN,2005,17,MIN,-12.887,-12.477
2006_01_MIN_WAS,2006,1,MIN,-7.997,-8.1
2006_02_CAR_MIN,2006,2,MIN,-8.1,-8.034
2006_03_CHI_MIN,2006,3,MIN,-8.034,-8.293
2006_04_MIN_BUF,2006,4,MIN,-8.293,-9.281
2006_05_DET_MIN,2006,5,MIN,-9.281,-7.99
2006_07_MIN_SEA,2006,7,MIN,-7.99,-6.501
2006_08_NE_MIN,2006,8,MIN,-6.501,-9.05
2006_09_MIN_SF,2006,9,MIN,-9.05,-7.352
2006_10_GB_MIN,2006,10,MIN,-7.352,-9.713
2006_11_MIN_MIA,2006,11,MIN,-9.713,-10.051
2006_12_ARI_MIN,2006,12,MIN,-10.051,-11.739
2006_13_MIN_CHI,2006,13,MIN,-11.739,-8.273
2006_14_MIN_DET,2006,14,MIN,-8.273,-8.312
2006_15_NYJ_MIN,2006,15,MIN,-8.312,-10.645
2006_16_MIN_GB,2006,16,MIN,-10.645,-9.283
2006_17_LAR_MIN,2006,17,MIN,-9.283,-10.274
2007_01_ATL_MIN,2007,1,MIN,-6.586,-5.639
2007_02_MIN_DET,2007,2,MIN,-5.639,-6.872
2007_03_MIN_KC,2007,3,MIN,-6.872,-7.712
2007_04_GB_MIN,2007,4,MIN,-7.712,-10.494
2007_06_MIN_CHI,2007,6,MIN,-10.494,-11.65
2007_07_MIN_DAL,2007,7,MIN,-11.65,-12.334
2007_08_PHI_MIN,2007,8,MIN,-12.334,-14.062
2007_09_LAC_MIN,2007,9,MIN,-14.062,-13.093
2007_10_MIN_GB,2007,10,MIN,-13.093,-15.413
2007_11_OAK_MIN,2007,11,MIN,-15.413,-15.534
2007_12_MIN_NYG,2007,12,MIN,-15.534,-12.154
2007_13_DET_MIN,2007,13,MIN,-12.154,-12.862
2007_14_MIN_SF,2007,14,MIN,-12.862,-10.764
2007_15_CHI_MIN,2007,15,MIN,-10.764,-11.368
2007_16_WAS_MIN,2007,16,MIN,-11.368,-14.436
2007_17_MIN_DEN,2007,17,MIN,-14.436,-15.343
2008_01_MIN_GB,2008,1,MIN,-9.835,-11.937
2008_02_IND_MIN,2008,2,MIN,-11.937,-10.914
2008_03_CAR_MIN,2008,3,MIN,-10.914,-9.908
2008_04_MIN_TEN,2008,4,MIN,-9.908,-9.51
2008_05_MIN_NO,2008,5,MIN,-9.51,-8.738
2008_06_DET_MIN,2008,6,MIN,-8.738,-8.562
2008_07_MIN_CHI,2008,7,MIN,-8.562,-9.945
2008_09_HOU_MIN,2008,9,MIN,-9.945,-8.551
2008_10_GB_MIN,2008,10,MIN,-8.551,-7.455
2008_11_MIN_TB,2008,11,MIN,-7.455,-8.005
2008_12_MIN_JAX,2008,12,MIN,-8.005,-6.86
2008_13_CHI_MIN,2008,13,MIN,-6.86,-5.097
2008_14_MIN_DET,2008,14,MIN,-5.097,-5.809
2008_15_MIN_ARI,2008,15,MIN,-5.809,-4.979
2008_16_ATL_MIN,2008,16,MIN,-4.979,-4.411
2008_17_NYG_MIN,2008,17,MIN,-4.411,-4.487
2008_18_PHI_MIN,2008,18,MIN,-4.487,-5.035
2009_01_MIN_CLE,2009,1,MIN,-3.228,-2.643
2009_02_MIN_DET,2009,2,MIN,-2.643,-2.613
2009_03_SF_MIN,2009,3,MIN,-2.613,-3.915
2009_04_GB_MIN,2009,4,MIN,-3.915,-4.631
2009_05_MIN_LAR,2009,5,MIN,-4.631,-5.263
2009_06_BAL_MIN,2009,6,MIN,-5.263,-7.887
2009_07_MIN_PIT,2009,7,MIN,-7.887,-6.419
2009_08_MIN_GB,2009,8,MIN,-6.419,-7.007
2009_10_DET_MIN,2009,10,MIN,-7.007,-8.317
2009_11_SEA_MIN,2009,11,MIN,-8.317,-9.154
2009_12_CHI_MIN,2009,12,MIN,-9.154,-8.386
2009_13_MIN_ARI,2009,13,MIN,-8.386,-10.224
2009_14_CIN_MIN,2009,14,MIN,-10.224,-10.388
2009_15_MIN_CAR,2009,15,MIN,-10.388,-12.297
2009_16_MIN_CHI,2009,16,MIN,-12.297,-13.537
2009_17_NYG_MIN,2009,17,MIN,-13.537,-12.325
2009_19_DAL_MIN,2009,19,MIN,-12.325,-9.567
2009_20_MIN_NO,2009,20,MIN,-9.567,-9.028
2010_01_MIN_NO,2010,1,MIN,-5.787,-6.133
2010_02_MIA_MIN,2010,2,MIN,-6.133,-6.423
2010_03_DET_MIN,2010,3,MIN,-6.423,-7.331
2010_05_MIN_NYJ,2010,5,MIN,-7.331,-5.948
2010_06_DAL_MIN,2010,6,MIN,-5.948,-7.412
2010_07_MIN_GB,2010,7,MIN,-7.412,-7.28
2010_08_MIN_NE,2010,8,MIN,-7.28,-7.149
2010_09_ARI_MIN,2010,9,MIN,-7.149,-7.416
2010_10_MIN_CHI,2010,10,MIN,-7.416,-8.122
2010_11_GB_MIN,2010,11,MIN,-8.122,-10.462
2010_12_MIN_WAS,2010,12,MIN,-10.462,-9.092
2010_13_BUF_MIN,2010,13,MIN,-9.092,-8.982
2010_14_NYG_MIN,2010,14,MIN,-8.982,-8.298
2010_15_CHI_MIN,2010,15,MIN,-8.298,-8.991
2010_16_MIN_PHI,2010,16,MIN,-8.991,-7.791
2010_17_MIN_DET,2010,17,MIN,-7.791,-9.097
2011_01_MIN_LAC,2011,1,MIN,-5.831,-5.781
2011_02_TB_MIN,2011,2,MIN,-5.781,-6.681
2011_03_DET_MIN,2011,3,MIN,-6.681,-8.342
2011_04_MIN_KC,2011,4,MIN,-8.342,-8.796
2011_05_ARI_MIN,2011,5,MIN,-8.796,-7.355
2011_06_MIN_CHI,2011,6,MIN,-7.355,-8.8
2011_07_GB_MIN,2011,7,MIN,-8.8,-9.981
2011_08_MIN_CAR,2011,8,MIN,-9.981,-11.381
2011_10_MIN_GB,2011,10,MIN,-11.381,-11.529
2011_11_OAK_MIN,2011,11,MIN,-11.529,-12.045
2011_12_MIN_ATL,2011,12,MIN,-12.045,-13.833
2011_13_DEN_MIN,2011,13,MIN,-13.833,-14.962
2011_14_MIN_DET,2011,14,MIN,-14.962,-14.569
2011_15_NO_MIN,2011,15,MIN,-14.569,-17.751
2011_16_MIN_WAS,2011,16,MIN,-17.751,-18.048
2011_17_CHI_MIN,2011,17,MIN,-18.048,-16.803
2012_01_JAX_MIN,2012,1,MIN,-10.771,-12.812
2012_02_MIN_IND,2012,2,MIN,-12.812,-14.658
2012_03_SF_MIN,2012,3,MIN,-14.658,-15.02
2012_04_MIN_DET,2012,4,MIN,-15.02,-14.526
2012_05_TEN_MIN,2012,5,MIN,-14.526,-14.711
2012_06_MIN_WAS,2012,6,MIN,-14.711,-17.785
2012_07_ARI_MIN,2012,7,MIN,-17.785,-17.451
2012_08_TB_MIN,2012,8,MIN,-17.451,-18.616
2012_09_MIN_SEA,2012,9,MIN,-18.616,-19.618
2012_10_DET_MIN,2012,10,MIN,-19.618,-20.491
2012_12_MIN_CHI,2012,12,MIN,-20.491,-20.419
2012_13_MIN_GB,2012,13,MIN,-20.419,-19.662
2012_14_CHI_MIN,2012,14,MIN,-19.662,-19.107
2012_15_MIN_LAR,2012,15,MIN,-19.107,-20.578
2012_16_MIN_HOU,2012,16,MIN,-20.578,-18.874
2012_17_GB_MIN,2012,17,MIN,-18.874,-20.053
2012_18_MIN_GB,2012,18,MIN,-20.053,-18.958
2013_01_MIN_DET,2013,1,MIN,-12.152,-13.363
2013_02_MIN_CHI,2013,2,MIN,-13.363,-14.21
2013_03_CLE_MIN,2013,3,MIN,-14.21,-14.971
2013_04_PIT_MIN,2013,4,MIN,-14.971,-14.939
2013_06_CAR_MIN,2013,6,MIN,-14.939,-17.82
2013_07_MIN_NYG,2013,7,MIN,-17.82,-17.171
2013_08_GB_MIN,2013,8,MIN,-17.171,-18.74
2013_09_MIN_DAL,2013,9,MIN,-18.74,-19.022
2013_10_WAS_MIN,2013,10,MIN,-19.022,-20.502
2013_11_MIN_SEA,2013,11,MIN,-20.502,-20.482
2013_12_MIN_GB,2013,12,MIN,-20.482,-20.049
2013_13_CHI_MIN,2013,13,MIN,-20.049,-21.302
2013_14_MIN_BAL,2013,14,MIN,-21.302,-20.402
2013_15_PHI_MIN,2013,15,MIN,-20.402,-22.491
2013_16_MIN_CIN,2013,16,MIN,-22.491,-24.593
2013_17_DET_MIN,2013,17,MIN,-24.593,-23.346
2014_01_MIN_LAR,2014,1,MIN,-14.965,-13.382
2014_02_NE_MIN,2014,2,MIN,-13.382,-12.085
2014_03_MIN_NO,2014,3,MIN,-12.085,-13.037
2014_04_ATL_MIN,2014,4,MIN,-13.037,-12.052
2014_05_MIN_GB,2014,5,MIN,-12.052,-11.203
2014_06_DET_MIN,2014,6,MIN,-11.203,-9.26
2014_07_MIN_BUF,2014,7,MIN,-9.26,-8.656
2014_08_MIN_TB,2014,8,MIN,-8.656,-7.323
2014_09_WAS_MIN,2014,9,MIN,-7.323,-6.223
2014_11_MIN_CHI,2014,11,MIN,-6.223,-8.107
2014_12_GB_MIN,2014,12,MIN,-8.107,-7.664
2014_13_CAR_MIN,2014,13,MIN,-7.664,-7.387
2014_14_NYJ_MIN,2014,14,MIN,-7.387,-8.245
2014_15_MIN_DET,2014,15,MIN,-8.245,-8.456
2014_16_MIN_MIA,2014,16,MIN,-8.456,-10.771
2014_17_CHI_MIN,2014,17,MIN,-10.771,-10.909
2015_01_MIN_SF,2015,1,MIN,-6.993,-6.876
2015_02_DET_MIN,2015,2,MIN,-6.876,-7.243
2015_03_LAC_MIN,2015,3,MIN,-7.243,-5.723
2015_04_MIN_DEN,2015,4,MIN,-5.723,-3.266
2015_06_KC_MIN,2015,6,MIN,-3.266,-3.689
2015_07_MIN_DET,2015,7,MIN,-3.689,-3.493
2015_08_MIN_CHI,2015,8,MIN,-3.493,-4.46
2015_09_LAR_MIN,2015,9,MIN,-4.46,-3.454
2015_10_MIN_OAK,2015,10,MIN,-3.454,-3.635
2015_11_GB_MIN,2015,11,MIN,-3.635,-2.403
2015_12_MIN_ATL,2015,12,MIN,-2.403,-1.698
2015_13_SEA_MIN,2015,13,MIN,-1.698,-4.533
2015_14_MIN_ARI,2015,14,MIN,-4.533,-5.738
2015_15_CHI_MIN,2015,15,MIN,-5.738,-4.655
2015_16_NYG_MIN,2015,16,MIN,-4.655,-1.87
2015_17_MIN_GB,2015,17,MIN,-1.87,-1.131
2015_18_SEA_MIN,2015,18,MIN,-1.131,0.503
2016_01_MIN_TEN,2016,1,MIN,0.322,-0.27
2016_02_GB_MIN,2016,2,MIN,-0.27,0.19
2016_03_MIN_CAR,2016,3,MIN,0.19,3.628
2016_04_NYG_MIN,2016,4,MIN,3.628,3.178
2016_05_HOU_MIN,2016,5,MIN,3.178,4.437
2016_07_MIN_PHI,2016,7,MIN,4.437,5.335
2016_08_MIN_CHI,2016,8,MIN,5.335,4.306
2016_09_DET_MIN,2016,9,MIN,4.306,3.988
2016_10_MIN_WAS,2016,10,MIN,3.988,3.542
2016_11_ARI_MIN,2016,11,MIN,3.542,4.645
2016_12_MIN_DET,2016,12,MIN,4.645,4.231
2016_13_DAL_MIN,2016,13,MIN,4.231,4.263
2016_14_MIN_JAX,2016,14,MIN,4.263,4.41
2016_15_IND_MIN,2016,15,MIN,4.41,2.373
2016_16_MIN_GB,2016,16,MIN,2.373,0.36
2016_17_CHI_MIN,2016,17,MIN,0.36,0.755
2017_01_NO_MIN,2017,1,MIN,0.484,-0.292
2017_02_MIN_PIT,2017,2,MIN,-0.292,-0.53
2017_03_TB_MIN,2017,3,MIN,-0.53,-1.601
2017_04_DET_MIN,2017,4,MIN,-1.601,0.295
2017_05_MIN_CHI,2017,5,MIN,0.295,1.186
2017_06_GB_MIN,2017,6,MIN,1.186,2.611
2017_07_BAL_MIN,2017,7,MIN,2.611,1.888
2017_08_MIN_CLE,2017,8,MIN,1.888,1.435
2017_10_MIN_WAS,2017,10,MIN,1.435,0.646
2017_11_LAR_MIN,2017,11,MIN,0.646,-0.004
2017_12_MIN_DET,2017,12,MIN,-0.004,0.328
2017_13_MIN_ATL,2017,13,MIN,0.328,0.973
2017_14_MIN_CAR,2017,14,MIN,0.973,1.71
2017_15_CIN_MIN,2017,15,MIN,1.71,3.634
2017_16_MIN_GB,2017,16,MIN,3.634,4.682
2017_17_CHI_MIN,2017,17,MIN,4.682,3.957
2017_19_NO_MIN,2017,19,MIN,3.957,4.023
2017_20_MIN_PHI,2017,20,MIN,4.023,0.978
2018_01_SF_MIN,2018,1,MIN,0.627,2.029
2018_02_MIN_GB,2018,2,MIN,2.029,2.421
2018_03_BUF_MIN,2018,3,MIN,2.421,-0.384
2018_04_MIN_LAR,2018,4,MIN,-0.384,-4.561
2018_05_MIN_PHI,2018,5,MIN,-4.561,-5.455
2018_06_ARI_MIN,2018,6,MIN,-5.455,-5.458
2018_07_MIN_NYJ,2018,7,MIN,-5.458,-3.402
2018_08_NO_MIN,2018,8,MIN,-3.402,-2.018
2018_09_DET_MIN,2018,9,MIN,-2.018,0.774
2018_11_MIN_CHI,2018,11,MIN,0.774,1.916
2018_12_GB_MIN,2018,12,MIN,1.916,2.603
2018_13_MIN_NE,2018,13,MIN,2.603,2.03
2018_14_MIN_SEA,2018,14,MIN,2.03,3.947
2018_15_MIA_MIN,2018,15,MIN,3.947,6.868
2018_16_MIN_DET,2018,16,MIN,6.868,7.688
2018_17_CHI_MIN,2018,17,MIN,7.688,6.665
2019_01_ATL_MIN,2019,1,MIN,4.272,3.756
2019_02_MIN_GB,2019,2,MIN,3.756,3.954
2019_03_OAK_MIN,2019,3,MIN,3.954,2.775
2019_04_MIN_CHI,2019,4,MIN,2.775,4.389
2019_05_MIN_NYG,2019,5,MIN,4.389,5.937
2019_06_PHI_MIN,2019,6,MIN,5.937,4.163
2019_07_MIN_DET,2019,7,MIN,4.163,1.766
2019_08_WAS_MIN,2019,8,MIN,1.766,1.557
2019_09_MIN_KC,2019,9,MIN,1.557,1.103
2019_10_MIN_DAL,2019,10,MIN,1.103,-0.463
2019_11_DEN_MIN,2019,11,MIN,-0.463,-1.003
2019_13_MIN_SEA,2019,13,MIN,-1.003,-0.559
2019_14_DET_MIN,2019,14,MIN,-0.559,0.133
2019_15_MIN_LAC,2019,15,MIN,0.133,0.918
2019_16_GB_MIN,2019,16,MIN,0.918,1.912
2019_17_CHI_MIN,2019,17,MIN,1.912,1.735
2019_18_MIN_NO,2019,18,MIN,1.735,2.712
2019_19_MIN_SF,2019,19,MIN,2.712,4.25
2020_01_GB_MIN,2020,1,MIN,2.724,-1.101
2020_02_MIN_IND,2020,2,MIN,-1.101,-1.297
2020_03_TEN_MIN,2020,3,MIN,-1.297,-1.827
2020_04_MIN_HOU,2020,4,MIN,-1.827,-2.513
2020_05_MIN_SEA,2020,5,MIN,-2.513,-2.14
2020_06_ATL_MIN,2020,6,MIN,-2.14,-5.107
2020_08_MIN_GB,2020,8,MIN,-5.107,-6.069
2020_09_DET_MIN,2020,9,MIN,-6.069,-5.354
2020_10_MIN_CHI,2020,10,MIN,-5.354,-3.084
2020_11_DAL_MIN,2020,11,MIN,-3.084,-4.888
2020_12_CAR_MIN,2020,12,MIN,-4.888,-5.055
2020_13_JAX_MIN,2020,13,MIN,-5.055,-5.881
2020_14_MIN_TB,2020,14,MIN,-5.881,-5.44
2020_15_CHI_MIN,2020,15,MIN,-5.44,-6.296
2020_16_MIN_NO,2020,16,MIN,-6.296,-5.259
2020_17_MIN_DET,2020,17,MIN,-5.259,-6.76
2021_01_MIN_CIN,2021,1,MIN,-4.333,-4.26
2021_02_MIN_ARI,2021,2,MIN,-4.26,-6.418
2021_03_SEA_MIN,2021,3,MIN,-6.418,-7.25
2021_04_CLE_MIN,2021,4,MIN,-7.25,-5.748
2021_05_DET_MIN,2021,5,MIN,-5.748,-3.839
2021_06_MIN_CAR,2021,6,MIN,-3.839,-2.2
2021_08_DAL_MIN,2021,8,MIN,-2.2,-3.801
2021_09_MIN_BAL,2021,9,MIN,-3.801,-4.468
2021_10_MIN_LAC,2021,10,MIN,-4.468,-3.452
2021_11_GB_MIN,2021,11,MIN,-3.452,-6.6
2021_12_MIN_SF,2021,12,MIN,-6.6,-5.715
2021_13_MIN_DET,2021,13,MIN,-5.715,-6.408
2021_14_PIT_MIN,2021,14,MIN,-6.408,-7.335
2021_15_MIN_CHI,2021,15,MIN,-7.335,-8.387
2021_16_LAR_MIN,2021,16,MIN,-8.387,-6.433
2021_17_MIN_GB,2021,17,MIN,-6.433,-7.761
2021_18_CHI_MIN,2021,18,MIN,-7.761,-7.388
2022_01_GB_MIN,2022,1,MIN,-4.736,-2.823
2022_02_MIN_PHI,2022,2,MIN,-2.823,-6.028
2022_03_DET_MIN,2022,3,MIN,-6.028,-6.558
2022_04_MIN_NO,2022,4,MIN,-6.558,-7.715
2022_05_CHI_MIN,2022,5,MIN,-7.715,-9.617
2022_06_MIN_MIA,2022,6,MIN,-9.617,-9.894
2022_08_ARI_MIN,2022,8,MIN,-9.894,-10.294
2022_09_MIN_WAS,2022,9,MIN,-10.294,-8.887
2022_10_MIN_BUF,2022,10,MIN,-8.887,-8.502
2022_11_DAL_MIN,2022,11,MIN,-8.502,-10.591
2022_12_NE_MIN,2022,12,MIN,-10.591,-13.019
2022_13_NYJ_MIN,2022,13,MIN,-13.019,-13.681
2022_14_MIN_DET,2022,14,MIN,-13.681,-15.919
2022_15_IND_MIN,2022,15,MIN,-15.919,-14.633
2022_16_NYG_MIN,2022,16,MIN,-14.633,-15.688
2022_17_MIN_GB,2022,17,MIN,-15.688,-14.972
2022_18_MIN_CHI,2022,18,MIN,-14.972,-14.958
2022_19_NYG_MIN,2022,19,MIN,-14.958,-16.537
2023_01_TB_MIN,2023,1,MIN,-10.6,-11.737
2023_02_MIN_PHI,2023,2,MIN,-11.737,-11.728
2023_03_LAC_MIN,2023,3,MIN,-11.728,-15.449
2023_04_MIN_CAR,2023,4,MIN,-15.449,-14.458
2023_05_KC_MIN,2023,5,MIN,-14.458,-14.922
2023_06_MIN_CHI,2023,6,MIN,-14.922,-11.929
2023_07_SF_MIN,2023,7,MIN,-11.929,-12.213
2023_08_MIN_GB,2023,8,MIN,-12.213,-11.071
2023_09_MIN_ATL,2023,9,MIN,-11.071,-11.819
2023_10_NO_MIN,2023,10,MIN,-11.819,-10.722
2023_11_MIN_DEN,2023,11,MIN,-10.722,-10.817
2023_12_CHI_MIN,2023,12,MIN,-10.817,-11.628
2023_14_MIN_OAK,2023,14,MIN,-11.628,-10.803
2023_15_MIN_CIN,2023,15,MIN,-10.803,-10.928
2023_16_DET_MIN,2023,16,MIN,-10.928,-11.608
2023_17_GB_MIN,2023,17,MIN,-11.608,-14.358
2023_18_MIN_DET,2023,18,MIN,-14.358,-15.621
2024_01_MIN_NYG,2024,1,MIN,-10.013,-6.656
2024_02_SF_MIN,2024,2,MIN,-6.656,-6.794
2024_03_HOU_MIN,2024,3,MIN,-6.794,-5.248
2024_04_MIN_GB,2024,4,MIN,-5.248,-5.713
2024_05_NYJ_MIN,2024,5,MIN,-5.713,-2.994
2024_07_DET_MIN,2024,7,MIN,-2.994,-3.66
2024_08_MIN_LAR,2024,8,MIN,-3.66,-6.058
2024_09_IND_MIN,2024,9,MIN,-6.058,-4.758
2024_10_MIN_JAX,2024,10,MIN,-4.758,-2.733
2024_11_MIN_TEN,2024,11,MIN,-2.733,-2.217
2024_12_MIN_CHI,2024,12,MIN,-2.217,-4.45
2024_13_ARI_MIN,2024,13,MIN,-4.45,-4.847
2024_14_ATL_MIN,2024,14,MIN,-4.847,-4.808
2024_15_CHI_MIN,2024,15,MIN,-4.808,-5.236
2024_16_MIN_SEA,2024,16,MIN,-5.236,-6.022
2024_17_GB_MIN,2024,17,MIN,-6.022,-5.641
2024_18_MIN_DET,2024,18,MIN,-5.641,-4.504
2024_19_MIN_LAR,2024,19,MIN,-4.504,-5.002
2025_01_MIN_CHI,2025,1,MIN,-3.206,-4.548
2025_02_ATL_MIN,2025,2,MIN,-4.548,-3.696
2025_03_CIN_MIN,2025,3,MIN,-3.696,-2.923
2025_04_MIN_PIT,2025,4,MIN,-2.923,-2.666
2025_05_MIN_CLE,2025,5,MIN,-2.666,-3.458
2025_07_PHI_MIN,2025,7,MIN,-3.458,-5.138
2025_08_MIN_LAC,2025,8,MIN,-5.138,-6.7
2025_09_MIN_DET,2025,9,MIN,-6.7,-6.572
2025_10_BAL_MIN,2025,10,MIN,-6.572,-6.249
2025_11_CHI_MIN,2025,11,MIN,-6.249,-5.802
2025_12_MIN_GB,2025,12,MIN,-5.802,-4.616
2025_13_MIN_SEA,2025,13,MIN,-4.616,-1.934
2025_14_WAS_MIN,2025,14,MIN,-1.934,-0.161
2025_15_MIN_DAL,2025,15,MIN,-0.161,0.251
2025_16_MIN_NYG,2025,16,MIN,0.251,3.687
2025_17_DET_MIN,2025,17,MIN,3.687,6.232
2025_18_GB_MIN,2025,18,MIN,6.232,6.42
2026_01_GB_MIN,2026,1,MIN,4.115,3.673
1999_01_NE_NYJ,1999,1,NE,0.0,-0.022
1999_02_IND_NE,1999,2,NE,-0.022,-1.076
1999_03_NYG_NE,1999,3,NE,-1.076,-3.174
1999_04_NE_CLE,1999,4,NE,-3.174,-3.053
1999_05_NE_KC,1999,5,NE,-3.053,-3.163
1999_06_MIA_NE,1999,6,NE,-3.163,-1.458
1999_07_DEN_NE,1999,7,NE,-1.458,-4.241
1999_08_NE_ARI,1999,8,NE,-4.241,-1.16
1999_10_NYJ_NE,1999,10,NE,-1.16,-2.241
1999_11_NE_MIA,1999,11,NE,-2.241,-3.483
1999_12_NE_BUF,1999,12,NE,-3.483,-4.578
1999_13_DAL_NE,1999,13,NE,-4.578,-4.073
1999_14_NE_IND,1999,14,NE,-4.073,-4.762
1999_15_NE_PHI,1999,15,NE,-4.762,-5.046
1999_16_BUF_NE,1999,16,NE,-5.046,-5.711
1999_17_BAL_NE,1999,17,NE,-5.711,-5.016
2000_01_TB_NE,2000,1,NE,-3.215,-3.968
2000_02_NE_NYJ,2000,2,NE,-3.968,-4.317
2000_03_MIN_NE,2000,3,NE,-4.317,-4.785
2000_04_NE_MIA,2000,4,NE,-4.785,-4.344
2000_05_NE_DEN,2000,5,NE,-4.344,-4.832
2000_06_IND_NE,2000,6,NE,-4.832,-3.355
2000_07_NYJ_NE,2000,7,NE,-3.355,-2.81
2000_08_NE_IND,2000,8,NE,-2.81,-5.344
2000_10_BUF_NE,2000,10,NE,-5.344,-5.367
2000_11_NE_CLE,2000,11,NE,-5.367,-6.274
2000_12_CIN_NE,2000,12,NE,-6.274,-7.258
2000_13_NE_DET,2000,13,NE,-7.258,-9.428
2000_14_KC_NE,2000,14,NE,-9.428,-11.03
2000_15_NE_CHI,2000,15,NE,-11.03,-13.271
2000_16_NE_BUF,2000,16,NE,-13.271,-12.211
2000_17_MIA_NE,2000,17,NE,-12.211,-13.945
2001_01_NE_CIN,2001,1,NE,-8.939,-9.406
2001_02_NYJ_NE,2001,2,NE,-9.406,-8.403
2001_03_IND_NE,2001,3,NE,-8.403,-6.516
2001_04_NE_MIA,2001,4,NE,-6.516,-6.269
2001_05_LAC_NE,2001,5,NE,-6.269,-7.213
2001_06_NE_IND,2001,6,NE,-7.213,-7.614
2001_07_NE_DEN,2001,7,NE,-7.614,-7.258
2001_08_NE_ATL,2001,8,NE,-7.258,-5.198
2001_09_BUF_NE,2001,9,NE,-5.198,-3.738
2001_10_LAR_NE,2001,10,NE,-3.738,-5.13
2001_11_NO_NE,2001,11,NE,-5.13,-5.274
2001_12_NE_NYJ,2001,12,NE,-5.274,-4.364
2001_13_CLE_NE,2001,13,NE,-4.364,-3.007
2001_14_NE_BUF,2001,14,NE,-3.007,-2.651
2001_15_MIA_NE,2001,15,NE,-2.651,-3.912
2001_17_NE_CAR,2001,17,NE,-3.912,-1.098
2001_19_OAK_NE,2001,19,NE,-1.098,0.004
2001_20_NE_PIT,2001,20,NE,0.004,1.363
2001_21_LAR_NE,2001,21,NE,1.363,0.794
2002_01_PIT_NE,2002,1,NE,0.509,1.714
2002_02_NE_NYJ,2002,2,NE,1.714,2.538
2002_03_KC_NE,2002,3,NE,2.538,2.48
2002_04_NE_LAC,2002,4,NE,2.48,1.725
2002_05_NE_MIA,2002,5,NE,1.725,-0.064
2002_06_GB_NE,2002,6,NE,-0.064,-0.562
2002_08_DEN_NE,2002,8,NE,-0.562,-0.924
2002_09_NE_BUF,2002,9,NE,-0.924,-0.612
2002_10_NE_CHI,2002,10,NE,-0.612,-0.276
2002_11_NE_OAK,2002,11,NE,-0.276,-0.346
2002_12_MIN_NE,2002,12,NE,-0.346,-0.829
2002_13_NE_DET,2002,13,NE,-0.829,-0.279
2002_14_BUF_NE,2002,14,NE,-0.279,-0.056
2002_15_NE_TEN,2002,15,NE,-0.056,0.481
2002_16_NYJ_NE,2002,16,NE,0.481,-2.037
2002_17_MIA_NE,2002,17,NE,-2.037,-1.073
2003_01_NE_BUF,2003,1,NE,-0.688,-0.771
2003_02_NE_PHI,2003,2,NE,-0.771,3.013
2003_03_NYJ_NE,2003,3,NE,3.013,1.984
2003_04_NE_WAS,2003,4,NE,1.984,2.593
2003_05_TEN_NE,2003,5,NE,2.593,1.873
2003_06_NYG_NE,2003,6,NE,1.873,3.549
2003_07_NE_MIA,2003,7,NE,3.549,3.74
2003_08_CLE_NE,2003,8,NE,3.74,4.184
2003_09_NE_DEN,2003,9,NE,4.184,3.675
2003_11_DAL_NE,2003,11,NE,3.675,4.327
2003_12_NE_HOU,2003,12,NE,4.327,4.608
2003_13_NE_IND,2003,13,NE,4.608,3.459
2003_14_MIA_NE,2003,14,NE,3.459,6.808
2003_15_JAX_NE,2003,15,NE,6.808,6.425
2003_16_NE_NYJ,2003,16,NE,6.425,8.328
2003_17_BUF_NE,2003,17,NE,8.328,9.978
2003_19_TEN_NE,2003,19,NE,9.978,9.727
2003_20_IND_NE,2003,20,NE,9.727,14.141
2003_21_CAR_NE,2003,21,NE,14.141,11.803
2004_01_IND_NE,2004,1,NE,7.566,7.251
2004_02_NE_ARI,2004,2,NE,7.251,9.015
2004_04_NE_BUF,2004,4,NE,9.015,9.406
2004_05_MIA_NE,2004,5,NE,9.406,9.466
2004_06_SEA_NE,2004,6,NE,9.466,10.141
2004_07_NYJ_NE,2004,7,NE,10.141,8.917
2004_08_NE_PIT,2004,8,NE,8.917,6.903
2004_09_NE_LAR,2004,9,NE,6.903,5.894
2004_10_BUF_NE,2004,10,NE,5.894,8.248
2004_11_NE_KC,2004,11,NE,8.248,7.581
2004_12_BAL_NE,2004,12,NE,7.581,9.349
2004_13_NE_CLE,2004,13,NE,9.349,8.23
2004_14_CIN_NE,2004,14,NE,8.23,6.473
2004_15_NE_MIA,2004,15,NE,6.473,5.78
2004_16_NE_NYJ,2004,16,NE,5.78,6.688
2004_17_SF_NE,2004,17,NE,6.688,5.017
2004_19_IND_NE,2004,19,NE,5.017,7.057
2004_20_NE_PIT,2004,20,NE,7.057,5.817
2004_21_NE_PHI,2004,21,NE,5.817,6.553
2005_01_OAK_NE,2005,1,NE,4.201,3.579
2005_02_NE_CAR,2005,2,NE,3.579,5.277
2005_03_NE_PIT,2005,3,NE,5.277,5.674
2005_04_LAC_NE,2005,4,NE,5.674,3.75
2005_05_NE_ATL,2005,5,NE,3.75,0.687
2005_06_NE_DEN,2005,6,NE,0.687,-0.845
2005_08_BUF_NE,2005,8,NE,-0.845,-0.934
2005_09_IND_NE,2005,9,NE,-0.934,-2.625
2005_10_NE_MIA,2005,10,NE,-2.625,-4.714
2005_11_NO_NE,2005,11,NE,-4.714,-6.236
2005_12_NE_KC,2005,12,NE,-6.236,-6.945
2005_13_NYJ_NE,2005,13,NE,-6.945,-5.696
2005_14_NE_BUF,2005,14,NE,-5.696,-4.166
2005_15_TB_NE,2005,15,NE,-4.166,-2.449
2005_16_NE_NYJ,2005,16,NE,-2.449,-1.654
2005_17_MIA_NE,2005,17,NE,-1.654,-3.027
2005_18_JAX_NE,2005,18,NE,-3.027,-1.793
2005_19_NE_DEN,2005,19,NE,-1.793,-0.738
2006_01_BUF_NE,2006,1,NE,-0.473,-0.442
2006_02_NE_NYJ,2006,2,NE,-0.442,-0.427
2006_03_DEN_NE,2006,3,NE,-0.427,-1.849
2006_04_NE_CIN,2006,4,NE,-1.849,-0.69
2006_05_MIA_NE,2006,5,NE,-0.69,-0.109
2006_07_NE_BUF,2006,7,NE,-0.109,-0.254
2006_08_NE_MIN,2006,8,NE,-0.254,0.559
2006_09_IND_NE,2006,9,NE,0.559,2.116
2006_10_NYJ_NE,2006,10,NE,2.116,1.75
2006_11_NE_GB,2006,11,NE,1.75,3.609
2006_12_CHI_NE,2006,12,NE,3.609,5.854
2006_13_DET_NE,2006,13,NE,5.854,7.277
2006_14_NE_MIA,2006,14,NE,7.277,6.429
2006_15_HOU_NE,2006,15,NE,6.429,10.016
2006_16_NE_JAX,2006,16,NE,10.016,8.342
2006_17_NE_TEN,2006,17,NE,8.342,9.873
2006_18_NYJ_NE,2006,18,NE,9.873,9.833
2006_19_NE_LAC,2006,19,NE,9.833,11.015
2006_20_NE_IND,2006,20,NE,11.015,10.47
2007_01_NE_NYJ,2007,1,NE,6.711,6.343
2007_02_LAC_NE,2007,2,NE,6.343,6.607
2007_03_BUF_NE,2007,3,NE,6.607,7.446
2007_04_NE_CIN,2007,4,NE,7.446,8.264
2007_05_CLE_NE,2007,5,NE,8.264,8.629
2007_06_NE_DAL,2007,6,NE,8.629,8.661
2007_07_NE_MIA,2007,7,NE,8.661,7.225
2007_08_WAS_NE,2007,8,NE,7.225,7.246
2007_09_NE_IND,2007,9,NE,7.246,7.596
2007_11_NE_BUF,2007,11,NE,7.596,7.656
2007_12_PHI_NE,2007,12,NE,7.656,6.214
2007_13_NE_BAL,2007,13,NE,6.214,4.427
2007_14_PIT_NE,2007,14,NE,4.427,4.359
2007_15_NYJ_NE,2007,15,NE,4.359,4.875
2007_16_MIA_NE,2007,16,NE,4.875,6.661
2007_17_NE_NYG,2007,17,NE,6.661,3.701
2007_19_JAX_NE,2007,19,NE,3.701,2.566
2007_20_LAC_NE,2007,20,NE,2.566,3.605
2007_21_NYG_NE,2007,21,NE,3.605,2.48
2008_01_KC_NE,2008,1,NE,1.59,1.69
2008_02_NE_NYJ,2008,2,NE,1.69,2.094
2008_03_MIA_NE,2008,3,NE,2.094,0.812
2008_05_NE_SF,2008,5,NE,0.812,0.965
2008_06_NE_LAC,2008,6,NE,0.965,-1.436
2008_07_DEN_NE,2008,7,NE,-1.436,0.073
2008_08_LAR_NE,2008,8,NE,0.073,0.505
2008_09_NE_IND,2008,9,NE,0.505,-1.244
2008_10_BUF_NE,2008,10,NE,-1.244,0.114
2008_11_NYJ_NE,2008,11,NE,0.114,-1.016
2008_12_NE_MIA,2008,12,NE,-1.016,-2.821
2008_13_PIT_NE,2008,13,NE,-2.821,-2.722
2008_14_NE_SEA,2008,14,NE,-2.722,-5.78
2008_15_NE_OAK,2008,15,NE,-5.78,-6.575
2008_16_ARI_NE,2008,16,NE,-6.575,-3.196
2008_17_NE_BUF,2008,17,NE,-3.196,-2.591
2009_01_BUF_NE,2009,1,NE,-1.661,-2.071
2009_02_NE_NYJ,2009,2,NE,-2.071,-1.886
2009_03_ATL_NE,2009,3,NE,-1.886,-1.441
2009_04_BAL_NE,2009,4,NE,-1.441,-1.593
2009_05_NE_DEN,2009,5,NE,-1.593,-3.395
2009_06_TEN_NE,2009,6,NE,-3.395,-0.966
2009_07_NE_TB,2009,7,NE,-0.966,0.434
2009_09_MIA_NE,2009,9,NE,0.434,0.19
2009_10_NE_IND,2009,10,NE,0.19,-0.671
2009_11_NYJ_NE,2009,11,NE,-0.671,2.032
2009_12_NE_NO,2009,12,NE,2.032,-1.315
2009_13_NE_MIA,2009,13,NE,-1.315,-2.717
2009_14_CAR_NE,2009,14,NE,-2.717,-3.002
2009_15_NE_BUF,2009,15,NE,-3.002,-2.346
2009_16_JAX_NE,2009,16,NE,-2.346,-2.111
2009_17_NE_HOU,2009,17,NE,-2.111,-2.729
2009_18_BAL_NE,2009,18,NE,-2.729,-1.345
2010_01_CIN_NE,2010,1,NE,-0.862,-2.781
2010_02_NE_NYJ,2010,2,NE,-2.781,-4.098
2010_03_BUF_NE,2010,3,NE,-4.098,-5.151
2010_04_NE_MIA,2010,4,NE,-5.151,-5.672
2010_06_BAL_NE,2010,6,NE,-5.672,-7.469
2010_07_NE_LAC,2010,7,NE,-7.469,-7.505
2010_08_MIN_NE,2010,8,NE,-7.505,-7.908
2010_09_NE_CLE,2010,9,NE,-7.908,-9.805
2010_10_NE_PIT,2010,10,NE,-9.805,-10.387
2010_11_IND_NE,2010,11,NE,-10.387,-11.343
2010_12_NE_DET,2010,12,NE,-11.343,-11.434
2010_13_NYJ_NE,2010,13,NE,-11.434,-9.421
2010_14_NE_CHI,2010,14,NE,-9.421,-7.466
2010_15_GB_NE,2010,15,NE,-7.466,-8.106
2010_16_NE_BUF,2010,16,NE,-8.106,-5.863
2010_17_MIA_NE,2010,17,NE,-5.863,-3.227
2010_19_NYJ_NE,2010,19,NE,-3.227,-5.103
2011_01_NE_MIA,2011,1,NE,-3.271,-6.191
2011_02_LAC_NE,2011,2,NE,-6.191,-7.032
2011_03_NE_BUF,2011,3,NE,-7.032,-7.792
2011_04_NE_OAK,2011,4,NE,-7.792,-8.688
2011_05_NYJ_NE,2011,5,NE,-8.688,-8.716
2011_06_DAL_NE,2011,6,NE,-8.716,-8.404
2011_08_NE_PIT,2011,8,NE,-8.404,-8.616
2011_09_NYG_NE,2011,9,NE,-8.616,-8.23
2011_10_NE_NYJ,2011,10,NE,-8.23,-7.019
2011_11_KC_NE,2011,11,NE,-7.019,-5.676
2011_12_NE_PHI,2011,12,NE,-5.676,-6.795
2011_13_IND_NE,2011,13,NE,-6.795,-8.913
2011_14_NE_WAS,2011,14,NE,-8.913,-9.301
2011_15_NE_DEN,2011,15,NE,-9.301,-10.334
2011_16_MIA_NE,2011,16,NE,-10.334,-9.546
2011_17_BUF_NE,2011,17,NE,-9.546,-8.951
2011_19_DEN_NE,2011,19,NE,-8.951,-6.384
2011_20_BAL_NE,2011,20,NE,-6.384,-7.336
2011_21_NYG_NE,2011,21,NE,-7.336,-8.405
2012_01_NE_TEN,2012,1,NE,-5.388,-5.717
2012_02_ARI_NE,2012,2,NE,-5.717,-5.811
2012_03_NE_BAL,2012,3,NE,-5.811,-8.481
2012_04_NE_BUF,2012,4,NE,-8.481,-7.852
2012_05_DEN_NE,2012,5,NE,-7.852,-8.788
2012_06_NE_SEA,2012,6,NE,-8.788,-10.738
2012_07_NYJ_NE,2012,7,NE,-10.738,-11.259
2012_08_NE_LAR,2012,8,NE,-11.259,-10.869
2012_10_BUF_NE,2012,10,NE,-10.869,-11.442
2012_11_IND_NE,2012,11,NE,-11.442,-10.489
2012_12_NE_NYJ,2012,12,NE,-10.489,-11.47
2012_13_NE_MIA,2012,13,NE,-11.47,-10.992
2012_14_HOU_NE,2012,14,NE,-10.992,-8.82
2012_15_SF_NE,2012,15,NE,-8.82,-9.74
2012_16_NE_JAX,2012,16,NE,-9.74,-9.991
2012_17_MIA_NE,2012,17,NE,-9.991,-7.826
2012_19_HOU_NE,2012,19,NE,-7.826,-8.624
2012_20_BAL_NE,2012,20,NE,-8.624,-9.361
2013_01_NE_BUF,2013,1,NE,-6.001,-7.318
2013_02_NYJ_NE,2013,2,NE,-7.318,-4.509
2013_03_TB_NE,2013,3,NE,-4.509,-2.838
2013_04_NE_ATL,2013,4,NE,-2.838,-4.05
2013_05_NE_CIN,2013,5,NE,-4.05,-3.28
2013_06_NO_NE,2013,6,NE,-3.28,-1.278
2013_07_NE_NYJ,2013,7,NE,-1.278,-1.606
2013_08_MIA_NE,2013,8,NE,-1.606,0.157
2013_09_PIT_NE,2013,9,NE,0.157,-0.211
2013_11_NE_CAR,2013,11,NE,-0.211,-1.714
2013_12_DEN_NE,2013,12,NE,-1.714,0.72
2013_13_NE_HOU,2013,13,NE,0.72,-0.57
2013_14_CLE_NE,2013,14,NE,-0.57,-4.1
2013_15_NE_MIA,2013,15,NE,-4.1,-5.352
2013_16_NE_BAL,2013,16,NE,-5.352,-4.05
2013_17_BUF_NE,2013,17,NE,-4.05,-4.165
2013_19_IND_NE,2013,19,NE,-4.165,-1.439
2013_20_NE_DEN,2013,20,NE,-1.439,-2.618
2014_01_NE_MIA,2014,1,NE,-1.678,-1.328
2014_02_NE_MIN,2014,2,NE,-1.328,2.207
2014_03_OAK_NE,2014,3,NE,2.207,2.308
2014_04_NE_KC,2014,4,NE,2.308,0.709
2014_05_CIN_NE,2014,5,NE,0.709,0.036
2014_06_NE_BUF,2014,6,NE,0.036,0.438
2014_07_NYJ_NE,2014,7,NE,0.438,-0.45
2014_08_CHI_NE,2014,8,NE,-0.45,-0.703
2014_09_DEN_NE,2014,9,NE,-0.703,-0.505
2014_11_NE_IND,2014,11,NE,-0.505,-0.853
2014_12_DET_NE,2014,12,NE,-0.853,1.146
2014_13_NE_GB,2014,13,NE,1.146,0.621
2014_14_NE_LAC,2014,14,NE,0.621,2.516
2014_15_MIA_NE,2014,15,NE,2.516,2.997
2014_16_NE_NYJ,2014,16,NE,2.997,2.481
2014_17_BUF_NE,2014,17,NE,2.481,2.619
2014_19_BAL_NE,2014,19,NE,2.619,1.061
2014_20_IND_NE,2014,20,NE,1.061,4.504
2014_21_NE_SEA,2014,21,NE,4.504,3.426
2015_01_PIT_NE,2015,1,NE,2.196,1.629
2015_02_NE_BUF,2015,2,NE,1.629,1.296
2015_03_JAX_NE,2015,3,NE,1.296,1.045
2015_05_NE_DAL,2015,5,NE,1.045,0.57
2015_06_NE_IND,2015,6,NE,0.57,-1.651
2015_07_NYJ_NE,2015,7,NE,-1.651,-2.4
2015_08_MIA_NE,2015,8,NE,-2.4,-0.414
2015_09_WAS_NE,2015,9,NE,-0.414,0.274
2015_10_NE_NYG,2015,10,NE,0.274,-0.191
2015_11_BUF_NE,2015,11,NE,-0.191,0.217
2015_12_NE_DEN,2015,12,NE,0.217,0.357
2015_13_PHI_NE,2015,13,NE,0.357,0.644
2015_14_NE_HOU,2015,14,NE,0.644,1.756
2015_15_TEN_NE,2015,15,NE,1.756,3.862
2015_16_NE_NYJ,2015,16,NE,3.862,2.22
2015_17_NE_MIA,2015,17,NE,2.22,-0.111
2015_19_KC_NE,2015,19,NE,-0.111,-0.702
2015_20_NE_DEN,2015,20,NE,-0.702,-0.102
2016_01_NE_ARI,2016,1,NE,-0.065,-1.217
2016_02_MIA_NE,2016,2,NE,-1.217,-3.519
2016_03_HOU_NE,2016,3,NE,-3.519,-2.339
2016_04_BUF_NE,2016,4,NE,-2.339,-3.131
2016_05_NE_CLE,2016,5,NE,-3.131,-2.974
2016_06_CIN_NE,2016,6,NE,-2.974,-3.935
2016_07_NE_PIT,2016,7,NE,-3.935,-5.117
2016_08_NE_BUF,2016,8,NE,-5.117,-5.191
2016_10_SEA_NE,2016,10,NE,-5.191,-6.169
2016_11_NE_SF,2016,11,NE,-6.169,-5.457
2016_12_NE_NYJ,2016,12,NE,-5.457,-6.788
2016_13_LAR_NE,2016,13,NE,-6.788,-3.77
2016_14_BAL_NE,2016,14,NE,-3.77,-4.67
2016_15_NE_DEN,2016,15,NE,-4.67,-4.305
2016_16_NYJ_NE,2016,16,NE,-4.305,-1.993
2016_17_NE_MIA,2016,17,NE,-1.993,-3.078
2016_19_HOU_NE,2016,19,NE,-3.078,-1.291
2016_20_PIT_NE,2016,20,NE,-1.291,-1.875
2016_21_NE_ATL,2016,21,NE,-1.875,-1.176
2017_01_KC_NE,2017,1,NE,-0.754,-3.26
2017_02_NE_NO,2017,2,NE,-3.26,-4.08
2017_03_HOU_NE,2017,3,NE,-4.08,-4.91
2017_04_CAR_NE,2017,4,NE,-4.91,-7.787
2017_05_NE_TB,2017,5,NE,-7.787,-7.906
2017_06_NE_NYJ,2017,6,NE,-7.906,-8.448
2017_07_ATL_NE,2017,7,NE,-8.448,-8.635
2017_08_LAC_NE,2017,8,NE,-8.635,-7.419
2017_10_NE_DEN,2017,10,NE,-7.419,-7.123
2017_11_NE_OAK,2017,11,NE,-7.123,-6.064
2017_12_MIA_NE,2017,12,NE,-6.064,-4.097
2017_13_NE_BUF,2017,13,NE,-4.097,-1.896
2017_14_NE_MIA,2017,14,NE,-1.896,-3.348
2017_15_NE_PIT,2017,15,NE,-3.348,-3.301
2017_16_BUF_NE,2017,16,NE,-3.301,-1.973
2017_17_NYJ_NE,2017,17,NE,-1.973,-2.012
2017_19_TEN_NE,2017,19,NE,-2.012,-1.653
2017_20_JAX_NE,2017,20,NE,-1.653,-1.423
2017_21_PHI_NE,2017,21,NE,-1.423,-4.365
2018_01_HOU_NE,2018,1,NE,-2.798,-1.141
2018_02_NE_JAX,2018,2,NE,-1.141,-4.29
2018_03_NE_DET,2018,3,NE,-4.29,-5.652
2018_04_MIA_NE,2018,4,NE,-5.652,-3.019
2018_05_IND_NE,2018,5,NE,-3.019,-3.306
2018_06_KC_NE,2018,6,NE,-3.306,-4.591
2018_07_NE_CHI,2018,7,NE,-4.591,-5.787
2018_08_NE_BUF,2018,8,NE,-5.787,-5.44
2018_09_GB_NE,2018,9,NE,-5.44,-4.965
2018_10_NE_TEN,2018,10,NE,-4.965,-5.784
2018_12_NE_NYJ,2018,12,NE,-5.784,-5.931
2018_13_MIN_NE,2018,13,NE,-5.931,-4.113
2018_14_NE_MIA,2018,14,NE,-4.113,-5.157
2018_15_NE_PIT,2018,15,NE,-5.157,-3.245
2018_16_BUF_NE,2018,16,NE,-3.245,-2.694
2018_17_NYJ_NE,2018,17,NE,-2.694,-1.936
2018_19_LAC_NE,2018,19,NE,-1.936,-1.903
2018_20_NE_KC,2018,20,NE,-1.903,-1.688
2018_21_NE_LAR,2018,21,NE,-1.688,0.002
2019_01_PIT_NE,2019,1,NE,0.002,0.943
2019_02_NE_MIA,2019,2,NE,0.943,4.878
2019_03_NYJ_NE,2019,3,NE,4.878,6.881
2019_04_NE_BUF,2019,4,NE,6.881,9.568
2019_05_NE_WAS,2019,5,NE,9.568,11.264
2019_06_NYG_NE,2019,6,NE,11.264,12.937
2019_07_NE_NYJ,2019,7,NE,12.937,16.851
2019_08_CLE_NE,2019,8,NE,16.851,17.138
2019_09_NE_BAL,2019,9,NE,17.138,15.038
2019_11_NE_PHI,2019,11,NE,15.038,16.251
2019_12_DAL_NE,2019,12,NE,16.251,17.608
2019_13_NE_HOU,2019,13,NE,17.608,16.393
2019_14_KC_NE,2019,14,NE,16.393,16.654
2019_15_NE_CIN,2019,15,NE,16.654,18.314
2019_16_BUF_NE,2019,16,NE,18.314,18.005
2019_17_MIA_NE,2019,17,NE,18.005,15.822
2019_18_TEN_NE,2019,18,NE,15.822,17.285
2020_01_MIA_NE,2020,1,NE,11.08,12.456
2020_02_NE_SEA,2020,2,NE,12.456,10.057
2020_03_OAK_NE,2020,3,NE,10.057,8.911
2020_04_NE_KC,2020,4,NE,8.911,8.884
2020_06_DEN_NE,2020,6,NE,8.884,10.985
2020_07_SF_NE,2020,7,NE,10.985,10.659
2020_08_NE_BUF,2020,8,NE,10.659,11.51
2020_09_NE_NYJ,2020,9,NE,11.51,9.627
2020_10_BAL_NE,2020,10,NE,9.627,8.878
2020_11_NE_HOU,2020,11,NE,8.878,5.089
2020_12_ARI_NE,2020,12,NE,5.089,7.241
2020_13_NE_LAC,2020,13,NE,7.241,9.688
2020_14_NE_LAR,2020,14,NE,9.688,9.509
2020_15_NE_MIA,2020,15,NE,9.509,8.828
2020_16_BUF_NE,2020,16,NE,8.828,6.162
2020_17_NYJ_NE,2020,17,NE,6.162,6.171
2021_01_MIA_NE,2021,1,NE,3.955,4.078
2021_02_NE_NYJ,2021,2,NE,4.078,6.885
2021_03_NO_NE,2021,3,NE,6.885,7.514
2021_04_TB_NE,2021,4,NE,7.514,9.034
2021_05_NE_HOU,2021,5,NE,9.034,5.763
2021_06_DAL_NE,2021,6,NE,5.763,3.887
2021_07_NYJ_NE,2021,7,NE,3.887,4.705
2021_08_NE_LAC,2021,8,NE,4.705,6.12
2021_09_NE_CAR,2021,9,NE,6.12,8.053
2021_10_CLE_NE,2021,10,NE,8.053,9.991
2021_11_NE_ATL,2021,11,NE,9.991,11.944
2021_12_TEN_NE,2021,12,NE,11.944,13.256
2021_13_NE_BUF,2021,13,NE,13.256,14.305
2021_15_NE_IND,2021,15,NE,14.305,15.239
2021_16_BUF_NE,2021,16,NE,15.239,12.604
2021_17_JAX_NE,2021,17,NE,12.604,13.236
2021_18_NE_MIA,2021,18,NE,13.236,12.584
2021_19_NE_BUF,2021,19,NE,12.584,7.907
2022_01_NE_MIA,2022,1,NE,5.068,3.79
2022_02_NE_PIT,2022,2,NE,3.79,4.161
2022_03_BAL_NE,2022,3,NE,4.161,1.383
2022_04_NE_GB,2022,4,NE,1.383,1.106
2022_05_DET_NE,2022,5,NE,1.106,2.32
2022_06_NE_CLE,2022,6,NE,2.32,4.037
2022_07_CHI_NE,2022,7,NE,4.037,2.37
2022_08_NE_NYJ,2022,8,NE,2.37,1.942
2022_09_IND_NE,2022,9,NE,1.942,4.834
2022_11_NYJ_NE,2022,11,NE,4.834,6.825
2022_12_NE_MIN,2022,12,NE,6.825,4.12
2022_13_BUF_NE,2022,13,NE,4.12,4.944
2022_14_NE_ARI,2022,14,NE,4.944,6.627
2022_15_NE_OAK,2022,15,NE,6.627,6.489
2022_16_CIN_NE,2022,16,NE,6.489,5.104
2022_17_MIA_NE,2022,17,NE,5.104,5.603
2022_18_NE_BUF,2022,18,NE,5.603,6.451
2023_01_PHI_NE,2023,1,NE,4.135,4.192
2023_02_MIA_NE,2023,2,NE,4.192,3.655
2023_03_NE_NYJ,2023,3,NE,3.655,4.661
2023_04_NE_DAL,2023,4,NE,4.661,3.711
2023_05_NO_NE,2023,5,NE,3.711,3.496
2023_06_NE_OAK,2023,6,NE,3.496,3.227
2023_07_BUF_NE,2023,7,NE,3.227,2.968
2023_08_NE_MIA,2023,8,NE,2.968,2.196
2023_09_WAS_NE,2023,9,NE,2.196,1.395
2023_10_IND_NE,2023,10,NE,1.395,1.223
2023_12_NE_NYG,2023,12,NE,1.223,1.667
2023_13_LAC_NE,2023,13,NE,1.667,3.091
2023_14_NE_PIT,2023,14,NE,3.091,3.038
2023_15_KC_NE,2023,15,NE,3.038,4.178
2023_16_NE_DEN,2023,16,NE,4.178,4.101
2023_17_NE_BUF,2023,17,NE,4.101,5.106
2023_18_NYJ_NE,2023,18,NE,5.106,6.407
2024_01_NE_CIN,2024,1,NE,4.107,5.071
2024_02_SEA_NE,2024,2,NE,5.071,4.059
2024_03_NE_NYJ,2024,3,NE,4.059,2.801
2024_04_NE_SF,2024,4,NE,2.801,3.458
2024_05_MIA_NE,2024,5,NE,3.458,4.626
2024_06_HOU_NE,2024,6,NE,4.626,5.233
2024_07_NE_JAX,2024,7,NE,5.233,4.411
2024_08_NYJ_NE,2024,8,NE,4.411,3.92
2024_09_NE_TEN,2024,9,NE,3.92,3.308
2024_10_NE_CHI,2024,10,NE,3.308,6.275
2024_11_LAR_NE,2024,11,NE,6.275,4.322
2024_12_NE_MIA,2024,12,NE,4.322,2.383
2024_13_IND_NE,2024,13,NE,2.383,2.487
2024_15_NE_ARI,2024,15,NE,2.487,1.815
2024_16_NE_BUF,2024,16,NE,1.815,3.798
2024_17_LAC_NE,2024,17,NE,3.798,1.994
2024_18_BUF_NE,2024,18,NE,1.994,1.968
2025_01_OAK_NE,2025,1,NE,1.261,1.177
2025_02_NE_MIA,2025,2,NE,1.177,1.168
2025_03_PIT_NE,2025,3,NE,1.168,1.849
2025_04_CAR_NE,2025,4,NE,1.849,2.043
2025_05_NE_BUF,2025,5,NE,2.043,1.815
2025_06_NE_NO,2025,6,NE,1.815,0.464
2025_07_NE_TEN,2025,7,NE,0.464,0.194
2025_08_CLE_NE,2025,8,NE,0.194,0.077
2025_09_ATL_NE,2025,9,NE,0.077,-1.103
2025_10_NE_TB,2025,10,NE,-1.103,-1.796
2025_11_NYJ_NE,2025,11,NE,-1.796,-2.476
2025_12_NE_CIN,2025,12,NE,-2.476,-1.152
2025_13_NYG_NE,2025,13,NE,-1.152,-0.799
2025_15_BUF_NE,2025,15,NE,-0.799,-0.859
2025_16_NE_BAL,2025,16,NE,-0.859,0.313
2025_17_NE_NYJ,2025,17,NE,0.313,0.714
2025_18_MIA_NE,2025,18,NE,0.714,1.32
2025_19_LAC_NE,2025,19,NE,1.32,3.142
2025_20_HOU_NE,2025,20,NE,3.142,7.075
2025_21_NE_DEN,2025,21,NE,7.075,7.837
2025_22_SEA_NE,2025,22,NE,7.837,8.085
2026_01_NE_SEA,2026,1,NE,5.182,6.98
1999_01_CAR_NO,1999,1,NO,0.0,0.25
1999_02_NO_SF,1999,2,NO,0.25,-0.471
1999_04_NO_CHI,1999,4,NO,-0.471,-1.261
1999_05_ATL_NO,1999,5,NO,-1.261,-2.764
1999_06_TEN_NO,1999,6,NO,-2.764,-2.649
1999_07_NO_NYG,1999,7,NO,-2.649,-4.166
1999_08_CLE_NO,1999,8,NO,-4.166,-6.371
1999_09_TB_NO,1999,9,NO,-6.371,-9.577
1999_10_SF_NO,1999,10,NO,-9.577,-9.95
1999_11_NO_JAX,1999,11,NO,-9.95,-11.517
1999_12_NO_LAR,1999,12,NO,-11.517,-12.087
1999_13_NO_ATL,1999,13,NO,-12.087,-13.6
1999_14_LAR_NO,1999,14,NO,-13.6,-15.308
1999_15_NO_BAL,1999,15,NO,-15.308,-15.402
1999_16_DAL_NO,1999,16,NO,-15.402,-16.389
1999_17_NO_CAR,1999,17,NO,-16.389,-16.557
2000_01_DET_NO,2000,1,NO,-10.613,-10.527
2000_02_NO_LAC,2000,2,NO,-10.527,-8.008
2000_03_NO_SEA,2000,3,NO,-8.008,-7.762
2000_04_PHI_NO,2000,4,NO,-7.762,-9.757
2000_06_NO_CHI,2000,6,NO,-9.757,-7.341
2000_07_CAR_NO,2000,7,NO,-7.341,-5.322
2000_08_NO_ATL,2000,8,NO,-5.322,-6.536
2000_09_NO_ARI,2000,9,NO,-6.536,-6.284
2000_10_SF_NO,2000,10,NO,-6.284,-6.572
2000_11_NO_CAR,2000,11,NO,-6.572,-4.83
2000_12_OAK_NO,2000,12,NO,-4.83,-5.719
2000_13_NO_LAR,2000,13,NO,-5.719,-5.302
2000_14_DEN_NO,2000,14,NO,-5.302,-7.077
2000_15_NO_SF,2000,15,NO,-7.077,-8.34
2000_16_ATL_NO,2000,16,NO,-8.34,-7.418
2000_17_LAR_NO,2000,17,NO,-7.418,-6.451
2000_18_LAR_NO,2000,18,NO,-6.451,-7.608
2000_19_NO_MIN,2000,19,NO,-7.608,-10.189
2001_01_NO_BUF,2001,1,NO,-6.531,-4.284
2001_03_NO_NYG,2001,3,NO,-4.284,-2.965
2001_04_MIN_NO,2001,4,NO,-2.965,-3.128
2001_05_NO_CAR,2001,5,NO,-3.128,-3.714
2001_06_ATL_NO,2001,6,NO,-3.714,-4.99
2001_07_NO_LAR,2001,7,NO,-4.99,-4.23
2001_08_NYJ_NO,2001,8,NO,-4.23,-4.433
2001_09_NO_SF,2001,9,NO,-4.433,-5.38
2001_10_IND_NO,2001,10,NO,-5.38,-5.968
2001_11_NO_NE,2001,11,NO,-5.968,-8.432
2001_12_CAR_NO,2001,12,NO,-8.432,-8.662
2001_13_NO_ATL,2001,13,NO,-8.662,-6.747
2001_14_LAR_NO,2001,14,NO,-6.747,-8.607
2001_15_NO_TB,2001,15,NO,-8.607,-10.144
2001_16_WAS_NO,2001,16,NO,-10.144,-10.325
2001_17_SF_NO,2001,17,NO,-10.325,-12.2
2002_01_NO_TB,2002,1,NO,-7.82,-8.392
2002_02_GB_NO,2002,2,NO,-8.392,-10.154
2002_03_NO_CHI,2002,3,NO,-10.154,-11.049
2002_04_NO_DET,2002,4,NO,-11.049,-12.967
2002_05_PIT_NO,2002,5,NO,-12.967,-14.145
2002_06_NO_WAS,2002,6,NO,-14.145,-11.646
2002_07_SF_NO,2002,7,NO,-11.646,-12.736
2002_08_ATL_NO,2002,8,NO,-12.736,-15.368
2002_10_NO_CAR,2002,10,NO,-15.368,-16.314
2002_11_NO_ATL,2002,11,NO,-16.314,-16.821
2002_12_CLE_NO,2002,12,NO,-16.821,-16.417
2002_13_TB_NO,2002,13,NO,-16.417,-16.831
2002_14_NO_BAL,2002,14,NO,-16.831,-16.618
2002_15_MIN_NO,2002,15,NO,-16.618,-20.665
2002_16_NO_CIN,2002,16,NO,-20.665,-18.116
2002_17_CAR_NO,2002,17,NO,-18.116,-18.376
2003_01_NO_SEA,2003,1,NO,-11.779,-10.708
2003_02_HOU_NO,2003,2,NO,-10.708,-9.76
2003_03_NO_TEN,2003,3,NO,-9.76,-9.951
2003_04_IND_NO,2003,4,NO,-9.951,-13.836
2003_05_NO_CAR,2003,5,NO,-13.836,-13.968
2003_06_CHI_NO,2003,6,NO,-13.968,-14.316
2003_07_NO_ATL,2003,7,NO,-14.316,-13.445
2003_08_CAR_NO,2003,8,NO,-13.445,-13.572
2003_09_NO_TB,2003,9,NO,-13.572,-12.502
2003_11_ATL_NO,2003,11,NO,-12.502,-10.597
2003_12_NO_PHI,2003,12,NO,-10.597,-11.385
2003_13_NO_WAS,2003,13,NO,-11.385,-11.524
2003_14_TB_NO,2003,14,NO,-11.524,-12.171
2003_15_NYG_NO,2003,15,NO,-12.171,-13.1
2003_16_NO_JAX,2003,16,NO,-13.1,-11.961
2003_17_DAL_NO,2003,17,NO,-11.961,-11.925
2004_01_SEA_NO,2004,1,NO,-7.644,-8.796
2004_02_SF_NO,2004,2,NO,-8.796,-9.309
2004_03_NO_LAR,2004,3,NO,-9.309,-11.385
2004_04_NO_ARI,2004,4,NO,-11.385,-11.173
2004_05_TB_NO,2004,5,NO,-11.173,-11.467
2004_06_MIN_NO,2004,6,NO,-11.467,-13.349
2004_07_NO_OAK,2004,7,NO,-13.349,-14.955
2004_09_NO_LAC,2004,9,NO,-14.955,-16.209
2004_10_KC_NO,2004,10,NO,-16.209,-16.276
2004_11_DEN_NO,2004,11,NO,-16.276,-17.564
2004_12_NO_ATL,2004,12,NO,-17.564,-18.958
2004_13_CAR_NO,2004,13,NO,-18.958,-19.934
2004_14_NO_DAL,2004,14,NO,-19.934,-16.947
2004_15_NO_TB,2004,15,NO,-16.947,-15.619
2004_16_ATL_NO,2004,16,NO,-15.619,-14.409
2004_17_NO_CAR,2004,17,NO,-14.409,-12.81
2005_01_NO_CAR,2005,1,NO,-8.211,-7.723
2005_02_NYG_NO,2005,2,NO,-7.723,-8.206
2005_03_NO_MIN,2005,3,NO,-8.206,-9.168
2005_04_BUF_NO,2005,4,NO,-9.168,-8.827
2005_05_NO_GB,2005,5,NO,-8.827,-10.224
2005_06_ATL_NO,2005,6,NO,-10.224,-9.911
2005_07_NO_LAR,2005,7,NO,-9.911,-11.019
2005_08_MIA_NO,2005,8,NO,-11.019,-9.99
2005_09_CHI_NO,2005,9,NO,-9.99,-8.721
2005_11_NO_NE,2005,11,NO,-8.721,-8.317
2005_12_NO_NYJ,2005,12,NO,-8.317,-10.311
2005_13_TB_NO,2005,13,NO,-10.311,-10.062
2005_14_NO_ATL,2005,14,NO,-10.062,-12.019
2005_15_CAR_NO,2005,15,NO,-12.019,-11.811
2005_16_DET_NO,2005,16,NO,-11.811,-11.912
2005_17_NO_TB,2005,17,NO,-11.912,-12.011
2006_01_NO_CLE,2006,1,NO,-7.699,-7.012
2006_02_NO_GB,2006,2,NO,-7.012,-8.032
2006_03_ATL_NO,2006,3,NO,-8.032,-6.559
2006_04_NO_CAR,2006,4,NO,-6.559,-6.977
2006_05_TB_NO,2006,5,NO,-6.977,-9.727
2006_06_PHI_NO,2006,6,NO,-9.727,-9.403
2006_08_BAL_NO,2006,8,NO,-9.403,-12.087
2006_09_NO_TB,2006,9,NO,-12.087,-12.573
2006_10_NO_PIT,2006,10,NO,-12.573,-13.597
2006_11_CIN_NO,2006,11,NO,-13.597,-14.685
2006_12_NO_ATL,2006,12,NO,-14.685,-15.393
2006_13_SF_NO,2006,13,NO,-15.393,-13.555
2006_14_NO_DAL,2006,14,NO,-13.555,-11.925
2006_15_WAS_NO,2006,15,NO,-11.925,-12.815
2006_16_NO_NYG,2006,16,NO,-12.815,-10.507
2006_17_CAR_NO,2006,17,NO,-10.507,-13.017
2006_19_PHI_NO,2006,19,NO,-13.017,-13.447
2006_20_NO_CHI,2006,20,NO,-13.447,-13.13
2007_01_NO_IND,2007,1,NO,-8.416,-9.857
2007_02_NO_TB,2007,2,NO,-9.857,-10.802
2007_03_TEN_NO,2007,3,NO,-10.802,-12.051
2007_05_CAR_NO,2007,5,NO,-12.051,-12.002
2007_06_NO_SEA,2007,6,NO,-12.002,-12.021
2007_07_ATL_NO,2007,7,NO,-12.021,-12.706
2007_08_NO_SF,2007,8,NO,-12.706,-12.59
2007_09_JAX_NO,2007,9,NO,-12.59,-13.972
2007_10_LAR_NO,2007,10,NO,-13.972,-15.906
2007_11_NO_HOU,2007,11,NO,-15.906,-18.133
2007_12_NO_CAR,2007,12,NO,-18.133,-15.561
2007_13_TB_NO,2007,13,NO,-15.561,-19.015
2007_14_NO_ATL,2007,14,NO,-19.015,-20.174
2007_15_ARI_NO,2007,15,NO,-20.174,-20.947
2007_16_PHI_NO,2007,16,NO,-20.947,-22.995
2007_17_NO_CHI,2007,17,NO,-22.995,-22.443
2008_01_TB_NO,2008,1,NO,-14.386,-14.235
2008_02_NO_WAS,2008,2,NO,-14.235,-14.969
2008_03_NO_DEN,2008,3,NO,-14.969,-14.995
2008_04_SF_NO,2008,4,NO,-14.995,-13.88
2008_05_MIN_NO,2008,5,NO,-13.88,-14.842
2008_06_OAK_NO,2008,6,NO,-14.842,-13.512
2008_07_NO_CAR,2008,7,NO,-13.512,-13.978
2008_08_LAC_NO,2008,8,NO,-13.978,-15.195
2008_10_NO_ATL,2008,10,NO,-15.195,-17.1
2008_11_NO_KC,2008,11,NO,-17.1,-16.954
2008_12_GB_NO,2008,12,NO,-16.954,-17.122
2008_13_NO_TB,2008,13,NO,-17.122,-15.189
2008_14_ATL_NO,2008,14,NO,-15.189,-17.399
2008_15_NO_CHI,2008,15,NO,-17.399,-16.402
2008_16_NO_DET,2008,16,NO,-16.402,-14.815
2008_17_CAR_NO,2008,17,NO,-14.815,-16.212
2009_01_DET_NO,2009,1,NO,-10.392,-9.271
2009_02_NO_PHI,2009,2,NO,-9.271,-9.731
2009_03_NO_BUF,2009,3,NO,-9.731,-7.578
2009_04_NYJ_NO,2009,4,NO,-7.578,-5.488
2009_06_NYG_NO,2009,6,NO,-5.488,-4.741
2009_07_NO_MIA,2009,7,NO,-4.741,-3.123
2009_08_ATL_NO,2009,8,NO,-3.123,-1.477
2009_09_CAR_NO,2009,9,NO,-1.477,-2.023
2009_10_NO_LAR,2009,10,NO,-2.023,-4.414
2009_11_NO_TB,2009,11,NO,-4.414,-2.375
2009_12_NE_NO,2009,12,NO,-2.375,-0.892
2009_13_NO_WAS,2009,13,NO,-0.892,-3.625
2009_14_NO_ATL,2009,14,NO,-3.625,-5.578
2009_15_DAL_NO,2009,15,NO,-5.578,-6.385
2009_16_TB_NO,2009,16,NO,-6.385,-6.903
2009_17_NO_CAR,2009,17,NO,-6.903,-6.851
2009_19_ARI_NO,2009,19,NO,-6.851,-5.823
2009_20_MIN_NO,2009,20,NO,-5.823,-5.619
2009_21_NO_IND,2009,21,NO,-5.619,-5.251
2010_01_MIN_NO,2010,1,NO,-3.366,-3.165
2010_02_NO_SF,2010,2,NO,-3.165,-4.704
2010_03_ATL_NO,2010,3,NO,-4.704,-6.211
2010_04_CAR_NO,2010,4,NO,-6.211,-6.92
2010_05_NO_ARI,2010,5,NO,-6.92,-6.74
2010_06_NO_TB,2010,6,NO,-6.74,-7.389
2010_07_CLE_NO,2010,7,NO,-7.389,-7.415
2010_08_PIT_NO,2010,8,NO,-7.415,-6.445
2010_09_NO_CAR,2010,9,NO,-6.445,-5.151
2010_11_SEA_NO,2010,11,NO,-5.151,-9.088
2010_12_NO_DAL,2010,12,NO,-9.088,-10.499
2010_13_NO_CIN,2010,13,NO,-10.499,-10.755
2010_14_LAR_NO,2010,14,NO,-10.755,-9.989
2010_15_NO_BAL,2010,15,NO,-9.989,-9.13
2010_16_NO_ATL,2010,16,NO,-9.13,-8.96
2010_17_TB_NO,2010,17,NO,-8.96,-10.615
2010_18_NO_SEA,2010,18,NO,-10.615,-12.315
2011_01_NO_GB,2011,1,NO,-7.894,-8.794
2011_02_CHI_NO,2011,2,NO,-8.794,-7.734
2011_03_HOU_NO,2011,3,NO,-7.734,-9.027
2011_04_NO_JAX,2011,4,NO,-9.027,-7.125
2011_05_NO_CAR,2011,5,NO,-7.125,-7.535
2011_06_NO_TB,2011,6,NO,-7.535,-8.558
2011_07_IND_NO,2011,7,NO,-8.558,-7.82
2011_08_NO_LAR,2011,8,NO,-7.82,-7.941
2011_09_TB_NO,2011,9,NO,-7.941,-10.024
2011_10_NO_ATL,2011,10,NO,-10.024,-11.21
2011_12_NYG_NO,2011,12,NO,-11.21,-13.716
2011_13_DET_NO,2011,13,NO,-13.716,-14.961
2011_14_NO_TEN,2011,14,NO,-14.961,-13.63
2011_15_NO_MIN,2011,15,NO,-13.63,-13.045
2011_16_ATL_NO,2011,16,NO,-13.045,-14.566
2011_17_CAR_NO,2011,17,NO,-14.566,-13.686
2011_18_DET_NO,2011,18,NO,-13.686,-15.283
2011_19_NO_SF,2011,19,NO,-15.283,-16.795
2012_01_WAS_NO,2012,1,NO,-10.766,-13.827
2012_02_NO_CAR,2012,2,NO,-13.827,-15.316
2012_03_KC_NO,2012,3,NO,-15.316,-15.004
2012_04_NO_GB,2012,4,NO,-15.004,-16.699
2012_05_LAC_NO,2012,5,NO,-16.699,-17.043
2012_07_NO_TB,2012,7,NO,-17.043,-18.9
2012_08_NO_DEN,2012,8,NO,-18.9,-19.47
2012_09_PHI_NO,2012,9,NO,-19.47,-18.199
2012_10_ATL_NO,2012,10,NO,-18.199,-19.749
2012_11_NO_OAK,2012,11,NO,-19.749,-18.117
2012_12_SF_NO,2012,12,NO,-18.117,-20.008
2012_13_NO_ATL,2012,13,NO,-20.008,-18.625
2012_14_NO_NYG,2012,14,NO,-18.625,-18.789
2012_15_TB_NO,2012,15,NO,-18.789,-16.639
2012_16_NO_DAL,2012,16,NO,-16.639,-18.579
2012_17_CAR_NO,2012,17,NO,-18.579,-17.564
2013_01_ATL_NO,2013,1,NO,-11.259,-11.414
2013_02_NO_TB,2013,2,NO,-11.414,-9.896
2013_03_ARI_NO,2013,3,NO,-9.896,-7.564
2013_04_MIA_NO,2013,4,NO,-7.564,-7.642
2013_05_NO_CHI,2013,5,NO,-7.642,-9.563
2013_06_NO_NE,2013,6,NO,-9.563,-7.811
2013_08_BUF_NO,2013,8,NO,-7.811,-8.173
2013_09_NO_NYJ,2013,9,NO,-8.173,-7.845
2013_10_DAL_NO,2013,10,NO,-7.845,-5.831
2013_11_SF_NO,2013,11,NO,-5.831,-5.491
2013_12_NO_ATL,2013,12,NO,-5.491,-5.524
2013_13_NO_SEA,2013,13,NO,-5.524,-7.647
2013_14_CAR_NO,2013,14,NO,-7.647,-7.45
2013_15_NO_LAR,2013,15,NO,-7.45,-9.416
2013_16_NO_CAR,2013,16,NO,-9.416,-7.268
2013_17_TB_NO,2013,17,NO,-7.268,-8.227
2013_18_NO_PHI,2013,18,NO,-8.227,-8.28
2013_19_NO_SEA,2013,19,NO,-8.28,-6.304
2014_01_NO_ATL,2014,1,NO,-4.041,-7.702
2014_02_NO_CLE,2014,2,NO,-7.702,-8.297
2014_03_MIN_NO,2014,3,NO,-8.297,-8.153
2014_04_NO_DAL,2014,4,NO,-8.153,-10.408
2014_05_TB_NO,2014,5,NO,-10.408,-11.716
2014_07_NO_DET,2014,7,NO,-11.716,-11.889
2014_08_GB_NO,2014,8,NO,-11.889,-13.07
2014_09_NO_CAR,2014,9,NO,-13.07,-10.614
2014_10_SF_NO,2014,10,NO,-10.614,-9.771
2014_11_CIN_NO,2014,11,NO,-9.771,-11.988
2014_12_BAL_NO,2014,12,NO,-11.988,-13.295
2014_13_NO_PIT,2014,13,NO,-13.295,-13.361
2014_14_CAR_NO,2014,14,NO,-13.361,-17.622
2014_15_NO_CHI,2014,15,NO,-17.622,-13.898
2014_16_ATL_NO,2014,16,NO,-13.898,-15.329
2014_17_NO_TB,2014,17,NO,-15.329,-13.804
2015_01_NO_ARI,2015,1,NO,-8.849,-11.446
2015_02_TB_NO,2015,2,NO,-11.446,-12.889
2015_03_NO_CAR,2015,3,NO,-12.889,-14.827
2015_04_DAL_NO,2015,4,NO,-14.827,-15.555
2015_05_NO_PHI,2015,5,NO,-15.555,-16.243
2015_06_ATL_NO,2015,6,NO,-16.243,-16.25
2015_07_NO_IND,2015,7,NO,-16.25,-15.869
2015_08_NYG_NO,2015,8,NO,-15.869,-19.369
2015_09_TEN_NO,2015,9,NO,-19.369,-23.453
2015_10_NO_WAS,2015,10,NO,-23.453,-24.791
2015_12_NO_HOU,2015,12,NO,-24.791,-25.661
2015_13_CAR_NO,2015,13,NO,-25.661,-28.491
2015_14_NO_TB,2015,14,NO,-28.491,-27.697
2015_15_DET_NO,2015,15,NO,-27.697,-28.349
2015_16_JAX_NO,2015,16,NO,-28.349,-30.201
2015_17_NO_ATL,2015,17,NO,-30.201,-30.659
2016_01_OAK_NO,2016,1,NO,-19.652,-21.456
2016_02_NO_NYG,2016,2,NO,-21.456,-21.75
2016_03_ATL_NO,2016,3,NO,-21.75,-21.907
2016_04_NO_LAC,2016,4,NO,-21.907,-21.039
2016_06_CAR_NO,2016,6,NO,-21.039,-21.671
2016_07_NO_KC,2016,7,NO,-21.671,-21.887
2016_08_SEA_NO,2016,8,NO,-21.887,-21.308
2016_09_NO_SF,2016,9,NO,-21.308,-22.485
2016_10_DEN_NO,2016,10,NO,-22.485,-21.585
2016_11_NO_CAR,2016,11,NO,-21.585,-19.212
2016_12_LAR_NO,2016,12,NO,-19.212,-19.651
2016_13_DET_NO,2016,13,NO,-19.651,-21.018
2016_14_NO_TB,2016,14,NO,-21.018,-19.329
2016_15_NO_ARI,2016,15,NO,-19.329,-21.097
2016_16_TB_NO,2016,16,NO,-21.097,-21.409
2016_17_NO_ATL,2016,17,NO,-21.409,-23.206
2017_01_NO_MIN,2017,1,NO,-14.875,-17.563
2017_02_NE_NO,2017,2,NO,-17.563,-20.523
2017_03_NO_CAR,2017,3,NO,-20.523,-17.727
2017_04_NO_MIA,2017,4,NO,-17.727,-15.711
2017_06_DET_NO,2017,6,NO,-15.711,-13.521
2017_07_NO_GB,2017,7,NO,-13.521,-12.813
2017_08_CHI_NO,2017,8,NO,-12.813,-12.581
2017_09_TB_NO,2017,9,NO,-12.581,-11.157
2017_10_NO_BUF,2017,10,NO,-11.157,-8.454
2017_11_WAS_NO,2017,11,NO,-8.454,-10.305
2017_12_NO_LAR,2017,12,NO,-10.305,-10.117
2017_13_CAR_NO,2017,13,NO,-10.117,-11.499
2017_14_NO_ATL,2017,14,NO,-11.499,-9.303
2017_15_NYJ_NO,2017,15,NO,-9.303,-9.191
2017_16_ATL_NO,2017,16,NO,-9.191,-8.117
2017_17_NO_TB,2017,17,NO,-8.117,-7.751
2017_18_CAR_NO,2017,18,NO,-7.751,-9.397
2017_19_NO_MIN,2017,19,NO,-9.397,-9.611
2018_01_TB_NO,2018,1,NO,-6.161,-11.443
2018_02_CLE_NO,2018,2,NO,-11.443,-12.488
2018_03_NO_ATL,2018,3,NO,-12.488,-15.203
2018_04_NO_NYG,2018,4,NO,-15.203,-15.196
2018_05_WAS_NO,2018,5,NO,-15.196,-14.838
2018_07_NO_BAL,2018,7,NO,-14.838,-15.336
2018_08_NO_MIN,2018,8,NO,-15.336,-15.891
2018_09_LAR_NO,2018,9,NO,-15.891,-18.673
2018_10_NO_CIN,2018,10,NO,-18.673,-15.687
2018_11_PHI_NO,2018,11,NO,-15.687,-12.367
2018_12_ATL_NO,2018,12,NO,-12.367,-12.301
2018_13_NO_DAL,2018,13,NO,-12.301,-12.0
2018_14_NO_TB,2018,14,NO,-12.0,-10.544
2018_15_NO_CAR,2018,15,NO,-10.544,-7.019
2018_16_PIT_NO,2018,16,NO,-7.019,-8.769
2018_17_CAR_NO,2018,17,NO,-8.769,-11.982
2018_19_PHI_NO,2018,19,NO,-11.982,-11.726
2018_20_LAR_NO,2018,20,NO,-11.726,-12.287
2019_01_HOU_NO,2019,1,NO,-7.876,-8.674
2019_02_NO_LAR,2019,2,NO,-8.674,-8.852
2019_03_NO_SEA,2019,3,NO,-8.852,-12.581
2019_04_DAL_NO,2019,4,NO,-12.581,-11.419
2019_05_TB_NO,2019,5,NO,-11.419,-10.624
2019_06_NO_JAX,2019,6,NO,-10.624,-8.388
2019_07_NO_CHI,2019,7,NO,-8.388,-8.758
2019_08_ARI_NO,2019,8,NO,-8.758,-8.32
2019_10_ATL_NO,2019,10,NO,-8.32,-7.445
2019_11_NO_TB,2019,11,NO,-7.445,-6.389
2019_12_CAR_NO,2019,12,NO,-6.389,-8.662
2019_13_NO_ATL,2019,13,NO,-8.662,-7.218
2019_14_SF_NO,2019,14,NO,-7.218,-9.593
2019_15_IND_NO,2019,15,NO,-9.593,-8.955
2019_16_NO_TEN,2019,16,NO,-8.955,-8.593
2019_17_NO_CAR,2019,17,NO,-8.593,-5.981
2019_18_MIN_NO,2019,18,NO,-5.981,-5.796
2020_01_TB_NO,2020,1,NO,-3.715,-3.726
2020_02_NO_OAK,2020,2,NO,-3.726,-5.626
2020_03_GB_NO,2020,3,NO,-5.626,-7.229
2020_04_NO_DET,2020,4,NO,-7.229,-7.111
2020_05_LAC_NO,2020,5,NO,-7.111,-8.611
2020_07_CAR_NO,2020,7,NO,-8.611,-10.59
2020_08_NO_CHI,2020,8,NO,-10.59,-10.136
2020_09_NO_TB,2020,9,NO,-10.136,-6.224
2020_10_SF_NO,2020,10,NO,-6.224,-6.439
2020_11_ATL_NO,2020,11,NO,-6.439,-2.096
2020_13_NO_ATL,2020,13,NO,-2.096,-1.441
2020_14_NO_PHI,2020,14,NO,-1.441,-3.535
2020_15_KC_NO,2020,15,NO,-3.535,-3.092
2020_16_MIN_NO,2020,16,NO,-3.092,-4.52
2020_17_NO_CAR,2020,17,NO,-4.52,-2.036
2020_18_CHI_NO,2020,18,NO,-2.036,-2.876
2020_19_TB_NO,2020,19,NO,-2.876,-3.196
2021_01_GB_NO,2021,1,NO,-2.048,1.233
2021_02_NO_CAR,2021,2,NO,1.233,0.134
2021_03_NO_NE,2021,3,NO,0.134,1.085
2021_04_NYG_NO,2021,4,NO,1.085,-2.362
2021_05_NO_WAS,2021,5,NO,-2.362,-1.177
2021_07_NO_SEA,2021,7,NO,-1.177,-0.331
2021_08_TB_NO,2021,8,NO,-0.331,-1.326
2021_09_ATL_NO,2021,9,NO,-1.326,-3.683
2021_10_NO_TEN,2021,10,NO,-3.683,-3.809
2021_11_NO_PHI,2021,11,NO,-3.809,-3.993
2021_12_BUF_NO,2021,12,NO,-3.993,-5.438
2021_13_DAL_NO,2021,13,NO,-5.438,-4.444
2021_14_NO_NYJ,2021,14,NO,-4.444,-3.803
2021_15_NO_TB,2021,15,NO,-3.803,0.047
2021_16_MIA_NO,2021,16,NO,0.047,-0.263
2021_17_CAR_NO,2021,17,NO,-0.263,1.204
2021_18_NO_ATL,2021,18,NO,1.204,1.518
2022_01_NO_ATL,2022,1,NO,0.973,-1.932
2022_02_TB_NO,2022,2,NO,-1.932,-1.319
2022_03_NO_CAR,2022,3,NO,-1.319,-1.093
2022_04_MIN_NO,2022,4,NO,-1.093,-0.77
2022_05_SEA_NO,2022,5,NO,-0.77,-2.393
2022_06_CIN_NO,2022,6,NO,-2.393,-5.375
2022_07_NO_ARI,2022,7,NO,-5.375,-5.379
2022_08_OAK_NO,2022,8,NO,-5.379,-2.831
2022_09_BAL_NO,2022,9,NO,-2.831,-2.665
2022_10_NO_PIT,2022,10,NO,-2.665,-2.411
2022_11_LAR_NO,2022,11,NO,-2.411,-2.956
2022_12_NO_SF,2022,12,NO,-2.956,-2.779
2022_13_NO_TB,2022,13,NO,-2.779,-2.416
2022_15_ATL_NO,2022,15,NO,-2.416,-1.947
2022_16_NO_CLE,2022,16,NO,-1.947,-0.623
2022_17_NO_PHI,2022,17,NO,-0.623,1.474
2022_18_CAR_NO,2022,18,NO,1.474,3.411
2023_01_TEN_NO,2023,1,NO,2.186,4.665
2023_02_NO_CAR,2023,2,NO,4.665,3.472
2023_03_NO_GB,2023,3,NO,3.472,3.157
2023_04_TB_NO,2023,4,NO,3.157,0.151
2023_05_NO_NE,2023,5,NO,0.151,2.93
2023_06_NO_HOU,2023,6,NO,2.93,3.11
2023_07_JAX_NO,2023,7,NO,3.11,1.004
2023_08_NO_IND,2023,8,NO,1.004,0.752
2023_09_CHI_NO,2023,9,NO,0.752,-0.875
2023_10_NO_MIN,2023,10,NO,-0.875,-3.837
2023_12_NO_ATL,2023,12,NO,-3.837,-4.171
2023_13_DET_NO,2023,13,NO,-4.171,-4.43
2023_14_CAR_NO,2023,14,NO,-4.43,-4.019
2023_15_NYG_NO,2023,15,NO,-4.019,-3.701
2023_16_NO_LAR,2023,16,NO,-3.701,-5.312
2023_17_NO_TB,2023,17,NO,-5.312,-5.02
2023_18_ATL_NO,2023,18,NO,-5.02,-7.216
2024_01_CAR_NO,2024,1,NO,-4.626,-3.555
2024_02_NO_DAL,2024,2,NO,-3.555,-3.128
2024_03_PHI_NO,2024,3,NO,-3.128,-3.318
2024_04_NO_ATL,2024,4,NO,-3.318,-2.699
2024_05_NO_KC,2024,5,NO,-2.699,-2.197
2024_06_TB_NO,2024,6,NO,-2.197,-4.113
2024_07_DEN_NO,2024,7,NO,-4.113,-6.04
2024_08_NO_LAC,2024,8,NO,-6.04,-7.744
2024_09_NO_CAR,2024,9,NO,-7.744,-7.713
2024_10_ATL_NO,2024,10,NO,-7.713,-6.655
2024_11_CLE_NO,2024,11,NO,-6.655,-9.017
2024_13_LAR_NO,2024,13,NO,-9.017,-8.639
2024_14_NO_NYG,2024,14,NO,-8.639,-7.277
2024_15_WAS_NO,2024,15,NO,-7.277,-7.887
2024_16_NO_GB,2024,16,NO,-7.887,-7.067
2024_17_OAK_NO,2024,17,NO,-7.067,-8.301
2024_18_NO_TB,2024,18,NO,-8.301,-8.345
2025_01_ARI_NO,2025,1,NO,-5.349,-5.022
2025_02_SF_NO,2025,2,NO,-5.022,-6.875
2025_03_NO_SEA,2025,3,NO,-6.875,-7.666
2025_04_NO_BUF,2025,4,NO,-7.666,-6.965
2025_05_NYG_NO,2025,5,NO,-6.965,-8.688
2025_06_NE_NO,2025,6,NO,-8.688,-10.915
2025_07_NO_CHI,2025,7,NO,-10.915,-8.828
2025_08_TB_NO,2025,8,NO,-8.828,-7.306
2025_09_NO_LAR,2025,9,NO,-7.306,-8.894
2025_10_NO_CAR,2025,10,NO,-8.894,-7.542
2025_12_ATL_NO,2025,12,NO,-7.542,-7.005
2025_13_NO_MIA,2025,13,NO,-7.005,-4.127
2025_14_NO_TB,2025,14,NO,-4.127,-2.806
2025_15_CAR_NO,2025,15,NO,-2.806,-4.38
2025_16_NYJ_NO,2025,16,NO,-4.38,-3.082
2025_17_NO_TEN,2025,17,NO,-3.082,-3.16
2025_18_NO_ATL,2025,18,NO,-3.16,-1.446
2026_01_NO_DET,2026,1,NO,-0.927,-1.598
1999_01_NYG_TB,1999,1,NYG,0.0,1.593
1999_02_WAS_NYG,1999,2,NYG,1.593,-1.64
1999_03_NYG_NE,1999,3,NYG,-1.64,-2.248
1999_04_PHI_NYG,1999,4,NYG,-2.248,-0.927
1999_05_NYG_ARI,1999,5,NYG,-0.927,-2.354
1999_06_DAL_NYG,1999,6,NYG,-2.354,-2.22
1999_07_NO_NYG,1999,7,NYG,-2.22,0.006
1999_08_NYG_PHI,1999,8,NYG,0.006,-0.648
1999_10_IND_NYG,1999,10,NYG,-0.648,-0.648
1999_11_NYG_WAS,1999,11,NYG,-0.648,0.015
1999_12_ARI_NYG,1999,12,NYG,0.015,-0.135
1999_13_NYJ_NYG,1999,13,NYG,-0.135,-3.54
1999_14_NYG_BUF,1999,14,NYG,-3.54,-2.477
1999_15_NYG_LAR,1999,15,NYG,-2.477,-4.415
1999_16_MIN_NYG,1999,16,NYG,-4.415,-2.693
1999_17_NYG_DAL,1999,17,NYG,-2.693,-4.877
2000_01_ARI_NYG,2000,1,NYG,-3.126,-4.138
2000_02_NYG_PHI,2000,2,NYG,-4.138,-5.698
2000_03_NYG_CHI,2000,3,NYG,-5.698,-5.882
2000_04_WAS_NYG,2000,4,NYG,-5.882,-7.389
2000_05_NYG_TEN,2000,5,NYG,-7.389,-9.484
2000_06_NYG_ATL,2000,6,NYG,-9.484,-9.306
2000_07_DAL_NYG,2000,7,NYG,-9.306,-6.644
2000_09_PHI_NYG,2000,9,NYG,-6.644,-4.816
2000_10_NYG_CLE,2000,10,NYG,-4.816,-4.386
2000_11_LAR_NYG,2000,11,NYG,-4.386,-7.571
2000_12_DET_NYG,2000,12,NYG,-7.571,-9.396
2000_13_NYG_ARI,2000,13,NYG,-9.396,-7.931
2000_14_NYG_WAS,2000,14,NYG,-7.931,-5.495
2000_15_PIT_NYG,2000,15,NYG,-5.495,-5.519
2000_16_NYG_DAL,2000,16,NYG,-5.519,-4.196
2000_17_JAX_NYG,2000,17,NYG,-4.196,-4.736
2000_19_PHI_NYG,2000,19,NYG,-4.736,-2.055
2000_20_MIN_NYG,2000,20,NYG,-2.055,3.128
2000_21_BAL_NYG,2000,21,NYG,3.128,3.247
2001_01_NYG_DEN,2001,1,NYG,2.081,-0.57
2001_02_NYG_KC,2001,2,NYG,-0.57,-0.026
2001_03_NO_NYG,2001,3,NYG,-0.026,0.674
2001_04_WAS_NYG,2001,4,NYG,0.674,2.921
2001_05_NYG_LAR,2001,5,NYG,2.921,4.127
2001_06_PHI_NYG,2001,6,NYG,4.127,5.14
2001_07_NYG_WAS,2001,7,NYG,5.14,4.078
2001_08_DAL_NYG,2001,8,NYG,4.078,4.996
2001_09_NYG_ARI,2001,9,NYG,4.996,5.409
2001_10_NYG_MIN,2001,10,NYG,5.409,3.981
2001_11_OAK_NYG,2001,11,NYG,3.981,2.811
2001_13_NYG_DAL,2001,13,NYG,2.811,1.473
2001_14_ARI_NYG,2001,14,NYG,1.473,0.753
2001_15_SEA_NYG,2001,15,NYG,0.753,0.761
2001_16_NYG_PHI,2001,16,NYG,0.761,-0.262
2001_17_GB_NYG,2001,17,NYG,-0.262,-1.146
2002_01_SF_NYG,2002,1,NYG,-0.735,-0.484
2002_02_NYG_LAR,2002,2,NYG,-0.484,-0.727
2002_03_SEA_NYG,2002,3,NYG,-0.727,0.388
2002_04_NYG_ARI,2002,4,NYG,0.388,-0.743
2002_05_NYG_DAL,2002,5,NYG,-0.743,-1.608
2002_06_ATL_NYG,2002,6,NYG,-1.608,-4.595
2002_08_NYG_PHI,2002,8,NYG,-4.595,-5.472
2002_09_JAX_NYG,2002,9,NYG,-5.472,-7.542
2002_10_NYG_MIN,2002,10,NYG,-7.542,-6.453
2002_11_WAS_NYG,2002,11,NYG,-6.453,-5.278
2002_12_NYG_HOU,2002,12,NYG,-5.278,-5.228
2002_13_TEN_NYG,2002,13,NYG,-5.228,-8.406
2002_14_NYG_WAS,2002,14,NYG,-8.406,-7.679
2002_15_DAL_NYG,2002,15,NYG,-7.679,-6.381
2002_16_NYG_IND,2002,16,NYG,-6.381,-7.519
2002_17_PHI_NYG,2002,17,NYG,-7.519,-6.651
2002_18_NYG_SF,2002,18,NYG,-6.651,-9.42
2003_01_LAR_NYG,2003,1,NYG,-6.038,-5.07
2003_02_DAL_NYG,2003,2,NYG,-5.07,-5.782
2003_03_NYG_WAS,2003,3,NYG,-5.782,-6.542
2003_05_MIA_NYG,2003,5,NYG,-6.542,-5.689
2003_06_NYG_NE,2003,6,NYG,-5.689,-3.939
2003_07_PHI_NYG,2003,7,NYG,-3.939,-0.977
2003_08_NYG_MIN,2003,8,NYG,-0.977,-0.86
2003_09_NYG_NYJ,2003,9,NYG,-0.86,-1.085
2003_10_ATL_NYG,2003,10,NYG,-1.085,-0.369
2003_11_NYG_PHI,2003,11,NYG,-0.369,-3.101
2003_12_NYG_TB,2003,12,NYG,-3.101,-2.909
2003_13_BUF_NYG,2003,13,NYG,-2.909,-4.396
2003_14_WAS_NYG,2003,14,NYG,-4.396,-5.686
2003_15_NYG_NO,2003,15,NYG,-5.686,-10.043
2003_16_NYG_DAL,2003,16,NYG,-10.043,-10.939
2003_17_CAR_NYG,2003,17,NYG,-10.939,-8.98
2004_01_NYG_PHI,2004,1,NYG,-5.756,-8.478
2004_02_WAS_NYG,2004,2,NYG,-8.478,-7.958
2004_03_CLE_NYG,2004,3,NYG,-7.958,-6.69
2004_04_NYG_GB,2004,4,NYG,-6.69,-5.843
2004_05_NYG_DAL,2004,5,NYG,-5.843,-4.637
2004_07_DET_NYG,2004,7,NYG,-4.637,-5.441
2004_08_NYG_MIN,2004,8,NYG,-5.441,-4.718
2004_09_CHI_NYG,2004,9,NYG,-4.718,-4.056
2004_10_NYG_ARI,2004,10,NYG,-4.056,-3.174
2004_11_ATL_NYG,2004,11,NYG,-3.174,-4.197
2004_12_PHI_NYG,2004,12,NYG,-4.197,-4.922
2004_13_NYG_WAS,2004,13,NYG,-4.922,-7.009
2004_14_NYG_BAL,2004,14,NYG,-7.009,-8.467
2004_15_PIT_NYG,2004,15,NYG,-8.467,-8.182
2004_16_NYG_CIN,2004,16,NYG,-8.182,-8.058
2004_17_DAL_NYG,2004,17,NYG,-8.058,-8.676
2005_01_ARI_NYG,2005,1,NYG,-5.562,-5.26
2005_02_NYG_NO,2005,2,NYG,-5.26,-4.084
2005_03_NYG_LAC,2005,3,NYG,-4.084,-5.529
2005_04_LAR_NYG,2005,4,NYG,-5.529,-6.386
2005_06_NYG_DAL,2005,6,NYG,-6.386,-6.626
2005_07_DEN_NYG,2005,7,NYG,-6.626,-7.378
2005_08_WAS_NYG,2005,8,NYG,-7.378,-4.207
2005_09_NYG_SF,2005,9,NYG,-4.207,-3.16
2005_10_MIN_NYG,2005,10,NYG,-3.16,-1.78
2005_11_PHI_NYG,2005,11,NYG,-1.78,-3.673
2005_12_NYG_SEA,2005,12,NYG,-3.673,-3.235
2005_13_DAL_NYG,2005,13,NYG,-3.235,-0.088
2005_14_NYG_PHI,2005,14,NYG,-0.088,1.264
2005_15_KC_NYG,2005,15,NYG,1.264,2.322
2005_16_NYG_WAS,2005,16,NYG,2.322,2.333
2005_17_NYG_OAK,2005,17,NYG,2.333,0.325
2005_18_CAR_NYG,2005,18,NYG,0.325,0.877
2006_01_IND_NYG,2006,1,NYG,0.562,1.414
2006_02_NYG_PHI,2006,2,NYG,1.414,-0.463
2006_03_NYG_SEA,2006,3,NYG,-0.463,-1.727
2006_05_WAS_NYG,2006,5,NYG,-1.727,-0.166
2006_06_NYG_ATL,2006,6,NYG,-0.166,0.6
2006_07_NYG_DAL,2006,7,NYG,0.6,1.552
2006_08_TB_NYG,2006,8,NYG,1.552,2.189
2006_09_HOU_NYG,2006,9,NYG,2.189,1.125
2006_10_CHI_NYG,2006,10,NYG,1.125,0.231
2006_11_NYG_JAX,2006,11,NYG,0.231,-1.129
2006_12_NYG_TEN,2006,12,NYG,-1.129,-4.611
2006_13_DAL_NYG,2006,13,NYG,-4.611,-4.019
2006_14_NYG_CAR,2006,14,NYG,-4.019,-4.662
2006_15_PHI_NYG,2006,15,NYG,-4.662,-4.433
2006_16_NO_NYG,2006,16,NYG,-4.433,-1.906
2006_17_NYG_WAS,2006,17,NYG,-1.906,-3.525
2006_18_NYG_PHI,2006,18,NYG,-3.525,-2.621
2007_01_NYG_DAL,2007,1,NYG,-1.68,-4.745
2007_02_GB_NYG,2007,2,NYG,-4.745,-6.686
2007_03_NYG_WAS,2007,3,NYG,-6.686,-6.17
2007_04_PHI_NYG,2007,4,NYG,-6.17,-0.998
2007_05_NYJ_NYG,2007,5,NYG,-0.998,0.253
2007_06_NYG_ATL,2007,6,NYG,0.253,1.308
2007_07_SF_NYG,2007,7,NYG,1.308,2.357
2007_08_NYG_MIA,2007,8,NYG,2.357,1.385
2007_10_DAL_NYG,2007,10,NYG,1.385,0.346
2007_11_NYG_DET,2007,11,NYG,0.346,-0.192
2007_12_MIN_NYG,2007,12,NYG,-0.192,-0.793
2007_13_NYG_CHI,2007,13,NYG,-0.793,-1.047
2007_14_NYG_PHI,2007,14,NYG,-1.047,-0.768
2007_15_WAS_NYG,2007,15,NYG,-0.768,0.057
2007_16_NYG_BUF,2007,16,NYG,0.057,1.791
2007_17_NE_NYG,2007,17,NYG,1.791,0.627
2007_18_NYG_TB,2007,18,NYG,0.627,1.389
2007_19_NYG_DAL,2007,19,NYG,1.389,2.482
2007_20_NYG_GB,2007,20,NYG,2.482,2.425
2007_21_NYG_NE,2007,21,NYG,2.425,3.276
2008_01_WAS_NYG,2008,1,NYG,2.1,2.222
2008_02_NYG_LAR,2008,2,NYG,2.222,2.648
2008_03_CIN_NYG,2008,3,NYG,2.648,2.227
2008_05_SEA_NYG,2008,5,NYG,2.227,3.509
2008_06_NYG_CLE,2008,6,NYG,3.509,1.113
2008_07_SF_NYG,2008,7,NYG,1.113,1.413
2008_08_NYG_PIT,2008,8,NYG,1.413,4.898
2008_09_DAL_NYG,2008,9,NYG,4.898,7.162
2008_10_NYG_PHI,2008,10,NYG,7.162,6.549
2008_11_BAL_NYG,2008,11,NYG,6.549,5.742
2008_12_NYG_ARI,2008,12,NYG,5.742,4.902
2008_13_NYG_WAS,2008,13,NYG,4.902,5.17
2008_14_PHI_NYG,2008,14,NYG,5.17,4.429
2008_15_NYG_DAL,2008,15,NYG,4.429,4.441
2008_16_CAR_NYG,2008,16,NYG,4.441,3.902
2008_17_NYG_MIN,2008,17,NYG,3.902,3.207
2008_19_PHI_NYG,2008,19,NYG,3.207,3.192
2009_01_WAS_NYG,2009,1,NYG,2.046,1.604
2009_02_NYG_DAL,2009,2,NYG,1.604,2.547
2009_03_NYG_TB,2009,3,NYG,2.547,4.333
2009_04_NYG_KC,2009,4,NYG,4.333,5.362
2009_05_OAK_NYG,2009,5,NYG,5.362,6.484
2009_06_NYG_NO,2009,6,NYG,6.484,2.695
2009_07_ARI_NYG,2009,7,NYG,2.695,4.234
2009_08_NYG_PHI,2009,8,NYG,4.234,2.486
2009_09_LAC_NYG,2009,9,NYG,2.486,2.442
2009_11_ATL_NYG,2009,11,NYG,2.442,1.738
2009_12_NYG_DEN,2009,12,NYG,1.738,1.56
2009_13_DAL_NYG,2009,13,NYG,1.56,-1.221
2009_14_PHI_NYG,2009,14,NYG,-1.221,-1.776
2009_15_NYG_WAS,2009,15,NYG,-1.776,-0.015
2009_16_CAR_NYG,2009,16,NYG,-0.015,-1.952
2009_17_NYG_MIN,2009,17,NYG,-1.952,-5.464
2010_01_CAR_NYG,2010,1,NYG,-3.502,-0.908
2010_02_NYG_IND,2010,2,NYG,-0.908,-2.137
2010_03_TEN_NYG,2010,3,NYG,-2.137,-1.891
2010_04_CHI_NYG,2010,4,NYG,-1.891,2.317
2010_05_NYG_HOU,2010,5,NYG,2.317,4.069
2010_06_DET_NYG,2010,6,NYG,4.069,4.329
2010_07_NYG_DAL,2010,7,NYG,4.329,4.878
2010_09_NYG_SEA,2010,9,NYG,4.878,5.186
2010_10_DAL_NYG,2010,10,NYG,5.186,3.263
2010_11_NYG_PHI,2010,11,NYG,3.263,3.297
2010_12_JAX_NYG,2010,12,NYG,3.297,3.989
2010_13_WAS_NYG,2010,13,NYG,3.989,4.41
2010_14_NYG_MIN,2010,14,NYG,4.41,5.925
2010_15_PHI_NYG,2010,15,NYG,5.925,3.319
2010_16_NYG_GB,2010,16,NYG,3.319,0.492
2010_17_NYG_WAS,2010,17,NYG,0.492,-1.082
2011_01_NYG_WAS,2011,1,NYG,-0.694,-1.827
2011_02_LAR_NYG,2011,2,NYG,-1.827,-2.214
2011_03_NYG_PHI,2011,3,NYG,-2.214,-0.993
2011_04_NYG_ARI,2011,4,NYG,-0.993,-0.69
2011_05_SEA_NYG,2011,5,NYG,-0.69,0.131
2011_06_BUF_NYG,2011,6,NYG,0.131,0.419
2011_08_MIA_NYG,2011,8,NYG,0.419,0.88
2011_09_NYG_NE,2011,9,NYG,0.88,1.653
2011_10_NYG_SF,2011,10,NYG,1.653,1.213
2011_11_PHI_NYG,2011,11,NYG,1.213,1.522
2011_12_NYG_NO,2011,12,NYG,1.522,-1.673
2011_13_GB_NYG,2011,13,NYG,-1.673,-2.394
2011_14_NYG_DAL,2011,14,NYG,-2.394,-4.394
2011_15_WAS_NYG,2011,15,NYG,-4.394,-3.954
2011_16_NYG_NYJ,2011,16,NYG,-3.954,-2.467
2011_17_DAL_NYG,2011,17,NYG,-2.467,-1.51
2011_18_ATL_NYG,2011,18,NYG,-1.51,0.202
2011_19_NYG_GB,2011,19,NYG,0.202,0.942
2011_20_NYG_SF,2011,20,NYG,0.942,0.461
2011_21_NYG_NE,2011,21,NYG,0.461,0.188
2012_01_DAL_NYG,2012,1,NYG,0.121,-0.786
2012_02_TB_NYG,2012,2,NYG,-0.786,-0.116
2012_03_NYG_CAR,2012,3,NYG,-0.116,2.087
2012_04_NYG_PHI,2012,4,NYG,2.087,1.341
2012_05_CLE_NYG,2012,5,NYG,1.341,-0.019
2012_06_NYG_SF,2012,6,NYG,-0.019,2.75
2012_07_WAS_NYG,2012,7,NYG,2.75,1.191
2012_08_NYG_DAL,2012,8,NYG,1.191,1.596
2012_09_PIT_NYG,2012,9,NYG,1.596,2.644
2012_10_NYG_CIN,2012,10,NYG,2.644,0.292
2012_12_GB_NYG,2012,12,NYG,0.292,2.364
2012_13_NYG_WAS,2012,13,NYG,2.364,1.524
2012_14_NO_NYG,2012,14,NYG,1.524,2.48
2012_15_NYG_ATL,2012,15,NYG,2.48,0.114
2012_16_NYG_BAL,2012,16,NYG,0.114,-2.461
2012_17_PHI_NYG,2012,17,NYG,-2.461,-1.97
2013_01_NYG_DAL,2013,1,NYG,-1.263,-2.362
2013_02_DEN_NYG,2013,2,NYG,-2.362,-2.728
2013_03_NYG_CAR,2013,3,NYG,-2.728,-4.206
2013_04_NYG_KC,2013,4,NYG,-4.206,-5.108
2013_05_PHI_NYG,2013,5,NYG,-5.108,-4.811
2013_06_NYG_CHI,2013,6,NYG,-4.811,-6.489
2013_07_MIN_NYG,2013,7,NYG,-6.489,-4.22
2013_08_NYG_PHI,2013,8,NYG,-4.22,-1.666
2013_11_GB_NYG,2013,11,NYG,-1.666,-2.446
2013_12_DAL_NYG,2013,12,NYG,-2.446,-0.931
2013_13_NYG_WAS,2013,13,NYG,-0.931,-1.801
2013_14_NYG_LAC,2013,14,NYG,-1.801,-2.579
2013_15_SEA_NYG,2013,15,NYG,-2.579,-1.502
2013_16_NYG_DET,2013,16,NYG,-1.502,-0.06
2013_17_WAS_NYG,2013,17,NYG,-0.06,2.987
2014_01_NYG_DET,2014,1,NYG,1.915,-1.088
2014_02_ARI_NYG,2014,2,NYG,-1.088,0.441
2014_03_HOU_NYG,2014,3,NYG,0.441,0.655
2014_04_NYG_WAS,2014,4,NYG,0.655,1.953
2014_05_ATL_NYG,2014,5,NYG,1.953,2.189
2014_06_NYG_PHI,2014,6,NYG,2.189,2.55
2014_07_NYG_DAL,2014,7,NYG,2.55,1.284
2014_09_IND_NYG,2014,9,NYG,1.284,0.505
2014_10_NYG_SEA,2014,10,NYG,0.505,0.468
2014_11_SF_NYG,2014,11,NYG,0.468,0.805
2014_12_DAL_NYG,2014,12,NYG,0.805,-0.081
2014_13_NYG_JAX,2014,13,NYG,-0.081,-0.251
2014_14_NYG_TEN,2014,14,NYG,-0.251,1.917
2014_15_WAS_NYG,2014,15,NYG,1.917,2.297
2014_16_NYG_LAR,2014,16,NYG,2.297,0.278
2014_17_PHI_NYG,2014,17,NYG,0.278,-0.342
2015_01_NYG_DAL,2015,1,NYG,-0.219,-2.899
2015_02_ATL_NYG,2015,2,NYG,-2.899,-3.139
2015_03_WAS_NYG,2015,3,NYG,-3.139,-3.252
2015_04_NYG_BUF,2015,4,NYG,-3.252,-3.811
2015_05_SF_NYG,2015,5,NYG,-3.811,-5.158
2015_06_NYG_PHI,2015,6,NYG,-5.158,-3.83
2015_07_DAL_NYG,2015,7,NYG,-3.83,-3.131
2015_08_NYG_NO,2015,8,NYG,-3.131,-8.023
2015_09_NYG_TB,2015,9,NYG,-8.023,-8.668
2015_10_NE_NYG,2015,10,NYG,-8.668,-7.497
2015_12_NYG_WAS,2015,12,NYG,-7.497,-8.99
2015_13_NYJ_NYG,2015,13,NYG,-8.99,-10.77
2015_14_NYG_MIA,2015,14,NYG,-10.77,-11.161
2015_15_CAR_NYG,2015,15,NYG,-11.161,-13.816
2015_16_NYG_MIN,2015,16,NYG,-13.816,-13.219
2015_17_PHI_NYG,2015,17,NYG,-13.219,-14.568
2016_01_NYG_DAL,2016,1,NYG,-9.338,-10.71
2016_02_NO_NYG,2016,2,NYG,-10.71,-9.116
2016_03_WAS_NYG,2016,3,NYG,-9.116,-8.792
2016_04_NYG_MIN,2016,4,NYG,-8.792,-10.519
2016_05_NYG_GB,2016,5,NYG,-10.519,-9.138
2016_06_BAL_NYG,2016,6,NYG,-9.138,-8.376
2016_07_NYG_LAR,2016,7,NYG,-8.376,-6.3
2016_09_PHI_NYG,2016,9,NYG,-6.3,-5.218
2016_10_CIN_NYG,2016,10,NYG,-5.218,-3.521
2016_11_CHI_NYG,2016,11,NYG,-3.521,-2.578
2016_12_NYG_CLE,2016,12,NYG,-2.578,-1.675
2016_13_NYG_PIT,2016,13,NYG,-1.675,-1.759
2016_14_DAL_NYG,2016,14,NYG,-1.759,1.731
2016_15_DET_NYG,2016,15,NYG,1.731,2.862
2016_16_NYG_PHI,2016,16,NYG,2.862,2.69
2016_17_NYG_WAS,2016,17,NYG,2.69,4.975
2016_18_NYG_GB,2016,18,NYG,4.975,4.335
2017_01_NYG_DAL,2017,1,NYG,2.779,1.454
2017_02_DET_NYG,2017,2,NYG,1.454,2.353
2017_03_NYG_PHI,2017,3,NYG,2.353,2.412
2017_04_NYG_TB,2017,4,NYG,2.412,0.563
2017_05_LAC_NYG,2017,5,NYG,0.563,0.616
2017_06_NYG_DEN,2017,6,NYG,0.616,0.795
2017_07_SEA_NYG,2017,7,NYG,0.795,-1.389
2017_09_LAR_NYG,2017,9,NYG,-1.389,-4.168
2017_10_NYG_SF,2017,10,NYG,-4.168,-7.008
2017_11_KC_NYG,2017,11,NYG,-7.008,-5.731
2017_12_NYG_WAS,2017,12,NYG,-5.731,-3.386
2017_13_NYG_OAK,2017,13,NYG,-3.386,-3.609
2017_14_DAL_NYG,2017,14,NYG,-3.609,-5.288
2017_15_PHI_NYG,2017,15,NYG,-5.288,-6.839
2017_16_NYG_ARI,2017,16,NYG,-6.839,-6.825
2017_17_WAS_NYG,2017,17,NYG,-6.825,-4.355
2018_01_JAX_NYG,2018,1,NYG,-2.791,-2.303
2018_02_NYG_DAL,2018,2,NYG,-2.303,-3.755
2018_03_NYG_HOU,2018,3,NYG,-3.755,-5.544
2018_04_NO_NYG,2018,4,NYG,-5.544,-2.615
2018_05_NYG_CAR,2018,5,NYG,-2.615,-2.001
2018_06_PHI_NYG,2018,6,NYG,-2.001,-3.725
2018_07_NYG_ATL,2018,7,NYG,-3.725,-4.85
2018_08_WAS_NYG,2018,8,NYG,-4.85,-4.926
2018_10_NYG_SF,2018,10,NYG,-4.926,-5.579
2018_11_TB_NYG,2018,11,NYG,-5.579,-3.413
2018_12_NYG_PHI,2018,12,NYG,-3.413,-2.821
2018_13_CHI_NYG,2018,13,NYG,-2.821,-2.187
2018_14_NYG_WAS,2018,14,NYG,-2.187,1.188
2018_15_TEN_NYG,2018,15,NYG,1.188,2.25
2018_16_NYG_IND,2018,16,NYG,2.25,0.912
2018_17_DAL_NYG,2018,17,NYG,0.912,-0.069
2019_01_NYG_DAL,2019,1,NYG,-0.044,-4.208
2019_02_BUF_NYG,2019,2,NYG,-4.208,-4.632
2019_03_NYG_TB,2019,3,NYG,-4.632,-5.27
2019_04_WAS_NYG,2019,4,NYG,-5.27,-2.64
2019_05_MIN_NYG,2019,5,NYG,-2.64,-3.474
2019_06_NYG_NE,2019,6,NYG,-3.474,-3.992
2019_07_ARI_NYG,2019,7,NYG,-3.992,-2.359
2019_08_NYG_DET,2019,8,NYG,-2.359,-3.37
2019_09_DAL_NYG,2019,9,NYG,-3.37,-3.324
2019_10_NYG_NYJ,2019,10,NYG,-3.324,-4.994
2019_12_NYG_CHI,2019,12,NYG,-4.994,-5.163
2019_13_GB_NYG,2019,13,NYG,-5.163,-6.88
2019_14_NYG_PHI,2019,14,NYG,-6.88,-7.447
2019_15_MIA_NYG,2019,15,NYG,-7.447,-8.145
2019_16_NYG_WAS,2019,16,NYG,-8.145,-8.503
2019_17_PHI_NYG,2019,17,NYG,-8.503,-8.245
2020_01_PIT_NYG,2020,1,NYG,-5.285,-5.749
2020_02_NYG_CHI,2020,2,NYG,-5.749,-4.149
2020_03_SF_NYG,2020,3,NYG,-4.149,-5.384
2020_04_NYG_LAR,2020,4,NYG,-5.384,-5.769
2020_05_NYG_DAL,2020,5,NYG,-5.769,-3.796
2020_06_WAS_NYG,2020,6,NYG,-3.796,-4.832
2020_07_NYG_PHI,2020,7,NYG,-4.832,-5.569
2020_08_TB_NYG,2020,8,NYG,-5.569,-5.414
2020_09_NYG_WAS,2020,9,NYG,-5.414,-4.449
2020_10_PHI_NYG,2020,10,NYG,-4.449,-3.492
2020_12_NYG_CIN,2020,12,NYG,-3.492,-2.697
2020_13_NYG_SEA,2020,13,NYG,-2.697,-1.237
2020_14_ARI_NYG,2020,14,NYG,-1.237,-1.173
2020_15_CLE_NYG,2020,15,NYG,-1.173,-3.174
2020_16_NYG_BAL,2020,16,NYG,-3.174,-3.931
2020_17_DAL_NYG,2020,17,NYG,-3.931,-2.268
2021_01_DEN_NYG,2021,1,NYG,-1.454,-3.024
2021_02_NYG_WAS,2021,2,NYG,-3.024,-5.394
2021_03_ATL_NYG,2021,3,NYG,-5.394,-5.241
2021_04_NYG_NO,2021,4,NYG,-5.241,-6.808
2021_05_NYG_DAL,2021,5,NYG,-6.808,-7.056
2021_06_LAR_NYG,2021,6,NYG,-7.056,-7.433
2021_07_CAR_NYG,2021,7,NYG,-7.433,-5.23
2021_08_NYG_KC,2021,8,NYG,-5.23,-3.648
2021_09_OAK_NYG,2021,9,NYG,-3.648,-2.419
2021_11_NYG_TB,2021,11,NYG,-2.419,-2.458
2021_12_PHI_NYG,2021,12,NYG,-2.458,0.041
2021_13_NYG_MIA,2021,13,NYG,0.041,-0.869
2021_14_NYG_LAC,2021,14,NYG,-0.869,-2.365
2021_15_DAL_NYG,2021,15,NYG,-2.365,-1.313
2021_16_NYG_PHI,2021,16,NYG,-1.313,-1.165
2021_17_NYG_CHI,2021,17,NYG,-1.165,-0.249
2021_18_WAS_NYG,2021,18,NYG,-0.249,1.245
2022_01_NYG_TEN,2022,1,NYG,0.798,-0.833
2022_02_CAR_NYG,2022,2,NYG,-0.833,-1.323
2022_03_DAL_NYG,2022,3,NYG,-1.323,-3.11
2022_04_CHI_NYG,2022,4,NYG,-3.11,-2.819
2022_05_NYG_GB,2022,5,NYG,-2.819,-3.17
2022_06_BAL_NYG,2022,6,NYG,-3.17,-3.266
2022_07_NYG_JAX,2022,7,NYG,-3.266,-4.39
2022_08_NYG_SEA,2022,8,NYG,-4.39,-5.361
2022_10_HOU_NYG,2022,10,NYG,-5.361,-4.592
2022_11_DET_NYG,2022,11,NYG,-4.592,-3.536
2022_12_NYG_DAL,2022,12,NYG,-3.536,-3.705
2022_13_WAS_NYG,2022,13,NYG,-3.705,-4.061
2022_14_PHI_NYG,2022,14,NYG,-4.061,-4.447
2022_15_NYG_WAS,2022,15,NYG,-4.447,-5.025
2022_16_NYG_MIN,2022,16,NYG,-5.025,-6.286
2022_17_IND_NYG,2022,17,NYG,-6.286,-4.848
2022_18_NYG_PHI,2022,18,NYG,-4.848,-1.667
2022_19_NYG_MIN,2022,19,NYG,-1.667,-4.595
2022_20_NYG_PHI,2022,20,NYG,-4.595,-4.392
2023_01_DAL_NYG,2023,1,NYG,-2.815,-2.056
2023_02_NYG_ARI,2023,2,NYG,-2.056,-5.776
2023_03_NYG_SF,2023,3,NYG,-5.776,-6.642
2023_04_SEA_NYG,2023,4,NYG,-6.642,-5.0
2023_05_NYG_MIA,2023,5,NYG,-5.0,-4.675
2023_06_NYG_BUF,2023,6,NYG,-4.675,-3.245
2023_07_WAS_NYG,2023,7,NYG,-3.245,-1.465
2023_08_NYJ_NYG,2023,8,NYG,-1.465,-1.192
2023_09_NYG_OAK,2023,9,NYG,-1.192,-2.919
2023_10_NYG_DAL,2023,10,NYG,-2.919,-6.831
2023_11_NYG_WAS,2023,11,NYG,-6.831,-6.343
2023_12_NE_NYG,2023,12,NYG,-6.343,-3.826
2023_14_GB_NYG,2023,14,NYG,-3.826,-2.998
2023_15_NYG_NO,2023,15,NYG,-2.998,-4.903
2023_16_NYG_PHI,2023,16,NYG,-4.903,-4.961
2023_17_LAR_NYG,2023,17,NYG,-4.961,-3.108
2023_18_PHI_NYG,2023,18,NYG,-3.108,0.685
2024_01_MIN_NYG,2024,1,NYG,0.439,-0.411
2024_02_NYG_WAS,2024,2,NYG,-0.411,-0.453
2024_03_NYG_CLE,2024,3,NYG,-0.453,1.187
2024_04_DAL_NYG,2024,4,NYG,1.187,0.986
2024_05_NYG_SEA,2024,5,NYG,0.986,0.689
2024_06_CIN_NYG,2024,6,NYG,0.689,0.774
2024_07_PHI_NYG,2024,7,NYG,0.774,1.338
2024_08_NYG_PIT,2024,8,NYG,1.338,1.733
2024_09_WAS_NYG,2024,9,NYG,1.733,0.677
2024_10_NYG_CAR,2024,10,NYG,0.677,-1.25
2024_12_TB_NYG,2024,12,NYG,-1.25,-3.154
2024_13_NYG_DAL,2024,13,NYG,-3.154,-4.037
2024_14_NO_NYG,2024,14,NYG,-4.037,-3.058
2024_15_BAL_NYG,2024,15,NYG,-3.058,-5.422
2024_16_NYG_ATL,2024,16,NYG,-5.422,-6.04
2024_17_IND_NYG,2024,17,NYG,-6.04,-6.165
2024_18_NYG_PHI,2024,18,NYG,-6.165,-7.77
2025_01_NYG_WAS,2025,1,NYG,-4.98,-4.958
2025_02_NYG_DAL,2025,2,NYG,-4.958,-6.519
2025_03_KC_NYG,2025,3,NYG,-6.519,-4.818
2025_04_LAC_NYG,2025,4,NYG,-4.818,-2.709
2025_05_NYG_NO,2025,5,NYG,-2.709,-4.729
2025_06_PHI_NYG,2025,6,NYG,-4.729,-4.546
2025_07_NYG_DEN,2025,7,NYG,-4.546,-6.033
2025_08_NYG_PHI,2025,8,NYG,-6.033,-5.948
2025_09_SF_NYG,2025,9,NYG,-5.948,-6.526
2025_10_NYG_CHI,2025,10,NYG,-6.526,-8.001
2025_11_GB_NYG,2025,11,NYG,-8.001,-7.131
2025_12_NYG_DET,2025,12,NYG,-7.131,-7.115
2025_13_NYG_NE,2025,13,NYG,-7.115,-7.635
2025_15_WAS_NYG,2025,15,NYG,-7.635,-7.435
2025_16_MIN_NYG,2025,16,NYG,-7.435,-6.52
2025_17_NYG_OAK,2025,17,NYG,-6.52,-5.821
2025_18_DAL_NYG,2025,18,NYG,-5.821,-3.23
2026_01_DAL_NYG,2026,1,NYG,-2.07,-1.443
1999_01_NE_NYJ,1999,1,NYJ,0.0,-1.462
1999_02_NYJ_BUF,1999,2,NYJ,-1.462,-4.2
1999_03_WAS_NYJ,1999,3,NYJ,-4.2,-4.791
1999_04_NYJ_DEN,1999,4,NYJ,-4.791,-3.644
1999_05_JAX_NYJ,1999,5,NYJ,-3.644,-4.139
1999_06_IND_NYJ,1999,6,NYJ,-4.139,-3.929
1999_07_NYJ_OAK,1999,7,NYJ,-3.929,-5.815
1999_09_ARI_NYJ,1999,9,NYJ,-5.815,-5.186
1999_10_NYJ_NE,1999,10,NYJ,-5.186,-3.256
1999_11_BUF_NYJ,1999,11,NYJ,-3.256,-2.934
1999_12_NYJ_IND,1999,12,NYJ,-2.934,-3.256
1999_13_NYJ_NYG,1999,13,NYJ,-3.256,-6.476
1999_14_MIA_NYJ,1999,14,NYJ,-6.476,-4.707
1999_15_NYJ_DAL,1999,15,NYJ,-4.707,-3.283
1999_16_NYJ_MIA,1999,16,NYJ,-3.283,-4.345
1999_17_SEA_NYJ,1999,17,NYJ,-4.345,-2.642
2000_01_NYJ_GB,2000,1,NYJ,-1.693,-0.742
2000_02_NE_NYJ,2000,2,NYJ,-0.742,-0.46
2000_03_BUF_NYJ,2000,3,NYJ,-0.46,-2.115
2000_04_NYJ_TB,2000,4,NYJ,-2.115,-0.497
2000_06_PIT_NYJ,2000,6,NYJ,-0.497,-1.869
2000_07_NYJ_NE,2000,7,NYJ,-1.869,0.767
2000_08_MIA_NYJ,2000,8,NYJ,0.767,0.683
2000_09_NYJ_BUF,2000,9,NYJ,0.683,0.53
2000_10_DEN_NYJ,2000,10,NYJ,0.53,-0.673
2000_11_NYJ_IND,2000,11,NYJ,-0.673,-1.121
2000_12_NYJ_MIA,2000,12,NYJ,-1.121,0.512
2000_13_CHI_NYJ,2000,13,NYJ,0.512,0.915
2000_14_IND_NYJ,2000,14,NYJ,0.915,2.313
2000_15_NYJ_OAK,2000,15,NYJ,2.313,3.238
2000_16_DET_NYJ,2000,16,NYJ,3.238,5.172
2000_17_NYJ_BAL,2000,17,NYJ,5.172,6.937
2001_01_IND_NYJ,2001,1,NYJ,4.446,4.329
2001_02_NYJ_NE,2001,2,NYJ,4.329,4.941
2001_03_SF_NYJ,2001,3,NYJ,4.941,5.149
2001_04_NYJ_BUF,2001,4,NYJ,5.149,4.645
2001_05_MIA_NYJ,2001,5,NYJ,4.645,3.959
2001_06_LAR_NYJ,2001,6,NYJ,3.959,4.391
2001_07_NYJ_CAR,2001,7,NYJ,4.391,6.107
2001_08_NYJ_NO,2001,8,NYJ,6.107,7.576
2001_09_KC_NYJ,2001,9,NYJ,7.576,9.338
2001_10_NYJ_MIA,2001,10,NYJ,9.338,10.476
2001_12_NE_NYJ,2001,12,NYJ,10.476,9.837
2001_13_NYJ_PIT,2001,13,NYJ,9.837,9.229
2001_14_CIN_NYJ,2001,14,NYJ,9.229,8.471
2001_15_NYJ_IND,2001,15,NYJ,8.471,7.063
2001_16_BUF_NYJ,2001,16,NYJ,7.063,5.415
2001_17_NYJ_OAK,2001,17,NYJ,5.415,5.322
2001_18_NYJ_OAK,2001,18,NYJ,5.322,3.439
2002_01_NYJ_BUF,2002,1,NYJ,2.205,2.421
2002_02_NE_NYJ,2002,2,NYJ,2.421,0.564
2002_03_NYJ_MIA,2002,3,NYJ,0.564,0.481
2002_05_KC_NYJ,2002,5,NYJ,0.481,-0.884
2002_07_MIN_NYJ,2002,7,NYJ,-0.884,-0.345
2002_08_CLE_NYJ,2002,8,NYJ,-0.345,-2.729
2002_09_NYJ_LAC,2002,9,NYJ,-2.729,-2.218
2002_10_MIA_NYJ,2002,10,NYJ,-2.218,-3.222
2002_11_NYJ_DET,2002,11,NYJ,-3.222,-4.366
2002_12_BUF_NYJ,2002,12,NYJ,-4.366,-2.93
2002_13_NYJ_OAK,2002,13,NYJ,-2.93,-3.174
2002_14_DEN_NYJ,2002,14,NYJ,-3.174,-4.039
2002_15_NYJ_CHI,2002,15,NYJ,-4.039,-4.457
2002_16_NYJ_NE,2002,16,NYJ,-4.457,-3.523
2002_17_GB_NYJ,2002,17,NYJ,-3.523,-2.751
2002_18_IND_NYJ,2002,18,NYJ,-2.751,0.629
2002_19_NYJ_OAK,2002,19,NYJ,0.629,0.576
2003_01_NYJ_WAS,2003,1,NYJ,0.369,-0.096
2003_02_MIA_NYJ,2003,2,NYJ,-0.096,-1.992
2003_03_NYJ_NE,2003,3,NYJ,-1.992,-1.137
2003_04_DAL_NYJ,2003,4,NYJ,-1.137,-0.159
2003_06_BUF_NYJ,2003,6,NYJ,-0.159,2.11
2003_07_NYJ_HOU,2003,7,NYJ,2.11,0.915
2003_08_NYJ_PHI,2003,8,NYJ,0.915,1.337
2003_09_NYG_NYJ,2003,9,NYJ,1.337,0.016
2003_10_NYJ_OAK,2003,10,NYJ,0.016,-1.666
2003_11_NYJ_IND,2003,11,NYJ,-1.666,-3.75
2003_12_JAX_NYJ,2003,12,NYJ,-3.75,-2.875
2003_13_TEN_NYJ,2003,13,NYJ,-2.875,-1.634
2003_14_NYJ_BUF,2003,14,NYJ,-1.634,-0.863
2003_15_PIT_NYJ,2003,15,NYJ,-0.863,-0.268
2003_16_NE_NYJ,2003,16,NYJ,-0.268,-0.814
2003_17_NYJ_MIA,2003,17,NYJ,-0.814,-2.206
2004_01_CIN_NYJ,2004,1,NYJ,-1.414,-2.76
2004_02_NYJ_LAC,2004,2,NYJ,-2.76,-1.379
2004_04_NYJ_MIA,2004,4,NYJ,-1.379,-0.032
2004_05_BUF_NYJ,2004,5,NYJ,-0.032,-0.026
2004_06_SF_NYJ,2004,6,NYJ,-0.026,-0.454
2004_07_NYJ_NE,2004,7,NYJ,-0.454,-0.441
2004_08_MIA_NYJ,2004,8,NYJ,-0.441,0.021
2004_09_NYJ_BUF,2004,9,NYJ,0.021,-1.733
2004_10_BAL_NYJ,2004,10,NYJ,-1.733,-2.783
2004_11_NYJ_CLE,2004,11,NYJ,-2.783,-2.521
2004_12_NYJ_ARI,2004,12,NYJ,-2.521,-2.073
2004_13_HOU_NYJ,2004,13,NYJ,-2.073,0.078
2004_14_NYJ_PIT,2004,14,NYJ,0.078,2.134
2004_15_SEA_NYJ,2004,15,NYJ,2.134,2.084
2004_16_NE_NYJ,2004,16,NYJ,2.084,0.691
2004_17_NYJ_LAR,2004,17,NYJ,0.691,-1.896
2004_18_NYJ_LAC,2004,18,NYJ,-1.896,-3.103
2004_19_NYJ_PIT,2004,19,NYJ,-3.103,-2.8
2005_01_NYJ_KC,2005,1,NYJ,-1.795,-0.545
2005_02_MIA_NYJ,2005,2,NYJ,-0.545,0.75
2005_03_JAX_NYJ,2005,3,NYJ,0.75,0.307
2005_04_NYJ_BAL,2005,4,NYJ,0.307,-0.082
2005_05_TB_NYJ,2005,5,NYJ,-0.082,0.412
2005_06_NYJ_BUF,2005,6,NYJ,0.412,0.352
2005_07_NYJ_ATL,2005,7,NYJ,0.352,2.114
2005_09_LAC_NYJ,2005,9,NYJ,2.114,1.601
2005_10_NYJ_CAR,2005,10,NYJ,1.601,3.283
2005_11_NYJ_DEN,2005,11,NYJ,3.283,3.442
2005_12_NO_NYJ,2005,12,NYJ,3.442,1.951
2005_13_NYJ_NE,2005,13,NYJ,1.951,1.073
2005_14_OAK_NYJ,2005,14,NYJ,1.073,3.041
2005_15_NYJ_MIA,2005,15,NYJ,3.041,3.836
2005_16_NE_NYJ,2005,16,NYJ,3.836,4.594
2005_17_BUF_NYJ,2005,17,NYJ,4.594,5.974
2006_01_NYJ_TEN,2006,1,NYJ,3.829,5.462
2006_02_NE_NYJ,2006,2,NYJ,5.462,6.014
2006_03_NYJ_BUF,2006,3,NYJ,6.014,3.931
2006_04_IND_NYJ,2006,4,NYJ,3.931,4.032
2006_05_NYJ_JAX,2006,5,NYJ,4.032,4.153
2006_06_MIA_NYJ,2006,6,NYJ,4.153,3.477
2006_07_DET_NYJ,2006,7,NYJ,3.477,2.475
2006_08_NYJ_CLE,2006,8,NYJ,2.475,2.313
2006_10_NYJ_NE,2006,10,NYJ,2.313,2.842
2006_11_CHI_NYJ,2006,11,NYJ,2.842,3.158
2006_12_HOU_NYJ,2006,12,NYJ,3.158,2.434
2006_13_NYJ_GB,2006,13,NYJ,2.434,2.707
2006_14_BUF_NYJ,2006,14,NYJ,2.707,2.21
2006_15_NYJ_MIN,2006,15,NYJ,2.21,2.156
2006_16_NYJ_MIA,2006,16,NYJ,2.156,3.076
2006_17_OAK_NYJ,2006,17,NYJ,3.076,3.767
2006_18_NYJ_NE,2006,18,NYJ,3.767,2.651
2007_01_NE_NYJ,2007,1,NYJ,1.7,-1.046
2007_02_NYJ_BAL,2007,2,NYJ,-1.046,-2.744
2007_03_MIA_NYJ,2007,3,NYJ,-2.744,-3.692
2007_04_NYJ_BUF,2007,4,NYJ,-3.692,-4.893
2007_05_NYJ_NYG,2007,5,NYJ,-4.893,-5.426
2007_06_PHI_NYJ,2007,6,NYJ,-5.426,-5.089
2007_07_NYJ_CIN,2007,7,NYJ,-5.089,-4.719
2007_08_BUF_NYJ,2007,8,NYJ,-4.719,-4.578
2007_09_WAS_NYJ,2007,9,NYJ,-4.578,-4.013
2007_11_PIT_NYJ,2007,11,NYJ,-4.013,-1.502
2007_12_NYJ_DAL,2007,12,NYJ,-1.502,-0.942
2007_13_NYJ_MIA,2007,13,NYJ,-0.942,0.803
2007_14_CLE_NYJ,2007,14,NYJ,0.803,0.805
2007_15_NYJ_NE,2007,15,NYJ,0.805,3.809
2007_16_NYJ_TEN,2007,16,NYJ,3.809,5.41
2007_17_KC_NYJ,2007,17,NYJ,5.41,5.494
2008_01_NYJ_MIA,2008,1,NYJ,3.522,3.369
2008_02_NE_NYJ,2008,2,NYJ,3.369,2.995
2008_03_NYJ_LAC,2008,3,NYJ,2.995,1.424
2008_04_ARI_NYJ,2008,4,NYJ,1.424,1.023
2008_06_CIN_NYJ,2008,6,NYJ,1.023,0.9
2008_07_NYJ_OAK,2008,7,NYJ,0.9,0.458
2008_08_KC_NYJ,2008,8,NYJ,0.458,-1.835
2008_09_NYJ_BUF,2008,9,NYJ,-1.835,-1.233
2008_10_LAR_NYJ,2008,10,NYJ,-1.233,0.549
2008_11_NYJ_NE,2008,11,NYJ,0.549,-2.971
2008_12_NYJ_TEN,2008,12,NYJ,-2.971,-3.298
2008_13_DEN_NYJ,2008,13,NYJ,-3.298,-4.334
2008_14_NYJ_SF,2008,14,NYJ,-4.334,-6.062
2008_15_BUF_NYJ,2008,15,NYJ,-6.062,-5.221
2008_16_NYJ_SEA,2008,16,NYJ,-5.221,-6.077
2008_17_MIA_NYJ,2008,17,NYJ,-6.077,-6.704
2009_01_NYJ_HOU,2009,1,NYJ,-4.297,-3.222
2009_02_NE_NYJ,2009,2,NYJ,-3.222,-1.003
2009_03_TEN_NYJ,2009,3,NYJ,-1.003,1.136
2009_04_NYJ_NO,2009,4,NYJ,1.136,1.239
2009_05_NYJ_MIA,2009,5,NYJ,1.239,-1.388
2009_06_BUF_NYJ,2009,6,NYJ,-1.388,-1.014
2009_07_NYJ_OAK,2009,7,NYJ,-1.014,0.346
2009_08_MIA_NYJ,2009,8,NYJ,0.346,1.578
2009_10_JAX_NYJ,2009,10,NYJ,1.578,0.82
2009_11_NYJ_NE,2009,11,NYJ,0.82,0.803
2009_12_CAR_NYJ,2009,12,NYJ,0.803,4.572
2009_13_NYJ_BUF,2009,13,NYJ,4.572,5.049
2009_14_NYJ_TB,2009,14,NYJ,5.049,7.994
2009_15_ATL_NYJ,2009,15,NYJ,7.994,8.107
2009_16_NYJ_IND,2009,16,NYJ,8.107,8.242
2009_17_CIN_NYJ,2009,17,NYJ,8.242,10.044
2009_18_NYJ_CIN,2009,18,NYJ,10.044,10.916
2009_19_NYJ_LAC,2009,19,NYJ,10.916,10.799
2009_20_NYJ_IND,2009,20,NYJ,10.799,8.555
2010_01_BAL_NYJ,2010,1,NYJ,5.484,5.96
2010_02_NE_NYJ,2010,2,NYJ,5.96,6.943
2010_03_NYJ_MIA,2010,3,NYJ,6.943,5.357
2010_04_NYJ_BUF,2010,4,NYJ,5.357,4.254
2010_05_MIN_NYJ,2010,5,NYJ,4.254,5.077
2010_06_NYJ_DEN,2010,6,NYJ,5.077,5.574
2010_08_GB_NYJ,2010,8,NYJ,5.574,7.339
2010_09_NYJ_DET,2010,9,NYJ,7.339,4.784
2010_10_NYJ_CLE,2010,10,NYJ,4.784,3.986
2010_11_HOU_NYJ,2010,11,NYJ,3.986,4.111
2010_12_CIN_NYJ,2010,12,NYJ,4.111,6.776
2010_13_NYJ_NE,2010,13,NYJ,6.776,4.896
2010_14_MIA_NYJ,2010,14,NYJ,4.896,7.31
2010_15_NYJ_PIT,2010,15,NYJ,7.31,6.997
2010_16_NYJ_CHI,2010,16,NYJ,6.997,5.999
2010_17_BUF_NYJ,2010,17,NYJ,5.999,8.59
2010_18_NYJ_IND,2010,18,NYJ,8.59,8.001
2010_19_NYJ_NE,2010,19,NYJ,8.001,8.707
2010_20_NYJ_PIT,2010,20,NYJ,8.707,10.046
2011_01_DAL_NYJ,2011,1,NYJ,6.44,6.479
2011_02_JAX_NYJ,2011,2,NYJ,6.479,9.638
2011_03_NYJ_OAK,2011,3,NYJ,9.638,9.506
2011_04_NYJ_BAL,2011,4,NYJ,9.506,11.916
2011_05_NYJ_NE,2011,5,NYJ,11.916,12.419
2011_06_MIA_NYJ,2011,6,NYJ,12.419,13.962
2011_07_LAC_NYJ,2011,7,NYJ,13.962,15.34
2011_09_NYJ_BUF,2011,9,NYJ,15.34,16.123
2011_10_NE_NYJ,2011,10,NYJ,16.123,13.827
2011_11_NYJ_DEN,2011,11,NYJ,13.827,12.686
2011_12_BUF_NYJ,2011,12,NYJ,12.686,10.39
2011_13_NYJ_WAS,2011,13,NYJ,10.39,11.569
2011_14_KC_NYJ,2011,14,NYJ,11.569,11.814
2011_15_NYJ_PHI,2011,15,NYJ,11.814,9.996
2011_16_NYG_NYJ,2011,16,NYJ,9.996,11.626
2011_17_NYJ_MIA,2011,17,NYJ,11.626,11.865
2012_01_BUF_NYJ,2012,1,NYJ,7.606,7.681
2012_02_NYJ_PIT,2012,2,NYJ,7.681,6.168
2012_03_NYJ_MIA,2012,3,NYJ,6.168,6.942
2012_04_SF_NYJ,2012,4,NYJ,6.942,7.606
2012_05_HOU_NYJ,2012,5,NYJ,7.606,8.561
2012_06_IND_NYJ,2012,6,NYJ,8.561,10.442
2012_07_NYJ_NE,2012,7,NYJ,10.442,9.786
2012_08_MIA_NYJ,2012,8,NYJ,9.786,10.918
2012_10_NYJ_SEA,2012,10,NYJ,10.918,10.006
2012_11_NYJ_LAR,2012,11,NYJ,10.006,9.12
2012_12_NE_NYJ,2012,12,NYJ,9.12,6.978
2012_13_ARI_NYJ,2012,13,NYJ,6.978,8.957
2012_14_NYJ_JAX,2012,14,NYJ,8.957,10.656
2012_15_NYJ_TEN,2012,15,NYJ,10.656,10.351
2012_16_LAC_NYJ,2012,16,NYJ,10.351,10.692
2012_17_NYJ_BUF,2012,17,NYJ,10.692,9.722
2013_01_TB_NYJ,2013,1,NYJ,6.232,7.327
2013_02_NYJ_NE,2013,2,NYJ,7.327,8.569
2013_03_BUF_NYJ,2013,3,NYJ,8.569,9.663
2013_04_NYJ_TEN,2013,4,NYJ,9.663,8.164
2013_05_NYJ_ATL,2013,5,NYJ,8.164,5.87
2013_06_PIT_NYJ,2013,6,NYJ,5.87,4.828
2013_07_NE_NYJ,2013,7,NYJ,4.828,7.186
2013_08_NYJ_CIN,2013,8,NYJ,7.186,4.763
2013_09_NO_NYJ,2013,9,NYJ,4.763,5.674
2013_11_NYJ_BUF,2013,11,NYJ,5.674,3.552
2013_12_NYJ_BAL,2013,12,NYJ,3.552,3.34
2013_13_MIA_NYJ,2013,13,NYJ,3.34,1.229
2013_14_OAK_NYJ,2013,14,NYJ,1.229,0.543
2013_15_NYJ_CAR,2013,15,NYJ,0.543,0.431
2013_16_CLE_NYJ,2013,16,NYJ,0.431,2.957
2013_17_NYJ_MIA,2013,17,NYJ,2.957,3.855
2014_01_OAK_NYJ,2014,1,NYJ,2.471,1.758
2014_02_NYJ_GB,2014,2,NYJ,1.758,0.72
2014_03_CHI_NYJ,2014,3,NYJ,0.72,0.883
2014_04_DET_NYJ,2014,4,NYJ,0.883,0.046
2014_05_NYJ_LAC,2014,5,NYJ,0.046,-0.021
2014_06_DEN_NYJ,2014,6,NYJ,-0.021,0.336
2014_07_NYJ_NE,2014,7,NYJ,0.336,-0.142
2014_08_BUF_NYJ,2014,8,NYJ,-0.142,-1.099
2014_09_NYJ_KC,2014,9,NYJ,-1.099,-1.972
2014_10_PIT_NYJ,2014,10,NYJ,-1.972,-1.412
2014_12_NYJ_BUF,2014,12,NYJ,-1.412,-3.811
2014_13_MIA_NYJ,2014,13,NYJ,-3.811,-2.978
2014_14_NYJ_MIN,2014,14,NYJ,-2.978,-4.305
2014_15_NYJ_TEN,2014,15,NYJ,-4.305,-3.24
2014_16_NE_NYJ,2014,16,NYJ,-3.24,-0.785
2014_17_NYJ_MIA,2014,17,NYJ,-0.785,0.905
2015_01_CLE_NYJ,2015,1,NYJ,0.58,0.802
2015_02_NYJ_IND,2015,2,NYJ,0.802,1.099
2015_03_PHI_NYJ,2015,3,NYJ,1.099,2.456
2015_04_NYJ_MIA,2015,4,NYJ,2.456,4.73
2015_06_WAS_NYJ,2015,6,NYJ,4.73,5.383
2015_07_NYJ_NE,2015,7,NYJ,5.383,4.44
2015_08_NYJ_OAK,2015,8,NYJ,4.44,1.765
2015_09_JAX_NYJ,2015,9,NYJ,1.765,1.491
2015_10_BUF_NYJ,2015,10,NYJ,1.491,1.988
2015_11_NYJ_HOU,2015,11,NYJ,1.988,0.51
2015_12_MIA_NYJ,2015,12,NYJ,0.51,-0.196
2015_13_NYJ_NYG,2015,13,NYJ,-0.196,0.808
2015_14_TEN_NYJ,2015,14,NYJ,0.808,2.843
2015_15_NYJ_DAL,2015,15,NYJ,2.843,3.59
2015_16_NE_NYJ,2015,16,NYJ,3.59,4.6
2015_17_NYJ_BUF,2015,17,NYJ,4.6,3.522
2016_01_CIN_NYJ,2016,1,NYJ,2.258,2.596
2016_02_NYJ_BUF,2016,2,NYJ,2.596,0.631
2016_03_NYJ_KC,2016,3,NYJ,0.631,0.286
2016_04_SEA_NYJ,2016,4,NYJ,0.286,-0.809
2016_05_NYJ_PIT,2016,5,NYJ,-0.809,-3.741
2016_06_NYJ_ARI,2016,6,NYJ,-3.741,-4.914
2016_07_BAL_NYJ,2016,7,NYJ,-4.914,-3.37
2016_08_NYJ_CLE,2016,8,NYJ,-3.37,-3.515
2016_09_NYJ_MIA,2016,9,NYJ,-3.515,-3.079
2016_10_LAR_NYJ,2016,10,NYJ,-3.079,-1.889
2016_12_NE_NYJ,2016,12,NYJ,-1.889,-1.794
2016_13_IND_NYJ,2016,13,NYJ,-1.794,-4.035
2016_14_NYJ_SF,2016,14,NYJ,-4.035,-3.476
2016_15_MIA_NYJ,2016,15,NYJ,-3.476,-4.94
2016_16_NYJ_NE,2016,16,NYJ,-4.94,-4.646
2016_17_BUF_NYJ,2016,17,NYJ,-4.646,-2.877
2017_01_NYJ_BUF,2017,1,NYJ,-1.844,-1.75
2017_02_NYJ_OAK,2017,2,NYJ,-1.75,-3.468
2017_03_MIA_NYJ,2017,3,NYJ,-3.468,-2.486
2017_04_JAX_NYJ,2017,4,NYJ,-2.486,-0.976
2017_05_NYJ_CLE,2017,5,NYJ,-0.976,-0.105
2017_06_NE_NYJ,2017,6,NYJ,-0.105,0.668
2017_07_NYJ_MIA,2017,7,NYJ,0.668,0.574
2017_08_ATL_NYJ,2017,8,NYJ,0.574,0.421
2017_09_BUF_NYJ,2017,9,NYJ,0.421,-0.642
2017_10_NYJ_TB,2017,10,NYJ,-0.642,0.251
2017_12_CAR_NYJ,2017,12,NYJ,0.251,1.486
2017_13_KC_NYJ,2017,13,NYJ,1.486,-1.486
2017_14_NYJ_DEN,2017,14,NYJ,-1.486,-2.203
2017_15_NYJ_NO,2017,15,NYJ,-2.203,-2.965
2017_16_LAC_NYJ,2017,16,NYJ,-2.965,-3.035
2017_17_NYJ_NE,2017,17,NYJ,-3.035,-2.399
2018_01_NYJ_DET,2018,1,NYJ,-1.538,-0.622
2018_02_MIA_NYJ,2018,2,NYJ,-0.622,-0.932
2018_03_NYJ_CLE,2018,3,NYJ,-0.932,1.448
2018_04_NYJ_JAX,2018,4,NYJ,1.448,-0.696
2018_05_DEN_NYJ,2018,5,NYJ,-0.696,-1.548
2018_06_IND_NYJ,2018,6,NYJ,-1.548,-0.909
2018_07_MIN_NYJ,2018,7,NYJ,-0.909,-0.978
2018_08_NYJ_CHI,2018,8,NYJ,-0.978,-1.717
2018_09_NYJ_MIA,2018,9,NYJ,-1.717,-0.411
2018_10_BUF_NYJ,2018,10,NYJ,-0.411,-1.293
2018_12_NE_NYJ,2018,12,NYJ,-1.293,-1.97
2018_13_NYJ_TEN,2018,13,NYJ,-1.97,-2.602
2018_14_NYJ_BUF,2018,14,NYJ,-2.602,-2.886
2018_15_HOU_NYJ,2018,15,NYJ,-2.886,-2.787
2018_16_GB_NYJ,2018,16,NYJ,-2.787,-5.688
2018_17_NYJ_NE,2018,17,NYJ,-5.688,-7.005
2019_01_BUF_NYJ,2019,1,NYJ,-4.491,-4.866
2019_02_CLE_NYJ,2019,2,NYJ,-4.866,-4.059
2019_03_NYJ_NE,2019,3,NYJ,-4.059,-4.695
2019_05_NYJ_PHI,2019,5,NYJ,-4.695,-3.879
2019_06_DAL_NYJ,2019,6,NYJ,-3.879,-3.918
2019_07_NE_NYJ,2019,7,NYJ,-3.918,-3.551
2019_08_NYJ_JAX,2019,8,NYJ,-3.551,-5.516
2019_09_NYJ_MIA,2019,9,NYJ,-5.516,-6.291
2019_10_NYG_NYJ,2019,10,NYJ,-6.291,-7.4
2019_11_NYJ_WAS,2019,11,NYJ,-7.4,-5.691
2019_12_OAK_NYJ,2019,12,NYJ,-5.691,-3.555
2019_13_NYJ_CIN,2019,13,NYJ,-3.555,-3.751
2019_14_MIA_NYJ,2019,14,NYJ,-3.751,-3.678
2019_15_NYJ_BAL,2019,15,NYJ,-3.678,-5.711
2019_16_PIT_NYJ,2019,16,NYJ,-5.711,-3.288
2019_17_NYJ_BUF,2019,17,NYJ,-3.288,-1.627
2020_01_NYJ_BUF,2020,1,NYJ,-1.043,-3.581
2020_02_SF_NYJ,2020,2,NYJ,-3.581,-3.963
2020_03_NYJ_IND,2020,3,NYJ,-3.963,-5.324
2020_04_DEN_NYJ,2020,4,NYJ,-5.324,-5.241
2020_05_ARI_NYJ,2020,5,NYJ,-5.241,-6.507
2020_06_NYJ_MIA,2020,6,NYJ,-6.507,-5.567
2020_07_BUF_NYJ,2020,7,NYJ,-5.567,-6.068
2020_08_NYJ_KC,2020,8,NYJ,-6.068,-8.83
2020_09_NE_NYJ,2020,9,NYJ,-8.83,-10.693
2020_11_NYJ_LAC,2020,11,NYJ,-10.693,-13.134
2020_12_MIA_NYJ,2020,12,NYJ,-13.134,-12.24
2020_13_OAK_NYJ,2020,13,NYJ,-12.24,-13.111
2020_14_NYJ_SEA,2020,14,NYJ,-13.111,-13.434
2020_15_NYJ_LAR,2020,15,NYJ,-13.434,-12.679
2020_16_CLE_NYJ,2020,16,NYJ,-12.679,-10.612
2020_17_NYJ_NE,2020,17,NYJ,-10.612,-12.523
2021_01_NYJ_CAR,2021,1,NYJ,-8.027,-9.324
2021_02_NE_NYJ,2021,2,NYJ,-9.324,-8.486
2021_03_NYJ_DEN,2021,3,NYJ,-8.486,-8.04
2021_04_TEN_NYJ,2021,4,NYJ,-8.04,-6.398
2021_05_NYJ_ATL,2021,5,NYJ,-6.398,-7.633
2021_07_NYJ_NE,2021,7,NYJ,-7.633,-9.211
2021_08_CIN_NYJ,2021,8,NYJ,-9.211,-8.579
2021_09_NYJ_IND,2021,9,NYJ,-8.579,-10.886
2021_10_BUF_NYJ,2021,10,NYJ,-10.886,-10.457
2021_11_MIA_NYJ,2021,11,NYJ,-10.457,-11.665
2021_12_NYJ_HOU,2021,12,NYJ,-11.665,-11.607
2021_13_PHI_NYJ,2021,13,NYJ,-11.607,-12.119
2021_15_NYJ_MIA,2021,15,NYJ,-12.119,-10.764
2021_16_JAX_NYJ,2021,16,NYJ,-10.764,-12.029
2021_17_TB_NYJ,2021,17,NYJ,-12.029,-12.799
2021_18_NYJ_BUF,2021,18,NYJ,-12.799,-13.154
2022_01_BAL_NYJ,2022,1,NYJ,-8.432,-8.75
2022_02_NYJ_CLE,2022,2,NYJ,-8.75,-10.485
2022_03_CIN_NYJ,2022,3,NYJ,-10.485,-11.755
2022_04_NYJ_PIT,2022,4,NYJ,-11.755,-9.291
2022_05_MIA_NYJ,2022,5,NYJ,-9.291,-8.078
2022_06_NYJ_GB,2022,6,NYJ,-8.078,-7.303
2022_07_NYJ_DEN,2022,7,NYJ,-7.303,-7.747
2022_08_NE_NYJ,2022,8,NYJ,-7.747,-6.668
2022_09_BUF_NYJ,2022,9,NYJ,-6.668,-4.418
2022_11_NYJ_NE,2022,11,NYJ,-4.418,-3.578
2022_12_CHI_NYJ,2022,12,NYJ,-3.578,-2.598
2022_13_NYJ_MIN,2022,13,NYJ,-2.598,-2.257
2022_14_NYJ_BUF,2022,14,NYJ,-2.257,-0.838
2022_15_DET_NYJ,2022,15,NYJ,-0.838,-0.552
2022_16_JAX_NYJ,2022,16,NYJ,-0.552,-1.235
2022_17_NYJ_SEA,2022,17,NYJ,-1.235,-0.082
2022_18_NYJ_MIA,2022,18,NYJ,-0.082,-0.142
2023_01_BUF_NYJ,2023,1,NYJ,-0.091,1.405
2023_02_NYJ_DAL,2023,2,NYJ,1.405,-0.735
2023_03_NE_NYJ,2023,3,NYJ,-0.735,-0.693
2023_04_KC_NYJ,2023,4,NYJ,-0.693,1.253
2023_05_NYJ_DEN,2023,5,NYJ,1.253,1.313
2023_06_PHI_NYJ,2023,6,NYJ,1.313,2.313
2023_08_NYJ_NYG,2023,8,NYJ,2.313,3.645
2023_09_LAC_NYJ,2023,9,NYJ,3.645,6.752
2023_10_NYJ_OAK,2023,10,NYJ,6.752,6.462
2023_11_NYJ_BUF,2023,11,NYJ,6.462,6.453
2023_12_MIA_NYJ,2023,12,NYJ,6.453,7.722
2023_13_ATL_NYJ,2023,13,NYJ,7.722,9.262
2023_14_HOU_NYJ,2023,14,NYJ,9.262,12.36
2023_15_NYJ_MIA,2023,15,NYJ,12.36,11.925
2023_16_WAS_NYJ,2023,16,NYJ,11.925,14.913
2023_17_NYJ_CLE,2023,17,NYJ,14.913,13.217
2023_18_NYJ_NE,2023,18,NYJ,13.217,16.948
2024_01_NYJ_SF,2024,1,NYJ,10.864,11.015
2024_02_NYJ_TEN,2024,2,NYJ,11.015,10.297
2024_03_NE_NYJ,2024,3,NYJ,10.297,12.333
2024_04_DEN_NYJ,2024,4,NYJ,12.333,12.888
2024_05_NYJ_MIN,2024,5,NYJ,12.888,15.129
2024_06_BUF_NYJ,2024,6,NYJ,15.129,14.083
2024_07_NYJ_PIT,2024,7,NYJ,14.083,12.831
2024_08_NYJ_NE,2024,8,NYJ,12.831,12.546
2024_09_HOU_NYJ,2024,9,NYJ,12.546,15.26
2024_10_NYJ_ARI,2024,10,NYJ,15.26,11.765
2024_11_IND_NYJ,2024,11,NYJ,11.765,9.293
2024_13_SEA_NYJ,2024,13,NYJ,9.293,9.466
2024_14_NYJ_MIA,2024,14,NYJ,9.466,7.475
2024_15_NYJ_JAX,2024,15,NYJ,7.475,5.044
2024_16_LAR_NYJ,2024,16,NYJ,5.044,6.334
2024_17_NYJ_BUF,2024,17,NYJ,6.334,6.345
2024_18_MIA_NYJ,2024,18,NYJ,6.345,7.244
2025_01_PIT_NYJ,2025,1,NYJ,4.643,4.088
2025_02_BUF_NYJ,2025,2,NYJ,4.088,5.401
2025_03_NYJ_TB,2025,3,NYJ,5.401,4.675
2025_04_NYJ_MIA,2025,4,NYJ,4.675,3.931
2025_05_DAL_NYJ,2025,5,NYJ,3.931,3.06
2025_06_DEN_NYJ,2025,6,NYJ,3.06,3.398
2025_07_CAR_NYJ,2025,7,NYJ,3.398,3.321
2025_08_NYJ_CIN,2025,8,NYJ,3.321,1.631
2025_10_CLE_NYJ,2025,10,NYJ,1.631,1.28
2025_11_NYJ_NE,2025,11,NYJ,1.28,0.495
2025_12_NYJ_BAL,2025,12,NYJ,0.495,2.327
2025_13_ATL_NYJ,2025,13,NYJ,2.327,2.897
2025_14_MIA_NYJ,2025,14,NYJ,2.897,3.261
2025_15_NYJ_JAX,2025,15,NYJ,3.261,-1.349
2025_16_NYJ_NO,2025,16,NYJ,-1.349,-3.052
2025_17_NE_NYJ,2025,17,NYJ,-3.052,-5.751
2025_18_NYJ_BUF,2025,18,NYJ,-5.751,-8.128
2026_01_NYJ_TEN,2026,1,NYJ,-5.21,-4.493
1999_01_OAK_GB,1999,1,OAK,0.0,-1.452
1999_02_OAK_MIN,1999,2,OAK,-1.452,-2.307
1999_03_CHI_OAK,1999,3,OAK,-2.307,-3.159
1999_04_OAK_SEA,1999,4,OAK,-3.159,-4.485
1999_05_DEN_OAK,1999,5,OAK,-4.485,-5.104
1999_06_OAK_BUF,1999,6,OAK,-5.104,-3.792
1999_07_NYJ_OAK,1999,7,OAK,-3.792,-3.902
1999_08_MIA_OAK,1999,8,OAK,-3.902,-3.228
1999_10_LAC_OAK,1999,10,OAK,-3.228,-3.935
1999_11_OAK_DEN,1999,11,OAK,-3.935,-3.475
1999_12_KC_OAK,1999,12,OAK,-3.475,-2.434
1999_13_SEA_OAK,1999,13,OAK,-2.434,-2.949
1999_14_OAK_TEN,1999,14,OAK,-2.949,-2.285
1999_15_TB_OAK,1999,15,OAK,-2.285,-1.127
1999_16_OAK_LAC,1999,16,OAK,-1.127,-1.972
1999_17_OAK_KC,1999,17,OAK,-1.972,-3.534
2000_01_LAC_OAK,2000,1,OAK,-2.265,0.457
2000_02_OAK_IND,2000,2,OAK,0.457,-2.06
2000_03_DEN_OAK,2000,3,OAK,-2.06,-2.84
2000_04_CLE_OAK,2000,4,OAK,-2.84,-1.222
2000_06_OAK_SF,2000,6,OAK,-1.222,-4.285
2000_07_OAK_KC,2000,7,OAK,-4.285,-5.674
2000_08_SEA_OAK,2000,8,OAK,-5.674,-4.589
2000_09_OAK_LAC,2000,9,OAK,-4.589,-5.269
2000_10_KC_OAK,2000,10,OAK,-5.269,-7.799
2000_11_OAK_DEN,2000,11,OAK,-7.799,-7.915
2000_12_OAK_NO,2000,12,OAK,-7.915,-7.589
2000_13_ATL_OAK,2000,13,OAK,-7.589,-6.105
2000_14_OAK_PIT,2000,14,OAK,-6.105,-7.774
2000_15_NYJ_OAK,2000,15,OAK,-7.774,-6.142
2000_16_OAK_SEA,2000,16,OAK,-6.142,-5.962
2000_17_CAR_OAK,2000,17,OAK,-5.962,-5.137
2000_19_MIA_OAK,2000,19,OAK,-5.137,-3.079
2000_20_BAL_OAK,2000,20,OAK,-3.079,-2.856
2001_01_OAK_KC,2001,1,OAK,-1.83,-1.264
2001_02_OAK_MIA,2001,2,OAK,-1.264,-1.749
2001_03_SEA_OAK,2001,3,OAK,-1.749,-0.28
2001_04_DAL_OAK,2001,4,OAK,-0.28,-0.135
2001_05_OAK_IND,2001,5,OAK,-0.135,-0.429
2001_07_OAK_PHI,2001,7,OAK,-0.429,1.082
2001_08_DEN_OAK,2001,8,OAK,1.082,1.703
2001_09_OAK_SEA,2001,9,OAK,1.703,-0.615
2001_10_LAC_OAK,2001,10,OAK,-0.615,0.768
2001_11_OAK_NYG,2001,11,OAK,0.768,1.502
2001_12_ARI_OAK,2001,12,OAK,1.502,0.087
2001_13_KC_OAK,2001,13,OAK,0.087,-0.297
2001_14_OAK_LAC,2001,14,OAK,-0.297,2.191
2001_15_TEN_OAK,2001,15,OAK,2.191,4.215
2001_16_OAK_DEN,2001,16,OAK,4.215,3.407
2001_17_NYJ_OAK,2001,17,OAK,3.407,4.025
2001_18_NYJ_OAK,2001,18,OAK,4.025,1.462
2001_19_OAK_NE,2001,19,OAK,1.462,-0.216
2002_01_SEA_OAK,2002,1,OAK,-0.139,-1.315
2002_02_OAK_PIT,2002,2,OAK,-1.315,-1.703
2002_04_TEN_OAK,2002,4,OAK,-1.703,-1.837
2002_05_OAK_BUF,2002,5,OAK,-1.837,-1.657
2002_06_OAK_LAR,2002,6,OAK,-1.657,-4.454
2002_07_LAC_OAK,2002,7,OAK,-4.454,-5.814
2002_08_OAK_KC,2002,8,OAK,-5.814,-4.953
2002_09_SF_OAK,2002,9,OAK,-4.953,-6.835
2002_10_OAK_DEN,2002,10,OAK,-6.835,-6.646
2002_11_NE_OAK,2002,11,OAK,-6.646,-4.9
2002_12_OAK_ARI,2002,12,OAK,-4.9,-3.446
2002_13_NYJ_OAK,2002,13,OAK,-3.446,-3.855
2002_14_OAK_LAC,2002,14,OAK,-3.855,-2.044
2002_15_OAK_MIA,2002,15,OAK,-2.044,-2.297
2002_16_DEN_OAK,2002,16,OAK,-2.297,0.535
2002_17_KC_OAK,2002,17,OAK,0.535,2.085
2002_19_NYJ_OAK,2002,19,OAK,2.085,5.174
2002_20_TEN_OAK,2002,20,OAK,5.174,3.526
2002_21_OAK_TB,2002,21,OAK,3.526,3.211
2003_01_OAK_TEN,2003,1,OAK,2.059,1.133
2003_02_CIN_OAK,2003,2,OAK,1.133,0.961
2003_03_OAK_DEN,2003,3,OAK,0.961,-1.754
2003_04_LAC_OAK,2003,4,OAK,-1.754,-2.566
2003_05_OAK_CHI,2003,5,OAK,-2.566,-2.039
2003_06_OAK_CLE,2003,6,OAK,-2.039,-1.213
2003_07_KC_OAK,2003,7,OAK,-1.213,-0.382
2003_09_OAK_DET,2003,9,OAK,-0.382,-1.422
2003_10_NYJ_OAK,2003,10,OAK,-1.422,-2.836
2003_11_MIN_OAK,2003,11,OAK,-2.836,-2.072
2003_12_OAK_KC,2003,12,OAK,-2.072,-2.934
2003_13_DEN_OAK,2003,13,OAK,-2.934,-1.21
2003_14_OAK_PIT,2003,14,OAK,-1.21,-2.542
2003_15_BAL_OAK,2003,15,OAK,-2.542,-2.036
2003_16_GB_OAK,2003,16,OAK,-2.036,-5.481
2003_17_OAK_LAC,2003,17,OAK,-5.481,-4.363
2004_01_OAK_PIT,2004,1,OAK,-2.797,-2.517
2004_02_BUF_OAK,2004,2,OAK,-2.517,-1.075
2004_03_TB_OAK,2004,3,OAK,-1.075,-2.422
2004_04_OAK_HOU,2004,4,OAK,-2.422,-4.505
2004_05_OAK_IND,2004,5,OAK,-4.505,-4.547
2004_06_DEN_OAK,2004,6,OAK,-4.547,-5.433
2004_07_NO_OAK,2004,7,OAK,-5.433,-5.377
2004_08_OAK_LAC,2004,8,OAK,-5.377,-9.177
2004_09_OAK_CAR,2004,9,OAK,-9.177,-10.506
2004_11_LAC_OAK,2004,11,OAK,-10.506,-10.966
2004_12_OAK_DEN,2004,12,OAK,-10.966,-11.136
2004_13_KC_OAK,2004,13,OAK,-11.136,-12.336
2004_14_OAK_ATL,2004,14,OAK,-12.336,-12.684
2004_15_TEN_OAK,2004,15,OAK,-12.684,-16.079
2004_16_OAK_KC,2004,16,OAK,-16.079,-16.068
2004_17_JAX_OAK,2004,17,OAK,-16.068,-14.717
2005_01_OAK_NE,2005,1,OAK,-9.434,-10.616
2005_02_KC_OAK,2005,2,OAK,-10.616,-10.26
2005_03_OAK_PHI,2005,3,OAK,-10.26,-10.498
2005_04_DAL_OAK,2005,4,OAK,-10.498,-8.743
2005_06_LAC_OAK,2005,6,OAK,-8.743,-7.932
2005_07_BUF_OAK,2005,7,OAK,-7.932,-8.004
2005_08_OAK_TEN,2005,8,OAK,-8.004,-7.356
2005_09_OAK_KC,2005,9,OAK,-7.356,-6.762
2005_10_DEN_OAK,2005,10,OAK,-6.762,-7.179
2005_11_OAK_WAS,2005,11,OAK,-7.179,-5.75
2005_12_MIA_OAK,2005,12,OAK,-5.75,-6.01
2005_13_OAK_LAC,2005,13,OAK,-6.01,-6.02
2005_14_OAK_NYJ,2005,14,OAK,-6.02,-7.259
2005_15_CLE_OAK,2005,15,OAK,-7.259,-6.864
2005_16_OAK_DEN,2005,16,OAK,-6.864,-6.813
2005_17_NYG_OAK,2005,17,OAK,-6.813,-6.763
2006_01_LAC_OAK,2006,1,OAK,-4.335,-4.698
2006_02_OAK_BAL,2006,2,OAK,-4.698,-2.893
2006_04_CLE_OAK,2006,4,OAK,-2.893,-3.297
2006_05_OAK_SF,2006,5,OAK,-3.297,-5.229
2006_06_OAK_DEN,2006,6,OAK,-5.229,-4.478
2006_07_ARI_OAK,2006,7,OAK,-4.478,-1.88
2006_08_PIT_OAK,2006,8,OAK,-1.88,-0.166
2006_09_OAK_SEA,2006,9,OAK,-0.166,-1.757
2006_10_DEN_OAK,2006,10,OAK,-1.757,-0.765
2006_11_OAK_KC,2006,11,OAK,-0.765,0.635
2006_12_OAK_LAC,2006,12,OAK,0.635,2.709
2006_13_HOU_OAK,2006,13,OAK,2.709,5.715
2006_14_OAK_CIN,2006,14,OAK,5.715,5.604
2006_15_LAR_OAK,2006,15,OAK,5.604,7.797
2006_16_KC_OAK,2006,16,OAK,7.797,8.675
2006_17_OAK_NYJ,2006,17,OAK,8.675,7.954
2007_01_DET_OAK,2007,1,OAK,5.099,3.396
2007_02_OAK_DEN,2007,2,OAK,3.396,3.224
2007_03_CLE_OAK,2007,3,OAK,3.224,2.459
2007_04_OAK_MIA,2007,4,OAK,2.459,3.531
2007_06_OAK_LAC,2007,6,OAK,3.531,3.848
2007_07_KC_OAK,2007,7,OAK,3.848,4.987
2007_08_OAK_TEN,2007,8,OAK,4.987,6.338
2007_09_HOU_OAK,2007,9,OAK,6.338,5.004
2007_10_CHI_OAK,2007,10,OAK,5.004,5.116
2007_11_OAK_MIN,2007,11,OAK,5.116,3.775
2007_12_OAK_KC,2007,12,OAK,3.775,4.699
2007_13_DEN_OAK,2007,13,OAK,4.699,6.007
2007_14_OAK_GB,2007,14,OAK,6.007,5.031
2007_15_IND_OAK,2007,15,OAK,5.031,6.636
2007_16_OAK_JAX,2007,16,OAK,6.636,5.69
2007_17_LAC_OAK,2007,17,OAK,5.69,5.187
2008_01_DEN_OAK,2008,1,OAK,3.325,1.266
2008_02_OAK_KC,2008,2,OAK,1.266,2.124
2008_03_OAK_BUF,2008,3,OAK,2.124,1.758
2008_04_LAC_OAK,2008,4,OAK,1.758,3.773
2008_06_OAK_NO,2008,6,OAK,3.773,0.763
2008_07_NYJ_OAK,2008,7,OAK,0.763,3.093
2008_08_OAK_BAL,2008,8,OAK,3.093,1.681
2008_09_ATL_OAK,2008,9,OAK,1.681,0.895
2008_10_CAR_OAK,2008,10,OAK,0.895,5.271
2008_11_OAK_MIA,2008,11,OAK,5.271,5.649
2008_12_OAK_DEN,2008,12,OAK,5.649,6.685
2008_13_KC_OAK,2008,13,OAK,6.685,6.022
2008_14_OAK_LAC,2008,14,OAK,6.022,4.767
2008_15_NE_OAK,2008,15,OAK,4.767,3.251
2008_16_HOU_OAK,2008,16,OAK,3.251,4.822
2008_17_OAK_TB,2008,17,OAK,4.822,4.972
2009_01_LAC_OAK,2009,1,OAK,3.187,3.492
2009_02_OAK_KC,2009,2,OAK,3.492,3.518
2009_03_DEN_OAK,2009,3,OAK,3.518,3.116
2009_04_OAK_HOU,2009,4,OAK,3.116,4.35
2009_05_OAK_NYG,2009,5,OAK,4.35,3.413
2009_06_PHI_OAK,2009,6,OAK,3.413,5.423
2009_07_NYJ_OAK,2009,7,OAK,5.423,4.062
2009_08_OAK_LAC,2009,8,OAK,4.062,4.394
2009_10_KC_OAK,2009,10,OAK,4.394,5.11
2009_11_CIN_OAK,2009,11,OAK,5.11,5.108
2009_12_OAK_DAL,2009,12,OAK,5.108,3.24
2009_13_OAK_PIT,2009,13,OAK,3.24,1.958
2009_14_WAS_OAK,2009,14,OAK,1.958,1.666
2009_15_OAK_DEN,2009,15,OAK,1.666,1.57
2009_16_OAK_CLE,2009,16,OAK,1.57,1.551
2009_17_BAL_OAK,2009,17,OAK,1.551,3.372
2010_01_OAK_TEN,2010,1,OAK,2.161,1.224
2010_02_LAR_OAK,2010,2,OAK,1.224,1.674
2010_03_OAK_ARI,2010,3,OAK,1.674,1.231
2010_04_HOU_OAK,2010,4,OAK,1.231,1.184
2010_05_LAC_OAK,2010,5,OAK,1.184,-0.495
2010_06_OAK_SF,2010,6,OAK,-0.495,-0.493
2010_07_OAK_DEN,2010,7,OAK,-0.493,1.06
2010_08_SEA_OAK,2010,8,OAK,1.06,4.65
2010_09_KC_OAK,2010,9,OAK,4.65,4.547
2010_11_OAK_PIT,2010,11,OAK,4.547,1.438
2010_12_MIA_OAK,2010,12,OAK,1.438,1.271
2010_13_OAK_LAC,2010,13,OAK,1.271,2.643
2010_14_OAK_JAX,2010,14,OAK,2.643,2.212
2010_15_DEN_OAK,2010,15,OAK,2.212,0.374
2010_16_IND_OAK,2010,16,OAK,0.374,1.5
2010_17_OAK_KC,2010,17,OAK,1.5,5.948
2011_01_OAK_DEN,2011,1,OAK,3.813,4.616
2011_02_OAK_BUF,2011,2,OAK,4.616,2.787
2011_03_NYJ_OAK,2011,3,OAK,2.787,1.508
2011_04_NE_OAK,2011,4,OAK,1.508,2.309
2011_05_OAK_HOU,2011,5,OAK,2.309,2.453
2011_06_CLE_OAK,2011,6,OAK,2.453,2.268
2011_07_KC_OAK,2011,7,OAK,2.268,3.916
2011_09_DEN_OAK,2011,9,OAK,3.916,1.53
2011_10_OAK_LAC,2011,10,OAK,1.53,3.214
2011_11_OAK_MIN,2011,11,OAK,3.214,2.397
2011_12_CHI_OAK,2011,12,OAK,2.397,2.345
2011_13_OAK_MIA,2011,13,OAK,2.345,1.157
2011_14_OAK_GB,2011,14,OAK,1.157,2.859
2011_15_DET_OAK,2011,15,OAK,2.859,1.156
2011_16_OAK_KC,2011,16,OAK,1.156,0.896
2011_17_LAC_OAK,2011,17,OAK,0.896,-0.56
2012_01_LAC_OAK,2012,1,OAK,-0.359,-0.874
2012_02_OAK_MIA,2012,2,OAK,-0.874,-2.251
2012_03_PIT_OAK,2012,3,OAK,-2.251,-5.871
2012_04_OAK_DEN,2012,4,OAK,-5.871,-7.825
2012_06_OAK_ATL,2012,6,OAK,-7.825,-6.932
2012_07_JAX_OAK,2012,7,OAK,-6.932,-7.597
2012_08_OAK_KC,2012,8,OAK,-7.597,-5.921
2012_09_TB_OAK,2012,9,OAK,-5.921,-6.705
2012_10_OAK_BAL,2012,10,OAK,-6.705,-9.209
2012_11_NO_OAK,2012,11,OAK,-9.209,-9.232
2012_12_OAK_CIN,2012,12,OAK,-9.232,-9.088
2012_13_CLE_OAK,2012,13,OAK,-9.088,-10.279
2012_14_DEN_OAK,2012,14,OAK,-10.279,-8.954
2012_15_KC_OAK,2012,15,OAK,-8.954,-7.156
2012_16_OAK_CAR,2012,16,OAK,-7.156,-6.663
2012_17_OAK_LAC,2012,17,OAK,-6.663,-6.663
2013_01_OAK_IND,2013,1,OAK,-4.271,-6.284
2013_02_JAX_OAK,2013,2,OAK,-6.284,-6.403
2013_03_OAK_DEN,2013,3,OAK,-6.403,-8.225
2013_04_WAS_OAK,2013,4,OAK,-8.225,-7.906
2013_05_LAC_OAK,2013,5,OAK,-7.906,-8.038
2013_06_OAK_KC,2013,6,OAK,-8.038,-6.229
2013_08_PIT_OAK,2013,8,OAK,-6.229,-4.754
2013_09_PHI_OAK,2013,9,OAK,-4.754,-9.838
2013_10_OAK_NYG,2013,10,OAK,-9.838,-8.116
2013_11_OAK_HOU,2013,11,OAK,-8.116,-7.98
2013_12_TEN_OAK,2013,12,OAK,-7.98,-9.923
2013_13_OAK_DAL,2013,13,OAK,-9.923,-10.225
2013_14_OAK_NYJ,2013,14,OAK,-10.225,-12.539
2013_15_KC_OAK,2013,15,OAK,-12.539,-14.941
2013_16_OAK_LAC,2013,16,OAK,-14.941,-13.213
2013_17_DEN_OAK,2013,17,OAK,-13.213,-13.776
2014_01_OAK_NYJ,2014,1,OAK,-8.831,-9.797
2014_02_HOU_OAK,2014,2,OAK,-9.797,-10.288
2014_03_OAK_NE,2014,3,OAK,-10.288,-9.457
2014_04_MIA_OAK,2014,4,OAK,-9.457,-11.519
2014_06_LAC_OAK,2014,6,OAK,-11.519,-12.321
2014_07_ARI_OAK,2014,7,OAK,-12.321,-12.29
2014_08_OAK_CLE,2014,8,OAK,-12.29,-13.527
2014_09_OAK_SEA,2014,9,OAK,-13.527,-11.774
2014_10_DEN_OAK,2014,10,OAK,-11.774,-12.392
2014_11_OAK_LAC,2014,11,OAK,-12.392,-11.462
2014_12_KC_OAK,2014,12,OAK,-11.462,-11.174
2014_13_OAK_LAR,2014,13,OAK,-11.174,-12.62
2014_14_SF_OAK,2014,14,OAK,-12.62,-10.066
2014_15_OAK_KC,2014,15,OAK,-10.066,-11.377
2014_16_BUF_OAK,2014,16,OAK,-11.377,-11.943
2014_17_OAK_DEN,2014,17,OAK,-11.943,-10.312
2015_01_CIN_OAK,2015,1,OAK,-6.61,-8.137
2015_02_BAL_OAK,2015,2,OAK,-8.137,-10.22
2015_03_OAK_CLE,2015,3,OAK,-10.22,-10.251
2015_04_OAK_CHI,2015,4,OAK,-10.251,-10.239
2015_05_DEN_OAK,2015,5,OAK,-10.239,-7.976
2015_07_OAK_LAC,2015,7,OAK,-7.976,-8.242
2015_08_NYJ_OAK,2015,8,OAK,-8.242,-6.663
2015_09_OAK_PIT,2015,9,OAK,-6.663,-6.659
2015_10_MIN_OAK,2015,10,OAK,-6.659,-6.16
2015_11_OAK_DET,2015,11,OAK,-6.16,-7.095
2015_12_OAK_TEN,2015,12,OAK,-7.095,-5.89
2015_13_KC_OAK,2015,13,OAK,-5.89,-5.916
2015_14_OAK_DEN,2015,14,OAK,-5.916,-6.199
2015_15_GB_OAK,2015,15,OAK,-6.199,-4.532
2015_16_LAC_OAK,2015,16,OAK,-4.532,-5.04
2015_17_OAK_KC,2015,17,OAK,-5.04,-4.618
2016_01_OAK_NO,2016,1,OAK,-2.96,-5.639
2016_02_ATL_OAK,2016,2,OAK,-5.639,-7.101
2016_03_OAK_TEN,2016,3,OAK,-7.101,-5.45
2016_04_OAK_BAL,2016,4,OAK,-5.45,-6.336
2016_05_LAC_OAK,2016,5,OAK,-6.336,-7.146
2016_06_KC_OAK,2016,6,OAK,-7.146,-7.11
2016_07_OAK_JAX,2016,7,OAK,-7.11,-6.403
2016_08_OAK_TB,2016,8,OAK,-6.403,-6.015
2016_09_DEN_OAK,2016,9,OAK,-6.015,-6.08
2016_11_HOU_OAK,2016,11,OAK,-6.08,-6.249
2016_12_CAR_OAK,2016,12,OAK,-6.249,-6.022
2016_13_BUF_OAK,2016,13,OAK,-6.022,-4.504
2016_14_OAK_KC,2016,14,OAK,-4.504,-4.46
2016_15_OAK_LAC,2016,15,OAK,-4.46,-3.476
2016_16_IND_OAK,2016,16,OAK,-3.476,-3.553
2016_17_OAK_DEN,2016,17,OAK,-3.553,-4.168
2016_18_OAK_HOU,2016,18,OAK,-4.168,-5.91
2017_01_OAK_TEN,2017,1,OAK,-3.789,-4.453
2017_02_NYJ_OAK,2017,2,OAK,-4.453,-4.558
2017_03_OAK_WAS,2017,3,OAK,-4.558,-6.812
2017_04_OAK_DEN,2017,4,OAK,-6.812,-5.73
2017_05_BAL_OAK,2017,5,OAK,-5.73,-6.19
2017_06_LAC_OAK,2017,6,OAK,-6.19,-6.458
2017_07_KC_OAK,2017,7,OAK,-6.458,-7.839
2017_08_OAK_BUF,2017,8,OAK,-7.839,-8.42
2017_09_OAK_MIA,2017,9,OAK,-8.42,-11.293
2017_11_NE_OAK,2017,11,OAK,-11.293,-12.724
2017_12_DEN_OAK,2017,12,OAK,-12.724,-10.436
2017_13_NYG_OAK,2017,13,OAK,-10.436,-10.319
2017_14_OAK_KC,2017,14,OAK,-10.319,-8.098
2017_15_DAL_OAK,2017,15,OAK,-8.098,-6.573
2017_16_OAK_PHI,2017,16,OAK,-6.573,-4.974
2017_17_OAK_LAC,2017,17,OAK,-4.974,-7.393
2018_01_LAR_OAK,2018,1,OAK,-4.739,-4.883
2018_02_OAK_DEN,2018,2,OAK,-4.883,-4.044
2018_03_OAK_MIA,2018,3,OAK,-4.044,-6.219
2018_04_CLE_OAK,2018,4,OAK,-6.219,-5.673
2018_05_OAK_LAC,2018,5,OAK,-5.673,-6.936
2018_06_SEA_OAK,2018,6,OAK,-6.936,-7.611
2018_08_IND_OAK,2018,8,OAK,-7.611,-7.995
2018_09_OAK_SF,2018,9,OAK,-7.995,-10.443
2018_10_LAC_OAK,2018,10,OAK,-10.443,-9.997
2018_11_OAK_ARI,2018,11,OAK,-9.997,-10.118
2018_12_OAK_BAL,2018,12,OAK,-10.118,-10.68
2018_13_KC_OAK,2018,13,OAK,-10.68,-12.193
2018_14_PIT_OAK,2018,14,OAK,-12.193,-12.74
2018_15_OAK_CIN,2018,15,OAK,-12.74,-11.633
2018_16_DEN_OAK,2018,16,OAK,-11.633,-11.275
2018_17_OAK_KC,2018,17,OAK,-11.275,-10.402
2019_01_DEN_OAK,2019,1,OAK,-6.668,-6.784
2019_02_KC_OAK,2019,2,OAK,-6.784,-8.777
2019_03_OAK_MIN,2019,3,OAK,-8.777,-9.538
2019_04_OAK_IND,2019,4,OAK,-9.538,-10.79
2019_05_CHI_OAK,2019,5,OAK,-10.79,-10.783
2019_07_OAK_GB,2019,7,OAK,-10.783,-14.538
2019_08_OAK_HOU,2019,8,OAK,-14.538,-15.657
2019_09_DET_OAK,2019,9,OAK,-15.657,-15.755
2019_10_LAC_OAK,2019,10,OAK,-15.755,-12.207
2019_11_CIN_OAK,2019,11,OAK,-12.207,-9.908
2019_12_OAK_NYJ,2019,12,OAK,-9.908,-12.466
2019_13_OAK_KC,2019,13,OAK,-12.466,-11.521
2019_14_TEN_OAK,2019,14,OAK,-11.521,-13.746
2019_15_JAX_OAK,2019,15,OAK,-13.746,-13.98
2019_16_OAK_LAC,2019,16,OAK,-13.98,-14.008
2019_17_OAK_DEN,2019,17,OAK,-14.008,-13.738
2020_01_OAK_CAR,2020,1,OAK,-8.806,-9.411
2020_02_NO_OAK,2020,2,OAK,-9.411,-9.51
2020_03_OAK_NE,2020,3,OAK,-9.51,-7.719
2020_04_BUF_OAK,2020,4,OAK,-7.719,-9.518
2020_05_OAK_KC,2020,5,OAK,-9.518,-8.348
2020_07_TB_OAK,2020,7,OAK,-8.348,-12.369
2020_08_OAK_CLE,2020,8,OAK,-12.369,-11.403
2020_09_OAK_LAC,2020,9,OAK,-11.403,-12.95
2020_10_DEN_OAK,2020,10,OAK,-12.95,-11.008
2020_11_KC_OAK,2020,11,OAK,-11.008,-12.212
2020_12_OAK_ATL,2020,12,OAK,-12.212,-11.431
2020_13_OAK_NYJ,2020,13,OAK,-11.431,-12.16
2020_14_IND_OAK,2020,14,OAK,-12.16,-13.092
2020_15_LAC_OAK,2020,15,OAK,-13.092,-15.176
2020_16_MIA_OAK,2020,16,OAK,-15.176,-14.867
2020_17_OAK_DEN,2020,17,OAK,-14.867,-15.797
2021_01_BAL_OAK,2021,1,OAK,-10.126,-11.063
2021_02_OAK_PIT,2021,2,OAK,-11.063,-10.495
2021_03_MIA_OAK,2021,3,OAK,-10.495,-11.66
2021_04_OAK_LAC,2021,4,OAK,-11.66,-12.089
2021_05_CHI_OAK,2021,5,OAK,-12.089,-12.049
2021_06_OAK_DEN,2021,6,OAK,-12.049,-11.174
2021_07_PHI_OAK,2021,7,OAK,-11.174,-12.119
2021_09_OAK_NYG,2021,9,OAK,-12.119,-11.197
2021_10_KC_OAK,2021,10,OAK,-11.197,-14.96
2021_11_CIN_OAK,2021,11,OAK,-14.96,-14.567
2021_12_OAK_DAL,2021,12,OAK,-14.567,-15.764
2021_13_WAS_OAK,2021,13,OAK,-15.764,-16.84
2021_14_OAK_KC,2021,14,OAK,-16.84,-16.802
2021_15_OAK_CLE,2021,15,OAK,-16.802,-16.278
2021_16_DEN_OAK,2021,16,OAK,-16.278,-15.861
2021_17_OAK_IND,2021,17,OAK,-15.861,-15.371
2021_18_LAC_OAK,2021,18,OAK,-15.371,-14.571
2021_19_OAK_CIN,2021,19,OAK,-14.571,-14.174
2022_01_OAK_LAC,2022,1,OAK,-9.085,-10.832
2022_02_ARI_OAK,2022,2,OAK,-10.832,-11.6
2022_03_OAK_TEN,2022,3,OAK,-11.6,-12.578
2022_04_DEN_OAK,2022,4,OAK,-12.578,-14.012
2022_05_OAK_KC,2022,5,OAK,-14.012,-15.101
2022_07_HOU_OAK,2022,7,OAK,-15.101,-16.368
2022_08_OAK_NO,2022,8,OAK,-16.368,-17.91
2022_09_OAK_JAX,2022,9,OAK,-17.91,-19.397
2022_10_IND_OAK,2022,10,OAK,-19.397,-20.835
2022_11_OAK_DEN,2022,11,OAK,-20.835,-20.191
2022_12_OAK_SEA,2022,12,OAK,-20.191,-19.865
2022_13_LAC_OAK,2022,13,OAK,-19.865,-18.584
2022_14_OAK_LAR,2022,14,OAK,-18.584,-18.851
2022_15_NE_OAK,2022,15,OAK,-18.851,-17.504
2022_16_OAK_PIT,2022,16,OAK,-17.504,-18.471
2022_17_SF_OAK,2022,17,OAK,-18.471,-19.882
2022_18_KC_OAK,2022,18,OAK,-19.882,-18.697
2023_01_OAK_DEN,2023,1,OAK,-11.985,-12.859
2023_02_OAK_BUF,2023,2,OAK,-12.859,-14.68
2023_03_PIT_OAK,2023,3,OAK,-14.68,-15.92
2023_04_OAK_LAC,2023,4,OAK,-15.92,-15.056
2023_05_GB_OAK,2023,5,OAK,-15.056,-13.382
2023_06_NE_OAK,2023,6,OAK,-13.382,-12.876
2023_07_OAK_CHI,2023,7,OAK,-12.876,-13.915
2023_08_OAK_DET,2023,8,OAK,-13.915,-14.136
2023_09_NYG_OAK,2023,9,OAK,-14.136,-12.556
2023_10_NYJ_OAK,2023,10,OAK,-12.556,-14.008
2023_11_OAK_MIA,2023,11,OAK,-14.008,-14.104
2023_12_KC_OAK,2023,12,OAK,-14.104,-15.18
2023_14_MIN_OAK,2023,14,OAK,-15.18,-12.54
2023_15_LAC_OAK,2023,15,OAK,-12.54,-14.521
2023_16_OAK_KC,2023,16,OAK,-14.521,-12.632
2023_17_OAK_IND,2023,17,OAK,-12.632,-13.31
2023_18_DEN_OAK,2023,18,OAK,-13.31,-12.75
2024_01_OAK_LAC,2024,1,OAK,-8.172,-7.876
2024_02_OAK_BAL,2024,2,OAK,-7.876,-6.984
2024_03_CAR_OAK,2024,3,OAK,-6.984,-9.477
2024_04_CLE_OAK,2024,4,OAK,-9.477,-9.796
2024_05_OAK_DEN,2024,5,OAK,-9.796,-10.471
2024_06_PIT_OAK,2024,6,OAK,-10.471,-11.311
2024_07_OAK_LAR,2024,7,OAK,-11.311,-9.87
2024_08_KC_OAK,2024,8,OAK,-9.87,-10.716
2024_09_OAK_CIN,2024,9,OAK,-10.716,-11.798
2024_11_OAK_MIA,2024,11,OAK,-11.798,-13.213
2024_12_DEN_OAK,2024,12,OAK,-13.213,-14.368
2024_13_OAK_KC,2024,13,OAK,-14.368,-12.336
2024_14_OAK_TB,2024,14,OAK,-12.336,-11.128
2024_15_ATL_OAK,2024,15,OAK,-11.128,-9.349
2024_16_JAX_OAK,2024,16,OAK,-9.349,-10.799
2024_17_OAK_NO,2024,17,OAK,-10.799,-11.335
2024_18_LAC_OAK,2024,18,OAK,-11.335,-14.214
2025_01_OAK_NE,2025,1,OAK,-9.111,-8.338
2025_02_LAC_OAK,2025,2,OAK,-8.338,-9.249
2025_03_OAK_WAS,2025,3,OAK,-9.249,-10.312
2025_04_CHI_OAK,2025,4,OAK,-10.312,-10.128
2025_05_OAK_IND,2025,5,OAK,-10.128,-11.364
2025_06_TEN_OAK,2025,6,OAK,-11.364,-11.158
2025_07_OAK_KC,2025,7,OAK,-11.158,-12.069
2025_09_JAX_OAK,2025,9,OAK,-12.069,-13.492
2025_10_OAK_DEN,2025,10,OAK,-13.492,-10.411
2025_11_DAL_OAK,2025,11,OAK,-10.411,-12.087
2025_12_CLE_OAK,2025,12,OAK,-12.087,-12.759
2025_13_OAK_LAC,2025,13,OAK,-12.759,-12.001
2025_14_DEN_OAK,2025,14,OAK,-12.001,-12.935
2025_15_OAK_PHI,2025,15,OAK,-12.935,-13.771
2025_16_OAK_HOU,2025,16,OAK,-13.771,-14.017
2025_17_NYG_OAK,2025,17,OAK,-14.017,-16.226
2025_18_KC_OAK,2025,18,OAK,-16.226,-15.189
2026_01_MIA_OAK,2026,1,OAK,-9.736,-9.537
1999_01_ARI_PHI,1999,1,PHI,0.0,0.048
1999_02_TB_PHI,1999,2,PHI,0.048,0.947
1999_03_PHI_BUF,1999,3,PHI,0.947,-0.698
1999_04_PHI_NYG,1999,4,PHI,-0.698,-0.148
1999_05_DAL_PHI,1999,5,PHI,-0.148,0.482
1999_06_PHI_CHI,1999,6,PHI,0.482,0.948
1999_07_PHI_MIA,1999,7,PHI,0.948,0.357
1999_08_NYG_PHI,1999,8,PHI,0.357,-0.812
1999_09_PHI_CAR,1999,9,PHI,-0.812,-3.217
1999_10_WAS_PHI,1999,10,PHI,-3.217,-2.036
1999_11_IND_PHI,1999,11,PHI,-2.036,-3.206
1999_12_PHI_WAS,1999,12,PHI,-3.206,-3.976
1999_13_PHI_ARI,1999,13,PHI,-3.976,-5.266
1999_14_PHI_DAL,1999,14,PHI,-5.266,-5.852
1999_15_NE_PHI,1999,15,PHI,-5.852,-2.958
1999_17_LAR_PHI,1999,17,PHI,-2.958,-0.593
2000_01_PHI_DAL,2000,1,PHI,-0.38,2.976
2000_02_NYG_PHI,2000,2,PHI,2.976,1.352
2000_03_PHI_GB,2000,3,PHI,1.352,4.183
2000_04_PHI_NO,2000,4,PHI,4.183,4.606
2000_05_ATL_PHI,2000,5,PHI,4.606,6.177
2000_06_WAS_PHI,2000,6,PHI,6.177,5.972
2000_07_PHI_ARI,2000,7,PHI,5.972,4.331
2000_08_CHI_PHI,2000,8,PHI,4.331,5.111
2000_09_PHI_NYG,2000,9,PHI,5.111,4.243
2000_10_DAL_PHI,2000,10,PHI,4.243,5.437
2000_11_PHI_PIT,2000,11,PHI,5.437,6.351
2000_12_ARI_PHI,2000,12,PHI,6.351,7.806
2000_13_PHI_WAS,2000,13,PHI,7.806,6.23
2000_14_TEN_PHI,2000,14,PHI,6.23,6.042
2000_15_PHI_CLE,2000,15,PHI,6.042,4.338
2000_17_CIN_PHI,2000,17,PHI,4.338,3.898
2000_18_TB_PHI,2000,18,PHI,3.898,4.254
2000_19_PHI_NYG,2000,19,PHI,4.254,4.549
2001_01_LAR_PHI,2001,1,PHI,2.916,3.808
2001_02_PHI_SEA,2001,2,PHI,3.808,5.622
2001_03_DAL_PHI,2001,3,PHI,5.622,6.964
2001_04_ARI_PHI,2001,4,PHI,6.964,5.41
2001_06_PHI_NYG,2001,6,PHI,5.41,5.402
2001_07_OAK_PHI,2001,7,PHI,5.402,5.296
2001_08_PHI_ARI,2001,8,PHI,5.296,4.607
2001_09_MIN_PHI,2001,9,PHI,4.607,5.808
2001_10_PHI_DAL,2001,10,PHI,5.808,7.748
2001_11_WAS_PHI,2001,11,PHI,7.748,7.218
2001_12_PHI_KC,2001,12,PHI,7.218,6.653
2001_13_LAC_PHI,2001,13,PHI,6.653,6.113
2001_14_PHI_WAS,2001,14,PHI,6.113,6.78
2001_15_PHI_SF,2001,15,PHI,6.78,7.374
2001_16_NYG_PHI,2001,16,PHI,7.374,5.914
2001_17_PHI_TB,2001,17,PHI,5.914,6.502
2001_18_TB_PHI,2001,18,PHI,6.502,7.928
2001_19_PHI_CHI,2001,19,PHI,7.928,9.04
2001_20_PHI_LAR,2001,20,PHI,9.04,8.175
2002_01_PHI_TEN,2002,1,PHI,5.24,3.82
2002_02_PHI_WAS,2002,2,PHI,3.82,4.799
2002_03_DAL_PHI,2002,3,PHI,4.799,5.354
2002_04_HOU_PHI,2002,4,PHI,5.354,6.201
2002_07_TB_PHI,2002,7,PHI,6.201,8.086
2002_08_NYG_PHI,2002,8,PHI,8.086,7.343
2002_09_PHI_CHI,2002,9,PHI,7.343,7.845
2002_10_IND_PHI,2002,10,PHI,7.845,5.148
2002_11_ARI_PHI,2002,11,PHI,5.148,5.314
2002_12_PHI_SF,2002,12,PHI,5.314,5.062
2002_13_LAR_PHI,2002,13,PHI,5.062,8.968
2002_14_PHI_SEA,2002,14,PHI,8.968,9.251
2002_15_WAS_PHI,2002,15,PHI,9.251,6.302
2002_16_PHI_DAL,2002,16,PHI,6.302,7.142
2002_17_PHI_NYG,2002,17,PHI,7.142,6.338
2002_19_ATL_PHI,2002,19,PHI,6.338,7.492
2002_20_TB_PHI,2002,20,PHI,7.492,6.869
2003_01_TB_PHI,2003,1,PHI,4.403,2.84
2003_02_NE_PHI,2003,2,PHI,2.84,0.658
2003_04_PHI_BUF,2003,4,PHI,0.658,-1.14
2003_05_WAS_PHI,2003,5,PHI,-1.14,-1.156
2003_06_PHI_DAL,2003,6,PHI,-1.156,-0.819
2003_07_PHI_NYG,2003,7,PHI,-0.819,-0.85
2003_08_NYJ_PHI,2003,8,PHI,-0.85,-1.045
2003_09_PHI_ATL,2003,9,PHI,-1.045,-1.037
2003_10_PHI_GB,2003,10,PHI,-1.037,0.81
2003_11_NYG_PHI,2003,11,PHI,0.81,1.461
2003_12_NO_PHI,2003,12,PHI,1.461,0.722
2003_13_PHI_CAR,2003,13,PHI,0.722,-0.647
2003_14_DAL_PHI,2003,14,PHI,-0.647,0.702
2003_15_PHI_MIA,2003,15,PHI,0.702,1.162
2003_16_SF_PHI,2003,16,PHI,1.162,1.221
2003_17_PHI_WAS,2003,17,PHI,1.221,1.183
2003_19_GB_PHI,2003,19,PHI,1.183,1.421
2003_20_CAR_PHI,2003,20,PHI,1.421,0.896
2004_01_NYG_PHI,2004,1,PHI,0.574,1.975
2004_02_MIN_PHI,2004,2,PHI,1.975,1.126
2004_03_PHI_DET,2004,3,PHI,1.126,0.637
2004_04_PHI_CHI,2004,4,PHI,0.637,0.048
2004_06_CAR_PHI,2004,6,PHI,0.048,1.933
2004_07_PHI_CLE,2004,7,PHI,1.933,1.349
2004_08_BAL_PHI,2004,8,PHI,1.349,0.003
2004_09_PHI_PIT,2004,9,PHI,0.003,-0.064
2004_10_PHI_DAL,2004,10,PHI,-0.064,-1.028
2004_11_WAS_PHI,2004,11,PHI,-1.028,-0.701
2004_12_PHI_NYG,2004,12,PHI,-0.701,2.037
2004_13_GB_PHI,2004,13,PHI,2.037,5.329
2004_14_PHI_WAS,2004,14,PHI,5.329,5.059
2004_15_DAL_PHI,2004,15,PHI,5.059,6.001
2004_16_PHI_LAR,2004,16,PHI,6.001,4.581
2004_17_CIN_PHI,2004,17,PHI,4.581,3.833
2004_19_MIN_PHI,2004,19,PHI,3.833,5.105
2004_20_ATL_PHI,2004,20,PHI,5.105,6.9
2004_21_NE_PHI,2004,21,PHI,6.9,5.814
2005_01_PHI_ATL,2005,1,PHI,3.727,3.402
2005_02_SF_PHI,2005,2,PHI,3.402,6.096
2005_03_OAK_PHI,2005,3,PHI,6.096,4.254
2005_04_PHI_KC,2005,4,PHI,4.254,4.753
2005_05_PHI_DAL,2005,5,PHI,4.753,1.598
2005_07_LAC_PHI,2005,7,PHI,1.598,1.724
2005_08_PHI_DEN,2005,8,PHI,1.724,-1.144
2005_09_PHI_WAS,2005,9,PHI,-1.144,-1.768
2005_10_DAL_PHI,2005,10,PHI,-1.768,-1.709
2005_11_PHI_NYG,2005,11,PHI,-1.709,-2.539
2005_12_GB_PHI,2005,12,PHI,-2.539,-0.428
2005_13_SEA_PHI,2005,13,PHI,-0.428,-0.011
2005_14_NYG_PHI,2005,14,PHI,-0.011,-0.961
2005_15_PHI_LAR,2005,15,PHI,-0.961,-1.222
2005_16_PHI_ARI,2005,16,PHI,-1.222,-2.761
2005_17_WAS_PHI,2005,17,PHI,-2.761,-1.417
2006_01_PHI_HOU,2006,1,PHI,-0.909,-1.964
2006_02_NYG_PHI,2006,2,PHI,-1.964,-2.876
2006_03_PHI_SF,2006,3,PHI,-2.876,-4.419
2006_04_GB_PHI,2006,4,PHI,-4.419,-2.495
2006_05_DAL_PHI,2006,5,PHI,-2.495,0.144
2006_06_PHI_NO,2006,6,PHI,0.144,-1.708
2006_07_PHI_TB,2006,7,PHI,-1.708,-1.064
2006_08_JAX_PHI,2006,8,PHI,-1.064,-1.174
2006_10_WAS_PHI,2006,10,PHI,-1.174,-0.055
2006_11_TEN_PHI,2006,11,PHI,-0.055,0.281
2006_12_PHI_IND,2006,12,PHI,0.281,0.726
2006_13_CAR_PHI,2006,13,PHI,0.726,-0.664
2006_14_PHI_WAS,2006,14,PHI,-0.664,-0.616
2006_15_PHI_NYG,2006,15,PHI,-0.616,-0.846
2006_16_PHI_DAL,2006,16,PHI,-0.846,0.399
2006_17_ATL_PHI,2006,17,PHI,0.399,-0.385
2006_18_NYG_PHI,2006,18,PHI,-0.385,-0.764
2006_19_PHI_NO,2006,19,PHI,-0.764,-0.542
2007_01_PHI_GB,2007,1,PHI,-0.347,1.54
2007_02_WAS_PHI,2007,2,PHI,1.54,0.845
2007_03_DET_PHI,2007,3,PHI,0.845,1.123
2007_04_PHI_NYG,2007,4,PHI,1.123,1.961
2007_06_PHI_NYJ,2007,6,PHI,1.961,3.967
2007_07_CHI_PHI,2007,7,PHI,3.967,2.156
2007_08_PHI_MIN,2007,8,PHI,2.156,1.94
2007_09_DAL_PHI,2007,9,PHI,1.94,-0.331
2007_10_PHI_WAS,2007,10,PHI,-0.331,-2.476
2007_11_MIA_PHI,2007,11,PHI,-2.476,-2.183
2007_12_PHI_NE,2007,12,PHI,-2.183,-1.73
2007_13_SEA_PHI,2007,13,PHI,-1.73,-1.003
2007_14_NYG_PHI,2007,14,PHI,-1.003,-1.473
2007_15_PHI_DAL,2007,15,PHI,-1.473,2.869
2007_16_PHI_NO,2007,16,PHI,2.869,3.028
2007_17_BUF_PHI,2007,17,PHI,3.028,2.535
2008_01_LAR_PHI,2008,1,PHI,1.625,3.023
2008_02_PHI_DAL,2008,2,PHI,3.023,1.317
2008_03_PIT_PHI,2008,3,PHI,1.317,4.895
2008_04_PHI_CHI,2008,4,PHI,4.895,5.211
2008_05_WAS_PHI,2008,5,PHI,5.211,5.545
2008_06_PHI_SF,2008,6,PHI,5.545,5.565
2008_08_ATL_PHI,2008,8,PHI,5.565,5.761
2008_09_PHI_SEA,2008,9,PHI,5.761,6.29
2008_10_NYG_PHI,2008,10,PHI,6.29,6.218
2008_11_PHI_CIN,2008,11,PHI,6.218,6.0
2008_12_PHI_BAL,2008,12,PHI,6.0,6.211
2008_13_ARI_PHI,2008,13,PHI,6.211,7.564
2008_14_PHI_NYG,2008,14,PHI,7.564,7.697
2008_15_CLE_PHI,2008,15,PHI,7.697,9.116
2008_16_PHI_WAS,2008,16,PHI,9.116,9.278
2008_17_DAL_PHI,2008,17,PHI,9.278,10.727
2008_18_PHI_MIN,2008,18,PHI,10.727,10.961
2008_19_PHI_NYG,2008,19,PHI,10.961,11.646
2008_20_PHI_ARI,2008,20,PHI,11.646,8.825
2009_01_PHI_CAR,2009,1,PHI,5.657,9.437
2009_02_NO_PHI,2009,2,PHI,9.437,8.86
2009_03_KC_PHI,2009,3,PHI,8.86,8.948
2009_05_TB_PHI,2009,5,PHI,8.948,8.819
2009_06_PHI_OAK,2009,6,PHI,8.819,8.118
2009_07_PHI_WAS,2009,7,PHI,8.118,7.841
2009_08_NYG_PHI,2009,8,PHI,7.841,8.333
2009_09_DAL_PHI,2009,9,PHI,8.333,9.204
2009_10_PHI_LAC,2009,10,PHI,9.204,8.114
2009_11_PHI_CHI,2009,11,PHI,8.114,8.533
2009_12_WAS_PHI,2009,12,PHI,8.533,7.699
2009_13_PHI_ATL,2009,13,PHI,7.699,7.447
2009_14_PHI_NYG,2009,14,PHI,7.447,4.404
2009_15_SF_PHI,2009,15,PHI,4.404,5.801
2009_16_DEN_PHI,2009,16,PHI,5.801,5.337
2009_17_PHI_DAL,2009,17,PHI,5.337,4.19
2009_18_PHI_DAL,2009,18,PHI,4.19,3.176
2010_01_GB_PHI,2010,1,PHI,2.036,3.878
2010_02_PHI_DET,2010,2,PHI,3.878,2.076
2010_03_PHI_JAX,2010,3,PHI,2.076,5.266
2010_04_WAS_PHI,2010,4,PHI,5.266,6.034
2010_05_PHI_SF,2010,5,PHI,6.034,4.243
2010_06_ATL_PHI,2010,6,PHI,4.243,4.669
2010_07_PHI_TEN,2010,7,PHI,4.669,4.121
2010_09_IND_PHI,2010,9,PHI,4.121,5.923
2010_10_PHI_WAS,2010,10,PHI,5.923,6.417
2010_11_NYG_PHI,2010,11,PHI,6.417,7.32
2010_12_PHI_CHI,2010,12,PHI,7.32,5.381
2010_13_HOU_PHI,2010,13,PHI,5.381,5.132
2010_14_PHI_DAL,2010,14,PHI,5.132,3.6
2010_15_PHI_NYG,2010,15,PHI,3.6,2.471
2010_16_MIN_PHI,2010,16,PHI,2.471,0.796
2010_17_DAL_PHI,2010,17,PHI,0.796,0.605
2010_18_GB_PHI,2010,18,PHI,0.605,0.641
2011_01_PHI_LAR,2011,1,PHI,0.411,1.076
2011_02_PHI_ATL,2011,2,PHI,1.076,1.008
2011_03_NYG_PHI,2011,3,PHI,1.008,-0.38
2011_04_SF_PHI,2011,4,PHI,-0.38,-1.832
2011_05_PHI_BUF,2011,5,PHI,-1.832,-1.803
2011_06_PHI_WAS,2011,6,PHI,-1.803,1.128
2011_08_DAL_PHI,2011,8,PHI,1.128,3.398
2011_09_CHI_PHI,2011,9,PHI,3.398,2.335
2011_10_ARI_PHI,2011,10,PHI,2.335,1.74
2011_11_PHI_NYG,2011,11,PHI,1.74,2.974
2011_12_NE_PHI,2011,12,PHI,2.974,0.688
2011_13_PHI_SEA,2011,13,PHI,0.688,0.196
2011_14_PHI_MIA,2011,14,PHI,0.196,1.972
2011_15_NYJ_PHI,2011,15,PHI,1.972,3.56
2011_16_PHI_DAL,2011,16,PHI,3.56,5.274
2011_17_WAS_PHI,2011,17,PHI,5.274,5.014
2012_01_PHI_CLE,2012,1,PHI,3.214,6.539
2012_02_BAL_PHI,2012,2,PHI,6.539,7.056
2012_03_PHI_ARI,2012,3,PHI,7.056,4.849
2012_04_NYG_PHI,2012,4,PHI,4.849,4.195
2012_05_PHI_PIT,2012,5,PHI,4.195,3.836
2012_06_DET_PHI,2012,6,PHI,3.836,3.747
2012_08_ATL_PHI,2012,8,PHI,3.747,2.297
2012_09_PHI_NO,2012,9,PHI,2.297,1.563
2012_10_DAL_PHI,2012,10,PHI,1.563,1.869
2012_11_PHI_WAS,2012,11,PHI,1.869,-0.911
2012_12_CAR_PHI,2012,12,PHI,-0.911,-3.658
2012_13_PHI_DAL,2012,13,PHI,-3.658,-6.014
2012_14_PHI_TB,2012,14,PHI,-6.014,-5.075
2012_15_CIN_PHI,2012,15,PHI,-5.075,-3.19
2012_16_WAS_PHI,2012,16,PHI,-3.19,-2.507
2012_17_PHI_NYG,2012,17,PHI,-2.507,-4.489
2013_01_PHI_WAS,2013,1,PHI,-2.878,-2.616
2013_02_LAC_PHI,2013,2,PHI,-2.616,-6.136
2013_03_KC_PHI,2013,3,PHI,-6.136,-5.327
2013_04_PHI_DEN,2013,4,PHI,-5.327,-6.75
2013_05_PHI_NYG,2013,5,PHI,-6.75,-5.533
2013_06_PHI_TB,2013,6,PHI,-5.533,-6.694
2013_07_DAL_PHI,2013,7,PHI,-6.694,-4.916
2013_08_NYG_PHI,2013,8,PHI,-4.916,-5.39
2013_09_PHI_OAK,2013,9,PHI,-5.39,-4.904
2013_10_PHI_GB,2013,10,PHI,-4.904,-4.032
2013_11_WAS_PHI,2013,11,PHI,-4.032,-2.993
2013_13_ARI_PHI,2013,13,PHI,-2.993,-1.956
2013_14_DET_PHI,2013,14,PHI,-1.956,0.423
2013_15_PHI_MIN,2013,15,PHI,0.423,-3.069
2013_16_CHI_PHI,2013,16,PHI,-3.069,-1.668
2013_17_PHI_DAL,2013,17,PHI,-1.668,-4.148
2013_18_NO_PHI,2013,18,PHI,-4.148,-1.801
2014_01_JAX_PHI,2014,1,PHI,-1.155,-1.838
2014_02_PHI_IND,2014,2,PHI,-1.838,-2.766
2014_03_WAS_PHI,2014,3,PHI,-2.766,-5.919
2014_04_PHI_SF,2014,4,PHI,-5.919,-5.188
2014_05_LAR_PHI,2014,5,PHI,-5.188,-7.689
2014_06_NYG_PHI,2014,6,PHI,-7.689,-4.847
2014_08_PHI_ARI,2014,8,PHI,-4.847,-6.273
2014_09_PHI_HOU,2014,9,PHI,-6.273,-6.516
2014_10_CAR_PHI,2014,10,PHI,-6.516,-3.838
2014_11_PHI_GB,2014,11,PHI,-3.838,-5.232
2014_12_TEN_PHI,2014,12,PHI,-5.232,-4.953
2014_13_PHI_DAL,2014,13,PHI,-4.953,-2.411
2014_14_SEA_PHI,2014,14,PHI,-2.411,-3.903
2014_15_DAL_PHI,2014,15,PHI,-3.903,-4.004
2014_16_PHI_WAS,2014,16,PHI,-4.004,-3.54
2014_17_PHI_NYG,2014,17,PHI,-3.54,-4.002
2015_01_PHI_ATL,2015,1,PHI,-2.565,-3.015
2015_02_DAL_PHI,2015,2,PHI,-3.015,-1.605
2015_03_PHI_NYJ,2015,3,PHI,-1.605,-0.99
2015_04_PHI_WAS,2015,4,PHI,-0.99,-3.127
2015_05_NO_PHI,2015,5,PHI,-3.127,-1.298
2015_06_NYG_PHI,2015,6,PHI,-1.298,0.662
2015_07_PHI_CAR,2015,7,PHI,0.662,1.611
2015_09_PHI_DAL,2015,9,PHI,1.611,-0.627
2015_10_MIA_PHI,2015,10,PHI,-0.627,-0.116
2015_11_TB_PHI,2015,11,PHI,-0.116,-2.519
2015_12_PHI_DET,2015,12,PHI,-2.519,-6.222
2015_13_PHI_NE,2015,13,PHI,-6.222,-4.666
2015_14_BUF_PHI,2015,14,PHI,-4.666,-4.958
2015_15_ARI_PHI,2015,15,PHI,-4.958,-4.021
2015_16_WAS_PHI,2015,16,PHI,-4.021,-5.709
2015_17_PHI_NYG,2015,17,PHI,-5.709,-6.018
2016_01_CLE_PHI,2016,1,PHI,-3.858,-2.672
2016_02_PHI_CHI,2016,2,PHI,-2.672,-0.943
2016_03_PIT_PHI,2016,3,PHI,-0.943,1.092
2016_05_PHI_DET,2016,5,PHI,1.092,0.336
2016_06_PHI_WAS,2016,6,PHI,0.336,0.281
2016_07_MIN_PHI,2016,7,PHI,0.281,2.504
2016_08_PHI_DAL,2016,8,PHI,2.504,0.744
2016_09_PHI_NYG,2016,9,PHI,0.744,0.39
2016_10_ATL_PHI,2016,10,PHI,0.39,2.292
2016_11_PHI_SEA,2016,11,PHI,2.292,2.321
2016_12_GB_PHI,2016,12,PHI,2.321,0.418
2016_13_PHI_CIN,2016,13,PHI,0.418,-1.815
2016_14_WAS_PHI,2016,14,PHI,-1.815,-0.522
2016_15_PHI_BAL,2016,15,PHI,-0.522,0.864
2016_16_NYG_PHI,2016,16,PHI,0.864,0.806
2016_17_DAL_PHI,2016,17,PHI,0.806,3.472
2017_01_PHI_WAS,2017,1,PHI,2.226,3.704
2017_02_PHI_KC,2017,2,PHI,3.704,3.625
2017_03_NYG_PHI,2017,3,PHI,3.625,1.164
2017_04_PHI_LAC,2017,4,PHI,1.164,0.273
2017_05_ARI_PHI,2017,5,PHI,0.273,-0.151
2017_06_PHI_CAR,2017,6,PHI,-0.151,0.287
2017_07_WAS_PHI,2017,7,PHI,0.287,-0.062
2017_08_SF_PHI,2017,8,PHI,-0.062,1.316
2017_09_DEN_PHI,2017,9,PHI,1.316,3.167
2017_11_PHI_DAL,2017,11,PHI,3.167,6.383
2017_12_CHI_PHI,2017,12,PHI,6.383,7.931
2017_13_PHI_SEA,2017,13,PHI,7.931,7.087
2017_14_PHI_LAR,2017,14,PHI,7.087,6.831
2017_15_PHI_NYG,2017,15,PHI,6.831,3.843
2017_16_OAK_PHI,2017,16,PHI,3.843,5.542
2017_17_DAL_PHI,2017,17,PHI,5.542,5.328
2017_19_ATL_PHI,2017,19,PHI,5.328,6.065
2017_20_MIN_PHI,2017,20,PHI,6.065,6.989
2017_21_PHI_NE,2017,21,PHI,6.989,3.533
2018_01_ATL_PHI,2018,1,PHI,2.264,5.096
2018_02_PHI_TB,2018,2,PHI,5.096,2.524
2018_03_IND_PHI,2018,3,PHI,2.524,2.974
2018_04_PHI_TEN,2018,4,PHI,2.974,0.589
2018_05_MIN_PHI,2018,5,PHI,0.589,-0.24
2018_06_PHI_NYG,2018,6,PHI,-0.24,1.443
2018_07_CAR_PHI,2018,7,PHI,1.443,-0.006
2018_08_PHI_JAX,2018,8,PHI,-0.006,-0.28
2018_10_DAL_PHI,2018,10,PHI,-0.28,-0.592
2018_11_PHI_NO,2018,11,PHI,-0.592,-2.701
2018_12_NYG_PHI,2018,12,PHI,-2.701,-3.004
2018_13_WAS_PHI,2018,13,PHI,-3.004,-2.242
2018_14_PHI_DAL,2018,14,PHI,-2.242,-4.793
2018_15_PHI_LAR,2018,15,PHI,-4.793,-4.649
2018_16_HOU_PHI,2018,16,PHI,-4.649,-6.917
2018_17_PHI_WAS,2018,17,PHI,-6.917,-4.401
2018_18_PHI_CHI,2018,18,PHI,-4.401,-4.463
2018_19_PHI_NO,2018,19,PHI,-4.463,-4.619
2019_01_WAS_PHI,2019,1,PHI,-2.961,-5.477
2019_02_PHI_ATL,2019,2,PHI,-5.477,-5.448
2019_03_DET_PHI,2019,3,PHI,-5.448,-4.366
2019_04_PHI_GB,2019,4,PHI,-4.366,-6.208
2019_05_NYJ_PHI,2019,5,PHI,-6.208,-2.506
2019_06_PHI_MIN,2019,6,PHI,-2.506,-5.111
2019_07_PHI_DAL,2019,7,PHI,-5.111,-5.514
2019_08_PHI_BUF,2019,8,PHI,-5.514,-4.946
2019_09_CHI_PHI,2019,9,PHI,-4.946,-3.245
2019_11_NE_PHI,2019,11,PHI,-3.245,-1.855
2019_12_SEA_PHI,2019,12,PHI,-1.855,1.039
2019_13_PHI_MIA,2019,13,PHI,1.039,-0.657
2019_14_NYG_PHI,2019,14,PHI,-0.657,-0.16
2019_15_PHI_WAS,2019,15,PHI,-0.16,-2.779
2019_16_DAL_PHI,2019,16,PHI,-2.779,-0.882
2019_17_PHI_NYG,2019,17,PHI,-0.882,-0.429
2019_18_SEA_PHI,2019,18,PHI,-0.429,-1.794
2020_01_PHI_WAS,2020,1,PHI,-1.15,-0.623
2020_02_LAR_PHI,2020,2,PHI,-0.623,-2.131
2020_03_CIN_PHI,2020,3,PHI,-2.131,-1.852
2020_04_PHI_SF,2020,4,PHI,-1.852,-0.493
2020_05_PHI_PIT,2020,5,PHI,-0.493,-1.916
2020_06_BAL_PHI,2020,6,PHI,-1.916,-2.766
2020_07_NYG_PHI,2020,7,PHI,-2.766,-4.046
2020_08_DAL_PHI,2020,8,PHI,-4.046,-3.134
2020_10_PHI_NYG,2020,10,PHI,-3.134,-4.84
2020_11_PHI_CLE,2020,11,PHI,-4.84,-3.636
2020_12_SEA_PHI,2020,12,PHI,-3.636,-3.093
2020_13_PHI_GB,2020,13,PHI,-3.093,-3.076
2020_15_PHI_ARI,2020,15,PHI,-3.076,-5.948
2020_16_PHI_DAL,2020,16,PHI,-5.948,-8.561
2020_17_WAS_PHI,2020,17,PHI,-8.561,-7.015
2021_01_PHI_ATL,2021,1,PHI,-4.497,-3.03
2021_02_SF_PHI,2021,2,PHI,-3.03,-4.366
2021_03_PHI_DAL,2021,3,PHI,-4.366,-4.367
2021_04_KC_PHI,2021,4,PHI,-4.367,-5.653
2021_05_PHI_CAR,2021,5,PHI,-5.653,-3.0
2021_06_TB_PHI,2021,6,PHI,-3.0,-3.514
2021_07_PHI_OAK,2021,7,PHI,-3.514,-5.924
2021_08_PHI_DET,2021,8,PHI,-5.924,-5.246
2021_09_LAC_PHI,2021,9,PHI,-5.246,-7.875
2021_10_PHI_DEN,2021,10,PHI,-7.875,-7.399
2021_11_NO_PHI,2021,11,PHI,-7.399,-8.442
2021_12_PHI_NYG,2021,12,PHI,-8.442,-8.678
2021_13_PHI_NYJ,2021,13,PHI,-8.678,-9.355
2021_15_WAS_PHI,2021,15,PHI,-9.355,-8.83
2021_16_NYG_PHI,2021,16,PHI,-8.83,-6.133
2021_17_PHI_WAS,2021,17,PHI,-6.133,-6.067
2021_18_DAL_PHI,2021,18,PHI,-6.067,-7.57
2021_19_PHI_TB,2021,19,PHI,-7.57,-7.104
2022_01_PHI_DET,2022,1,PHI,-4.554,-4.703
2022_02_MIN_PHI,2022,2,PHI,-4.703,-2.964
2022_03_PHI_WAS,2022,3,PHI,-2.964,-0.885
2022_04_JAX_PHI,2022,4,PHI,-0.885,0.029
2022_05_PHI_ARI,2022,5,PHI,0.029,-0.69
2022_06_DAL_PHI,2022,6,PHI,-0.69,0.353
2022_08_PIT_PHI,2022,8,PHI,0.353,0.94
2022_09_PHI_HOU,2022,9,PHI,0.94,1.534
2022_10_WAS_PHI,2022,10,PHI,1.534,2.833
2022_11_PHI_IND,2022,11,PHI,2.833,3.414
2022_12_GB_PHI,2022,12,PHI,3.414,5.506
2022_13_TEN_PHI,2022,13,PHI,5.506,6.917
2022_14_PHI_NYG,2022,14,PHI,6.917,7.067
2022_15_PHI_CHI,2022,15,PHI,7.067,6.539
2022_16_PHI_DAL,2022,16,PHI,6.539,4.976
2022_17_NO_PHI,2022,17,PHI,4.976,6.8
2022_18_NYG_PHI,2022,18,PHI,6.8,4.711
2022_20_NYG_PHI,2022,20,PHI,4.711,8.017
2022_21_SF_PHI,2022,21,PHI,8.017,9.086
2022_22_KC_PHI,2022,22,PHI,9.086,7.19
2023_01_PHI_NE,2023,1,PHI,4.609,2.003
2023_02_MIN_PHI,2023,2,PHI,2.003,-0.807
2023_03_PHI_TB,2023,3,PHI,-0.807,0.451
2023_04_WAS_PHI,2023,4,PHI,0.451,-1.986
2023_05_PHI_LAR,2023,5,PHI,-1.986,-1.709
2023_06_PHI_NYJ,2023,6,PHI,-1.709,-0.583
2023_07_MIA_PHI,2023,7,PHI,-0.583,0.773
2023_08_PHI_WAS,2023,8,PHI,0.773,-3.214
2023_09_DAL_PHI,2023,9,PHI,-3.214,-3.423
2023_11_PHI_KC,2023,11,PHI,-3.423,-1.95
2023_12_BUF_PHI,2023,12,PHI,-1.95,-3.838
2023_13_SF_PHI,2023,13,PHI,-3.838,-5.682
2023_14_PHI_DAL,2023,14,PHI,-5.682,-5.38
2023_15_PHI_SEA,2023,15,PHI,-5.38,-4.998
2023_16_NYG_PHI,2023,16,PHI,-4.998,-3.972
2023_17_ARI_PHI,2023,17,PHI,-3.972,-4.778
2023_18_PHI_NYG,2023,18,PHI,-4.778,-6.321
2023_19_PHI_TB,2023,19,PHI,-6.321,-7.306
2024_01_GB_PHI,2024,1,PHI,-4.683,-4.655
2024_02_ATL_PHI,2024,2,PHI,-4.655,-4.573
2024_03_PHI_NO,2024,3,PHI,-4.573,-3.324
2024_04_PHI_TB,2024,4,PHI,-3.324,-5.269
2024_06_CLE_PHI,2024,6,PHI,-5.269,-3.957
2024_07_PHI_NYG,2024,7,PHI,-3.957,-1.373
2024_08_PHI_CIN,2024,8,PHI,-1.373,-1.082
2024_09_JAX_PHI,2024,9,PHI,-1.082,0.673
2024_10_PHI_DAL,2024,10,PHI,0.673,1.257
2024_11_WAS_PHI,2024,11,PHI,1.257,2.278
2024_12_PHI_LAR,2024,12,PHI,2.278,1.865
2024_13_PHI_BAL,2024,13,PHI,1.865,1.648
2024_14_CAR_PHI,2024,14,PHI,1.648,1.272
2024_15_PIT_PHI,2024,15,PHI,1.272,2.283
2024_16_PHI_WAS,2024,16,PHI,2.283,0.126
2024_17_DAL_PHI,2024,17,PHI,0.126,1.955
2024_18_NYG_PHI,2024,18,PHI,1.955,1.753
2024_19_GB_PHI,2024,19,PHI,1.753,4.219
2024_20_LAR_PHI,2024,20,PHI,4.219,4.692
2024_21_WAS_PHI,2024,21,PHI,4.692,4.509
2024_22_KC_PHI,2024,22,PHI,4.509,5.01
2025_01_DAL_PHI,2025,1,PHI,3.212,4.122
2025_02_PHI_KC,2025,2,PHI,4.122,4.376
2025_03_LAR_PHI,2025,3,PHI,4.376,5.264
2025_04_PHI_TB,2025,4,PHI,5.264,5.683
2025_05_DEN_PHI,2025,5,PHI,5.683,5.732
2025_06_PHI_NYG,2025,6,PHI,5.732,3.973
2025_07_PHI_MIN,2025,7,PHI,3.973,3.338
2025_08_NYG_PHI,2025,8,PHI,3.338,3.723
2025_10_PHI_GB,2025,10,PHI,3.723,5.268
2025_11_DET_PHI,2025,11,PHI,5.268,7.663
2025_12_PHI_DAL,2025,12,PHI,7.663,5.862
2025_13_CHI_PHI,2025,13,PHI,5.862,7.514
2025_14_PHI_LAC,2025,14,PHI,7.514,9.045
2025_15_OAK_PHI,2025,15,PHI,9.045,10.959
2025_16_PHI_WAS,2025,16,PHI,10.959,12.297
2025_17_PHI_BUF,2025,17,PHI,12.297,12.423
2025_18_WAS_PHI,2025,18,PHI,12.423,10.475
2025_19_SF_PHI,2025,19,PHI,10.475,10.812
2026_01_WAS_PHI,2026,1,PHI,6.931,6.852
1999_01_PIT_CLE,1999,1,PIT,0.0,1.089
1999_02_PIT_BAL,1999,2,PIT,1.089,2.715
1999_03_SEA_PIT,1999,3,PIT,2.715,1.287
1999_04_JAX_PIT,1999,4,PIT,1.287,1.973
1999_05_PIT_BUF,1999,5,PIT,1.973,-0.948
1999_06_PIT_CIN,1999,6,PIT,-0.948,0.946
1999_07_ATL_PIT,1999,7,PIT,0.946,1.979
1999_09_PIT_SF,1999,9,PIT,1.979,1.928
1999_10_CLE_PIT,1999,10,PIT,1.928,1.838
1999_11_PIT_TEN,1999,11,PIT,1.838,1.01
1999_12_CIN_PIT,1999,12,PIT,1.01,0.076
1999_13_PIT_JAX,1999,13,PIT,0.076,-1.633
1999_14_BAL_PIT,1999,14,PIT,-1.633,-1.723
1999_15_PIT_KC,1999,15,PIT,-1.723,-2.368
1999_16_CAR_PIT,1999,16,PIT,-2.368,-2.765
1999_17_TEN_PIT,1999,17,PIT,-2.765,-3.266
2000_01_BAL_PIT,2000,1,PIT,-2.094,-2.85
2000_03_PIT_CLE,2000,3,PIT,-2.85,-5.831
2000_04_TEN_PIT,2000,4,PIT,-5.831,-4.456
2000_05_PIT_JAX,2000,5,PIT,-4.456,-1.406
2000_06_PIT_NYJ,2000,6,PIT,-1.406,-0.071
2000_07_CIN_PIT,2000,7,PIT,-0.071,0.176
2000_08_CLE_PIT,2000,8,PIT,0.176,2.225
2000_09_PIT_BAL,2000,9,PIT,2.225,3.012
2000_10_PIT_TEN,2000,10,PIT,3.012,2.316
2000_11_PHI_PIT,2000,11,PIT,2.316,2.293
2000_12_JAX_PIT,2000,12,PIT,2.293,3.026
2000_13_PIT_CIN,2000,13,PIT,3.026,2.641
2000_14_OAK_PIT,2000,14,PIT,2.641,1.664
2000_15_PIT_NYG,2000,15,PIT,1.664,-0.749
2000_16_WAS_PIT,2000,16,PIT,-0.749,1.136
2000_17_PIT_LAC,2000,17,PIT,1.136,2.098
2001_03_PIT_BUF,2001,3,PIT,1.345,2.029
2001_04_CIN_PIT,2001,4,PIT,2.029,2.357
2001_05_PIT_KC,2001,5,PIT,2.357,4.186
2001_06_PIT_TB,2001,6,PIT,4.186,5.743
2001_07_TEN_PIT,2001,7,PIT,5.743,7.068
2001_08_BAL_PIT,2001,8,PIT,7.068,7.79
2001_09_PIT_CLE,2001,9,PIT,7.79,8.767
2001_10_JAX_PIT,2001,10,PIT,8.767,8.245
2001_11_PIT_TEN,2001,11,PIT,8.245,6.746
2001_12_MIN_PIT,2001,12,PIT,6.746,7.954
2001_13_NYJ_PIT,2001,13,PIT,7.954,7.341
2001_14_PIT_BAL,2001,14,PIT,7.341,7.045
2001_15_DET_PIT,2001,15,PIT,7.045,7.832
2001_16_PIT_CIN,2001,16,PIT,7.832,5.436
2001_17_CLE_PIT,2001,17,PIT,5.436,7.255
2001_19_BAL_PIT,2001,19,PIT,7.255,9.256
2001_20_NE_PIT,2001,20,PIT,9.256,9.025
2002_01_PIT_NE,2002,1,PIT,5.785,3.192
2002_02_OAK_PIT,2002,2,PIT,3.192,3.301
2002_04_CLE_PIT,2002,4,PIT,3.301,5.024
2002_05_PIT_NO,2002,5,PIT,5.024,4.214
2002_06_PIT_CIN,2002,6,PIT,4.214,5.836
2002_07_IND_PIT,2002,7,PIT,5.836,6.687
2002_08_PIT_BAL,2002,8,PIT,6.687,5.936
2002_09_PIT_CLE,2002,9,PIT,5.936,6.63
2002_10_ATL_PIT,2002,10,PIT,6.63,5.421
2002_11_PIT_TEN,2002,11,PIT,5.421,4.095
2002_12_CIN_PIT,2002,12,PIT,4.095,3.073
2002_14_HOU_PIT,2002,14,PIT,3.073,4.587
2002_15_CAR_PIT,2002,15,PIT,4.587,4.989
2002_16_PIT_TB,2002,16,PIT,4.989,6.316
2002_17_BAL_PIT,2002,17,PIT,6.316,4.979
2002_18_CLE_PIT,2002,18,PIT,4.979,1.385
2002_19_PIT_TEN,2002,19,PIT,1.385,0.071
2003_01_BAL_PIT,2003,1,PIT,0.046,0.807
2003_02_PIT_KC,2003,2,PIT,0.807,1.9
2003_03_PIT_CIN,2003,3,PIT,1.9,2.631
2003_04_TEN_PIT,2003,4,PIT,2.631,1.475
2003_05_CLE_PIT,2003,5,PIT,1.475,-0.527
2003_06_PIT_DEN,2003,6,PIT,-0.527,-0.344
2003_08_LAR_PIT,2003,8,PIT,-0.344,-1.121
2003_09_PIT_SEA,2003,9,PIT,-1.121,-0.307
2003_10_ARI_PIT,2003,10,PIT,-0.307,-0.979
2003_11_PIT_SF,2003,11,PIT,-0.979,-3.703
2003_12_PIT_CLE,2003,12,PIT,-3.703,-2.38
2003_13_CIN_PIT,2003,13,PIT,-2.38,-4.084
2003_14_OAK_PIT,2003,14,PIT,-4.084,-0.809
2003_15_PIT_NYJ,2003,15,PIT,-0.809,-0.421
2003_16_LAC_PIT,2003,16,PIT,-0.421,-0.468
2003_17_PIT_BAL,2003,17,PIT,-0.468,-0.453
2004_01_OAK_PIT,2004,1,PIT,-0.291,0.212
2004_02_PIT_BAL,2004,2,PIT,0.212,0.081
2004_03_PIT_MIA,2004,3,PIT,0.081,2.053
2004_04_CIN_PIT,2004,4,PIT,2.053,2.653
2004_05_CLE_PIT,2004,5,PIT,2.653,2.637
2004_06_PIT_DAL,2004,6,PIT,2.637,2.368
2004_08_NE_PIT,2004,8,PIT,2.368,3.228
2004_09_PHI_PIT,2004,9,PIT,3.228,5.675
2004_10_PIT_CLE,2004,10,PIT,5.675,7.581
2004_11_PIT_CIN,2004,11,PIT,7.581,7.659
2004_12_WAS_PIT,2004,12,PIT,7.659,8.295
2004_13_PIT_JAX,2004,13,PIT,8.295,7.608
2004_14_NYJ_PIT,2004,14,PIT,7.608,9.023
2004_15_PIT_NYG,2004,15,PIT,9.023,6.64
2004_16_BAL_PIT,2004,16,PIT,6.64,5.707
2004_17_PIT_BUF,2004,17,PIT,5.707,6.421
2004_19_NYJ_PIT,2004,19,PIT,6.421,7.612
2004_20_NE_PIT,2004,20,PIT,7.612,6.41
2005_01_TEN_PIT,2005,1,PIT,4.109,4.602
2005_02_PIT_HOU,2005,2,PIT,4.602,4.299
2005_03_NE_PIT,2005,3,PIT,4.299,3.531
2005_05_PIT_LAC,2005,5,PIT,3.531,4.002
2005_06_JAX_PIT,2005,6,PIT,4.002,4.763
2005_07_PIT_CIN,2005,7,PIT,4.763,5.853
2005_08_BAL_PIT,2005,8,PIT,5.853,5.78
2005_09_PIT_GB,2005,9,PIT,5.78,6.645
2005_10_CLE_PIT,2005,10,PIT,6.645,6.263
2005_11_PIT_BAL,2005,11,PIT,6.263,6.928
2005_12_PIT_IND,2005,12,PIT,6.928,7.08
2005_13_CIN_PIT,2005,13,PIT,7.08,6.469
2005_14_CHI_PIT,2005,14,PIT,6.469,5.994
2005_15_PIT_MIN,2005,15,PIT,5.994,6.811
2005_16_PIT_CLE,2005,16,PIT,6.811,8.626
2005_17_DET_PIT,2005,17,PIT,8.626,7.017
2005_18_PIT_CIN,2005,18,PIT,7.017,7.547
2005_19_PIT_IND,2005,19,PIT,7.547,7.971
2005_20_PIT_DEN,2005,20,PIT,7.971,8.518
2005_21_SEA_PIT,2005,21,PIT,8.518,7.961
2006_01_MIA_PIT,2006,1,PIT,5.103,7.311
2006_02_PIT_JAX,2006,2,PIT,7.311,6.944
2006_03_CIN_PIT,2006,3,PIT,6.944,7.55
2006_05_PIT_LAC,2006,5,PIT,7.55,6.789
2006_06_KC_PIT,2006,6,PIT,6.789,7.084
2006_07_PIT_ATL,2006,7,PIT,7.084,4.787
2006_08_PIT_OAK,2006,8,PIT,4.787,6.931
2006_09_DEN_PIT,2006,9,PIT,6.931,5.091
2006_10_NO_PIT,2006,10,PIT,5.091,3.477
2006_11_PIT_CLE,2006,11,PIT,3.477,3.314
2006_12_PIT_BAL,2006,12,PIT,3.314,2.623
2006_13_TB_PIT,2006,13,PIT,2.623,4.437
2006_14_CLE_PIT,2006,14,PIT,4.437,2.214
2006_15_PIT_CAR,2006,15,PIT,2.214,3.279
2006_16_BAL_PIT,2006,16,PIT,3.279,2.243
2006_17_PIT_CIN,2006,17,PIT,2.243,1.782
2007_01_PIT_CLE,2007,1,PIT,1.142,3.959
2007_02_BUF_PIT,2007,2,PIT,3.959,4.09
2007_03_SF_PIT,2007,3,PIT,4.09,3.655
2007_04_PIT_ARI,2007,4,PIT,3.655,3.482
2007_05_SEA_PIT,2007,5,PIT,3.482,5.525
2007_07_PIT_DEN,2007,7,PIT,5.525,3.577
2007_08_PIT_CIN,2007,8,PIT,3.577,2.645
2007_09_BAL_PIT,2007,9,PIT,2.645,5.589
2007_10_CLE_PIT,2007,10,PIT,5.589,5.14
2007_11_PIT_NYJ,2007,11,PIT,5.14,5.648
2007_12_MIA_PIT,2007,12,PIT,5.648,5.976
2007_13_CIN_PIT,2007,13,PIT,5.976,8.089
2007_14_PIT_NE,2007,14,PIT,8.089,5.491
2007_15_JAX_PIT,2007,15,PIT,5.491,4.778
2007_16_PIT_LAR,2007,16,PIT,4.778,3.753
2007_17_PIT_BAL,2007,17,PIT,3.753,2.678
2007_18_JAX_PIT,2007,18,PIT,2.678,4.489
2008_01_HOU_PIT,2008,1,PIT,2.878,3.2
2008_02_PIT_CLE,2008,2,PIT,3.2,4.573
2008_03_PIT_PHI,2008,3,PIT,4.573,5.542
2008_04_BAL_PIT,2008,4,PIT,5.542,6.203
2008_05_PIT_JAX,2008,5,PIT,6.203,6.471
2008_07_PIT_CIN,2008,7,PIT,6.471,6.962
2008_08_NYG_PIT,2008,8,PIT,6.962,6.375
2008_09_PIT_WAS,2008,9,PIT,6.375,9.329
2008_10_IND_PIT,2008,10,PIT,9.329,9.461
2008_11_LAC_PIT,2008,11,PIT,9.461,11.186
2008_12_CIN_PIT,2008,12,PIT,11.186,10.604
2008_13_PIT_NE,2008,13,PIT,10.604,13.533
2008_14_DAL_PIT,2008,14,PIT,13.533,15.356
2008_15_PIT_BAL,2008,15,PIT,15.356,17.316
2008_16_PIT_TEN,2008,16,PIT,17.316,15.523
2008_17_CLE_PIT,2008,17,PIT,15.523,17.645
2008_19_LAC_PIT,2008,19,PIT,17.645,16.79
2008_20_BAL_PIT,2008,20,PIT,16.79,19.378
2008_21_PIT_ARI,2008,21,PIT,19.378,17.571
2009_01_TEN_PIT,2009,1,PIT,11.263,10.445
2009_02_PIT_CHI,2009,2,PIT,10.445,8.811
2009_03_PIT_CIN,2009,3,PIT,8.811,8.923
2009_04_LAC_PIT,2009,4,PIT,8.923,8.185
2009_05_PIT_DET,2009,5,PIT,8.185,7.441
2009_06_CLE_PIT,2009,6,PIT,7.441,8.529
2009_07_MIN_PIT,2009,7,PIT,8.529,9.046
2009_09_PIT_DEN,2009,9,PIT,9.046,10.641
2009_10_CIN_PIT,2009,10,PIT,10.641,11.442
2009_11_PIT_KC,2009,11,PIT,11.442,11.18
2009_12_PIT_BAL,2009,12,PIT,11.18,10.714
2009_13_OAK_PIT,2009,13,PIT,10.714,7.762
2009_14_PIT_CLE,2009,14,PIT,7.762,7.857
2009_15_GB_PIT,2009,15,PIT,7.857,5.16
2009_16_BAL_PIT,2009,16,PIT,5.16,6.111
2009_17_PIT_MIA,2009,17,PIT,6.111,5.899
2010_01_ATL_PIT,2010,1,PIT,3.781,4.338
2010_02_PIT_TEN,2010,2,PIT,4.338,6.419
2010_03_PIT_TB,2010,3,PIT,6.419,6.936
2010_04_BAL_PIT,2010,4,PIT,6.936,5.92
2010_06_CLE_PIT,2010,6,PIT,5.92,5.266
2010_07_PIT_MIA,2010,7,PIT,5.266,4.029
2010_08_PIT_NO,2010,8,PIT,4.029,2.769
2010_09_PIT_CIN,2010,9,PIT,2.769,3.181
2010_10_NE_PIT,2010,10,PIT,3.181,-0.016
2010_11_OAK_PIT,2010,11,PIT,-0.016,2.801
2010_12_PIT_BUF,2010,12,PIT,2.801,3.294
2010_13_PIT_BAL,2010,13,PIT,3.294,3.455
2010_14_CIN_PIT,2010,14,PIT,3.455,5.333
2010_15_NYJ_PIT,2010,15,PIT,5.333,3.753
2010_16_CAR_PIT,2010,16,PIT,3.753,5.247
2010_17_PIT_CLE,2010,17,PIT,5.247,6.634
2010_19_BAL_PIT,2010,19,PIT,6.634,8.601
2010_20_NYJ_PIT,2010,20,PIT,8.601,6.962
2010_21_PIT_GB,2010,21,PIT,6.962,5.916
2011_01_PIT_BAL,2011,1,PIT,3.792,2.382
2011_02_SEA_PIT,2011,2,PIT,2.382,3.179
2011_03_PIT_IND,2011,3,PIT,3.179,3.077
2011_04_PIT_HOU,2011,4,PIT,3.077,2.645
2011_05_TEN_PIT,2011,5,PIT,2.645,3.212
2011_06_JAX_PIT,2011,6,PIT,3.212,4.435
2011_07_PIT_ARI,2011,7,PIT,4.435,2.676
2011_08_NE_PIT,2011,8,PIT,2.676,3.252
2011_09_BAL_PIT,2011,9,PIT,3.252,2.499
2011_10_PIT_CIN,2011,10,PIT,2.499,2.643
2011_12_PIT_KC,2011,12,PIT,2.643,3.333
2011_13_CIN_PIT,2011,13,PIT,3.333,4.201
2011_14_CLE_PIT,2011,14,PIT,4.201,5.713
2011_15_PIT_SF,2011,15,PIT,5.713,4.635
2011_16_LAR_PIT,2011,16,PIT,4.635,5.972
2011_17_PIT_CLE,2011,17,PIT,5.972,6.911
2011_18_PIT_DEN,2011,18,PIT,6.911,3.517
2012_01_PIT_DEN,2012,1,PIT,2.255,2.429
2012_02_NYJ_PIT,2012,2,PIT,2.429,3.639
2012_03_PIT_OAK,2012,3,PIT,3.639,2.58
2012_05_PHI_PIT,2012,5,PIT,2.58,2.806
2012_06_PIT_TEN,2012,6,PIT,2.806,2.948
2012_07_PIT_CIN,2012,7,PIT,2.948,4.169
2012_08_WAS_PIT,2012,8,PIT,4.169,5.339
2012_09_PIT_NYG,2012,9,PIT,5.339,7.871
2012_10_KC_PIT,2012,10,PIT,7.871,8.723
2012_11_BAL_PIT,2012,11,PIT,8.723,9.194
2012_12_PIT_CLE,2012,12,PIT,9.194,9.677
2012_13_PIT_BAL,2012,13,PIT,9.677,10.953
2012_14_LAC_PIT,2012,14,PIT,10.953,10.01
2012_15_PIT_DAL,2012,15,PIT,10.01,7.608
2012_16_CIN_PIT,2012,16,PIT,7.608,9.448
2012_17_CLE_PIT,2012,17,PIT,9.448,8.434
2013_01_TEN_PIT,2013,1,PIT,5.406,5.964
2013_02_PIT_CIN,2013,2,PIT,5.964,4.767
2013_03_CHI_PIT,2013,3,PIT,4.767,4.706
2013_04_PIT_MIN,2013,4,PIT,4.706,2.917
2013_06_PIT_NYJ,2013,6,PIT,2.917,4.271
2013_07_BAL_PIT,2013,7,PIT,4.271,2.831
2013_09_PIT_NE,2013,9,PIT,2.831,-0.17
2013_10_BUF_PIT,2013,10,PIT,-0.17,0.325
2013_11_DET_PIT,2013,11,PIT,0.325,1.255
2013_12_PIT_CLE,2013,12,PIT,1.255,1.535
2013_13_PIT_BAL,2013,13,PIT,1.535,0.534
2013_14_MIA_PIT,2013,14,PIT,0.534,-1.105
2013_15_CIN_PIT,2013,15,PIT,-1.105,-2.227
2013_16_PIT_GB,2013,16,PIT,-2.227,-2.051
2013_17_CLE_PIT,2013,17,PIT,-2.051,-1.262
2014_01_CLE_PIT,2014,1,PIT,-0.809,-1.136
2014_02_PIT_BAL,2014,2,PIT,-1.136,-2.173
2014_03_PIT_CAR,2014,3,PIT,-2.173,-2.221
2014_04_TB_PIT,2014,4,PIT,-2.221,-2.808
2014_05_PIT_JAX,2014,5,PIT,-2.808,-1.764
2014_06_PIT_CLE,2014,6,PIT,-1.764,-2.062
2014_07_HOU_PIT,2014,7,PIT,-2.062,-2.772
2014_08_IND_PIT,2014,8,PIT,-2.772,-2.729
2014_09_BAL_PIT,2014,9,PIT,-2.729,-2.817
2014_10_PIT_NYJ,2014,10,PIT,-2.817,-1.868
2014_11_PIT_TEN,2014,11,PIT,-1.868,-3.582
2014_13_NO_PIT,2014,13,PIT,-3.582,-4.359
2014_14_PIT_CIN,2014,14,PIT,-4.359,-6.559
2014_15_PIT_ATL,2014,15,PIT,-6.559,-8.317
2014_16_KC_PIT,2014,16,PIT,-8.317,-7.681
2014_17_CIN_PIT,2014,17,PIT,-7.681,-7.141
2014_18_BAL_PIT,2014,18,PIT,-7.141,-7.432
2015_01_PIT_NE,2015,1,PIT,-4.764,-6.054
2015_02_SF_PIT,2015,2,PIT,-6.054,-7.65
2015_03_PIT_LAR,2015,3,PIT,-7.65,-7.233
2015_04_BAL_PIT,2015,4,PIT,-7.233,-4.902
2015_05_PIT_LAC,2015,5,PIT,-4.902,-6.081
2015_06_ARI_PIT,2015,6,PIT,-6.081,-6.156
2015_07_PIT_KC,2015,7,PIT,-6.156,-6.282
2015_08_CIN_PIT,2015,8,PIT,-6.282,-3.894
2015_09_OAK_PIT,2015,9,PIT,-3.894,-4.852
2015_10_CLE_PIT,2015,10,PIT,-4.852,-5.95
2015_12_PIT_SEA,2015,12,PIT,-5.95,-8.453
2015_13_IND_PIT,2015,13,PIT,-8.453,-6.568
2015_14_PIT_CIN,2015,14,PIT,-6.568,-4.017
2015_15_DEN_PIT,2015,15,PIT,-4.017,-5.261
2015_16_PIT_BAL,2015,16,PIT,-5.261,-6.809
2015_17_PIT_CLE,2015,17,PIT,-6.809,-4.315
2015_18_PIT_CIN,2015,18,PIT,-4.315,-3.505
2015_19_PIT_DEN,2015,19,PIT,-3.505,-2.778
2016_01_PIT_WAS,2016,1,PIT,-1.78,-1.614
2016_02_CIN_PIT,2016,2,PIT,-1.614,-2.4
2016_03_PIT_PHI,2016,3,PIT,-2.4,-4.702
2016_04_KC_PIT,2016,4,PIT,-4.702,-3.957
2016_05_NYJ_PIT,2016,5,PIT,-3.957,-4.185
2016_06_PIT_MIA,2016,6,PIT,-4.185,-5.316
2016_07_NE_PIT,2016,7,PIT,-5.316,-5.519
2016_09_PIT_BAL,2016,9,PIT,-5.519,-4.965
2016_10_DAL_PIT,2016,10,PIT,-4.965,-5.772
2016_11_PIT_CLE,2016,11,PIT,-5.772,-3.873
2016_12_PIT_IND,2016,12,PIT,-3.873,-3.922
2016_13_NYG_PIT,2016,13,PIT,-3.922,-2.855
2016_14_PIT_BUF,2016,14,PIT,-2.855,-1.736
2016_15_PIT_CIN,2016,15,PIT,-1.736,-0.74
2016_16_BAL_PIT,2016,16,PIT,-0.74,-0.609
2016_17_CLE_PIT,2016,17,PIT,-0.609,-1.547
2016_18_MIA_PIT,2016,18,PIT,-1.547,-2.256
2016_19_PIT_KC,2016,19,PIT,-2.256,-1.075
2016_20_PIT_NE,2016,20,PIT,-1.075,-2.693
2017_01_PIT_CLE,2017,1,PIT,-1.726,-1.244
2017_02_MIN_PIT,2017,2,PIT,-1.244,-0.155
2017_03_PIT_CHI,2017,3,PIT,-0.155,0.812
2017_04_PIT_BAL,2017,4,PIT,0.812,1.959
2017_05_JAX_PIT,2017,5,PIT,1.959,3.962
2017_06_PIT_KC,2017,6,PIT,3.962,4.718
2017_07_CIN_PIT,2017,7,PIT,4.718,6.699
2017_08_PIT_DET,2017,8,PIT,6.699,4.799
2017_10_PIT_IND,2017,10,PIT,4.799,4.122
2017_11_TEN_PIT,2017,11,PIT,4.122,5.67
2017_12_GB_PIT,2017,12,PIT,5.67,4.282
2017_13_PIT_CIN,2017,13,PIT,4.282,3.473
2017_14_BAL_PIT,2017,14,PIT,3.473,2.593
2017_15_NE_PIT,2017,15,PIT,2.593,3.386
2017_16_PIT_HOU,2017,16,PIT,3.386,4.653
2017_17_CLE_PIT,2017,17,PIT,4.653,2.954
2017_19_JAX_PIT,2017,19,PIT,2.954,1.944
2018_01_PIT_CLE,2018,1,PIT,1.246,2.496
2018_02_KC_PIT,2018,2,PIT,2.496,-1.678
2018_03_PIT_TB,2018,3,PIT,-1.678,-1.54
2018_04_BAL_PIT,2018,4,PIT,-1.54,-2.893
2018_05_ATL_PIT,2018,5,PIT,-2.893,-1.181
2018_06_PIT_CIN,2018,6,PIT,-1.181,-0.983
2018_08_CLE_PIT,2018,8,PIT,-0.983,-1.181
2018_09_PIT_BAL,2018,9,PIT,-1.181,-0.501
2018_10_CAR_PIT,2018,10,PIT,-0.501,0.794
2018_11_PIT_JAX,2018,11,PIT,0.794,3.555
2018_12_PIT_DEN,2018,12,PIT,3.555,3.858
2018_13_LAC_PIT,2018,13,PIT,3.858,2.949
2018_14_PIT_OAK,2018,14,PIT,2.949,1.96
2018_15_NE_PIT,2018,15,PIT,1.96,2.296
2018_16_PIT_NO,2018,16,PIT,2.296,1.711
2018_17_CIN_PIT,2018,17,PIT,1.711,3.012
2019_01_PIT_NE,2019,1,PIT,1.931,0.561
2019_02_SEA_PIT,2019,2,PIT,0.561,-1.119
2019_03_PIT_SF,2019,3,PIT,-1.119,-0.942
2019_04_CIN_PIT,2019,4,PIT,-0.942,2.566
2019_05_BAL_PIT,2019,5,PIT,2.566,4.699
2019_06_PIT_LAC,2019,6,PIT,4.699,4.768
2019_08_MIA_PIT,2019,8,PIT,4.768,5.894
2019_09_IND_PIT,2019,9,PIT,5.894,7.372
2019_10_LAR_PIT,2019,10,PIT,7.372,9.782
2019_11_PIT_CLE,2019,11,PIT,9.782,8.712
2019_12_PIT_CIN,2019,12,PIT,8.712,8.881
2019_13_CLE_PIT,2019,13,PIT,8.881,10.663
2019_14_PIT_ARI,2019,14,PIT,10.663,12.115
2019_15_BUF_PIT,2019,15,PIT,12.115,12.255
2019_16_PIT_NYJ,2019,16,PIT,12.255,12.057
2019_17_PIT_BAL,2019,17,PIT,12.057,13.238
2020_01_PIT_NYG,2020,1,PIT,8.486,8.449
2020_02_DEN_PIT,2020,2,PIT,8.449,10.087
2020_03_HOU_PIT,2020,3,PIT,10.087,10.958
2020_05_PHI_PIT,2020,5,PIT,10.958,12.151
2020_06_CLE_PIT,2020,6,PIT,12.151,14.265
2020_07_PIT_TEN,2020,7,PIT,14.265,14.299
2020_08_PIT_BAL,2020,8,PIT,14.299,16.008
2020_09_PIT_DAL,2020,9,PIT,16.008,14.125
2020_10_CIN_PIT,2020,10,PIT,14.125,14.813
2020_11_PIT_JAX,2020,11,PIT,14.813,17.653
2020_12_BAL_PIT,2020,12,PIT,17.653,17.954
2020_13_WAS_PIT,2020,13,PIT,17.954,16.807
2020_14_PIT_BUF,2020,14,PIT,16.807,16.998
2020_15_PIT_CIN,2020,15,PIT,16.998,15.632
2020_16_IND_PIT,2020,16,PIT,15.632,17.193
2020_17_PIT_CLE,2020,17,PIT,17.193,16.876
2020_18_CLE_PIT,2020,18,PIT,16.876,14.962
2021_01_PIT_BUF,2021,1,PIT,9.591,9.774
2021_02_OAK_PIT,2021,2,PIT,9.774,7.986
2021_03_CIN_PIT,2021,3,PIT,7.986,6.985
2021_04_PIT_GB,2021,4,PIT,6.985,7.097
2021_05_DEN_PIT,2021,5,PIT,7.097,6.552
2021_06_SEA_PIT,2021,6,PIT,6.552,6.54
2021_08_PIT_CLE,2021,8,PIT,6.54,7.343
2021_09_CHI_PIT,2021,9,PIT,7.343,6.419
2021_10_DET_PIT,2021,10,PIT,6.419,8.7
2021_11_PIT_LAC,2021,11,PIT,8.7,4.883
2021_12_PIT_CIN,2021,12,PIT,4.883,4.26
2021_13_BAL_PIT,2021,13,PIT,4.26,5.705
2021_14_PIT_MIN,2021,14,PIT,5.705,6.575
2021_15_TEN_PIT,2021,15,PIT,6.575,7.188
2021_16_PIT_KC,2021,16,PIT,7.188,6.197
2021_17_CLE_PIT,2021,17,PIT,6.197,9.208
2021_18_PIT_BAL,2021,18,PIT,9.208,10.345
2021_19_PIT_KC,2021,19,PIT,10.345,7.812
2022_01_PIT_CIN,2022,1,PIT,5.007,5.784
2022_02_NE_PIT,2022,2,PIT,5.784,4.862
2022_03_PIT_CLE,2022,3,PIT,4.862,3.243
2022_04_NYJ_PIT,2022,4,PIT,3.243,2.644
2022_05_PIT_BUF,2022,5,PIT,2.644,-0.183
2022_06_TB_PIT,2022,6,PIT,-0.183,0.009
2022_07_PIT_MIA,2022,7,PIT,0.009,-1.314
2022_08_PIT_PHI,2022,8,PIT,-1.314,-2.984
2022_10_NO_PIT,2022,10,PIT,-2.984,-1.21
2022_11_CIN_PIT,2022,11,PIT,-1.21,-1.402
2022_12_PIT_IND,2022,12,PIT,-1.402,-0.849
2022_13_PIT_ATL,2022,13,PIT,-0.849,-0.791
2022_14_BAL_PIT,2022,14,PIT,-0.791,-0.277
2022_15_PIT_CAR,2022,15,PIT,-0.277,0.148
2022_16_OAK_PIT,2022,16,PIT,0.148,2.34
2022_17_PIT_BAL,2022,17,PIT,2.34,2.418
2022_18_CLE_PIT,2022,18,PIT,2.418,4.256
2023_01_SF_PIT,2023,1,PIT,2.728,1.106
2023_02_CLE_PIT,2023,2,PIT,1.106,2.511
2023_03_PIT_OAK,2023,3,PIT,2.511,2.724
2023_04_PIT_HOU,2023,4,PIT,2.724,0.309
2023_05_BAL_PIT,2023,5,PIT,0.309,2.048
2023_07_PIT_LAR,2023,7,PIT,2.048,2.545
2023_08_JAX_PIT,2023,8,PIT,2.545,2.863
2023_09_TEN_PIT,2023,9,PIT,2.863,3.834
2023_10_GB_PIT,2023,10,PIT,3.834,3.815
2023_11_PIT_CLE,2023,11,PIT,3.815,3.76
2023_12_PIT_CIN,2023,12,PIT,3.76,3.534
2023_13_ARI_PIT,2023,13,PIT,3.534,5.0
2023_14_NE_PIT,2023,14,PIT,5.0,3.574
2023_15_PIT_IND,2023,15,PIT,3.574,2.255
2023_16_CIN_PIT,2023,16,PIT,2.255,2.758
2023_17_PIT_SEA,2023,17,PIT,2.758,1.273
2023_18_PIT_BAL,2023,18,PIT,1.273,1.755
2023_19_PIT_BUF,2023,19,PIT,1.755,-0.409
2024_01_PIT_ATL,2024,1,PIT,-0.262,1.428
2024_02_PIT_DEN,2024,2,PIT,1.428,2.17
2024_03_LAC_PIT,2024,3,PIT,2.17,3.44
2024_04_PIT_IND,2024,4,PIT,3.44,2.994
2024_05_DAL_PIT,2024,5,PIT,2.994,3.246
2024_06_PIT_OAK,2024,6,PIT,3.246,1.979
2024_07_NYJ_PIT,2024,7,PIT,1.979,2.747
2024_08_NYG_PIT,2024,8,PIT,2.747,3.619
2024_10_PIT_WAS,2024,10,PIT,3.619,5.508
2024_11_BAL_PIT,2024,11,PIT,5.508,7.464
2024_12_PIT_CLE,2024,12,PIT,7.464,7.261
2024_13_PIT_CIN,2024,13,PIT,7.261,6.912
2024_14_CLE_PIT,2024,14,PIT,6.912,7.717
2024_15_PIT_PHI,2024,15,PIT,7.717,6.015
2024_16_PIT_BAL,2024,16,PIT,6.015,6.727
2024_17_KC_PIT,2024,17,PIT,6.727,4.139
2024_18_CIN_PIT,2024,18,PIT,4.139,4.573
2024_19_PIT_BAL,2024,19,PIT,4.573,4.264
2025_01_PIT_NYJ,2025,1,PIT,2.733,0.714
2025_02_SEA_PIT,2025,2,PIT,0.714,0.848
2025_03_PIT_NE,2025,3,PIT,0.848,0.235
2025_04_MIN_PIT,2025,4,PIT,0.235,0.815
2025_06_CLE_PIT,2025,6,PIT,0.815,2.132
2025_07_PIT_CIN,2025,7,PIT,2.132,-0.043
2025_08_GB_PIT,2025,8,PIT,-0.043,-2.651
2025_09_IND_PIT,2025,9,PIT,-2.651,-0.601
2025_10_PIT_LAC,2025,10,PIT,-0.601,0.238
2025_11_CIN_PIT,2025,11,PIT,0.238,0.951
2025_12_PIT_CHI,2025,12,PIT,0.951,0.107
2025_13_BUF_PIT,2025,13,PIT,0.107,0.599
2025_14_PIT_BAL,2025,14,PIT,0.599,0.852
2025_15_MIA_PIT,2025,15,PIT,0.852,0.201
2025_16_PIT_DET,2025,16,PIT,0.201,-1.123
2025_17_PIT_CLE,2025,17,PIT,-1.123,-1.192
2025_18_BAL_PIT,2025,18,PIT,-1.192,-0.98
2025_19_HOU_PIT,2025,19,PIT,-0.98,0.145
2026_01_ATL_PIT,2026,1,PIT,0.093,2.447
1999_01_DET_SEA,1999,1,SEA,0.0,-1.308
1999_02_SEA_CHI,1999,2,SEA,-1.308,-1.346
1999_03_SEA_PIT,1999,3,SEA,-1.346,1.301
1999_04_OAK_SEA,1999,4,SEA,1.301,-0.277
1999_06_SEA_LAC,1999,6,SEA,-0.277,0.267
1999_07_BUF_SEA,1999,7,SEA,0.267,-0.931
1999_08_SEA_GB,1999,8,SEA,-0.931,1.559
1999_09_CIN_SEA,1999,9,SEA,1.559,-1.082
1999_10_DEN_SEA,1999,10,SEA,-1.082,-3.814
1999_11_SEA_KC,1999,11,SEA,-3.814,-4.514
1999_12_TB_SEA,1999,12,SEA,-4.514,-3.388
1999_13_SEA_OAK,1999,13,SEA,-3.388,-4.893
1999_14_LAC_SEA,1999,14,SEA,-4.893,-6.052
1999_15_SEA_DEN,1999,15,SEA,-6.052,-6.267
1999_16_KC_SEA,1999,16,SEA,-6.267,-5.636
1999_17_SEA_NYJ,1999,17,SEA,-5.636,-4.992
1999_18_MIA_SEA,1999,18,SEA,-4.992,-6.54
2000_01_SEA_MIA,2000,1,SEA,-4.192,-4.863
2000_02_LAR_SEA,2000,2,SEA,-4.863,-6.144
2000_03_NO_SEA,2000,3,SEA,-6.144,-6.158
2000_04_SEA_LAC,2000,4,SEA,-6.158,-5.685
2000_05_SEA_KC,2000,5,SEA,-5.685,-6.635
2000_06_SEA_CAR,2000,6,SEA,-6.635,-7.776
2000_07_IND_SEA,2000,7,SEA,-7.776,-7.871
2000_08_SEA_OAK,2000,8,SEA,-7.871,-8.515
2000_09_KC_SEA,2000,9,SEA,-8.515,-9.07
2000_10_LAC_SEA,2000,10,SEA,-9.07,-9.766
2000_11_SEA_JAX,2000,11,SEA,-9.766,-11.402
2000_13_DEN_SEA,2000,13,SEA,-11.402,-10.919
2000_14_SEA_ATL,2000,14,SEA,-10.919,-11.092
2000_15_SEA_DEN,2000,15,SEA,-11.092,-10.949
2000_16_OAK_SEA,2000,16,SEA,-10.949,-8.201
2000_17_BUF_SEA,2000,17,SEA,-8.201,-11.758
2001_01_SEA_CLE,2001,1,SEA,-7.537,-6.054
2001_02_PHI_SEA,2001,2,SEA,-6.054,-6.989
2001_03_SEA_OAK,2001,3,SEA,-6.989,-8.873
2001_04_JAX_SEA,2001,4,SEA,-8.873,-8.361
2001_05_DEN_SEA,2001,5,SEA,-8.361,-7.513
2001_07_MIA_SEA,2001,7,SEA,-7.513,-8.213
2001_08_SEA_WAS,2001,8,SEA,-8.213,-9.11
2001_09_OAK_SEA,2001,9,SEA,-9.11,-9.754
2001_10_SEA_BUF,2001,10,SEA,-9.754,-12.231
2001_11_SEA_KC,2001,11,SEA,-12.231,-12.403
2001_12_LAC_SEA,2001,12,SEA,-12.403,-11.328
2001_13_SEA_DEN,2001,13,SEA,-11.328,-10.772
2001_14_DAL_SEA,2001,14,SEA,-10.772,-9.445
2001_15_SEA_NYG,2001,15,SEA,-9.445,-11.162
2001_16_SEA_LAC,2001,16,SEA,-11.162,-11.334
2001_17_KC_SEA,2001,17,SEA,-11.334,-9.784
2002_01_SEA_OAK,2002,1,SEA,-6.271,-6.056
2002_02_ARI_SEA,2002,2,SEA,-6.056,-5.026
2002_03_SEA_NYG,2002,3,SEA,-5.026,-4.714
2002_04_MIN_SEA,2002,4,SEA,-4.714,-3.892
2002_06_SF_SEA,2002,6,SEA,-3.892,-4.38
2002_07_SEA_LAR,2002,7,SEA,-4.38,-5.575
2002_08_SEA_DAL,2002,8,SEA,-5.575,-5.596
2002_09_WAS_SEA,2002,9,SEA,-5.596,-4.477
2002_10_SEA_ARI,2002,10,SEA,-4.477,-3.914
2002_11_DEN_SEA,2002,11,SEA,-3.914,-3.516
2002_12_KC_SEA,2002,12,SEA,-3.516,-5.229
2002_13_SEA_SF,2002,13,SEA,-5.229,-2.776
2002_14_PHI_SEA,2002,14,SEA,-2.776,-3.843
2002_15_SEA_ATL,2002,15,SEA,-3.843,-3.831
2002_16_LAR_SEA,2002,16,SEA,-3.831,-2.11
2002_17_SEA_LAC,2002,17,SEA,-2.11,-3.445
2003_01_NO_SEA,2003,1,SEA,-2.208,-1.983
2003_02_SEA_ARI,2003,2,SEA,-1.983,0.128
2003_03_LAR_SEA,2003,3,SEA,0.128,-0.156
2003_05_SEA_GB,2003,5,SEA,-0.156,-1.349
2003_06_SF_SEA,2003,6,SEA,-1.349,-0.562
2003_07_CHI_SEA,2003,7,SEA,-0.562,1.373
2003_08_SEA_CIN,2003,8,SEA,1.373,0.079
2003_09_PIT_SEA,2003,9,SEA,0.079,-0.785
2003_10_SEA_WAS,2003,10,SEA,-0.785,-1.192
2003_11_DET_SEA,2003,11,SEA,-1.192,-1.435
2003_12_SEA_BAL,2003,12,SEA,-1.435,-3.879
2003_13_CLE_SEA,2003,13,SEA,-3.879,-3.109
2003_14_SEA_MIN,2003,14,SEA,-3.109,-4.438
2003_15_SEA_LAR,2003,15,SEA,-4.438,-5.66
2003_16_ARI_SEA,2003,16,SEA,-5.66,-5.685
2003_17_SEA_SF,2003,17,SEA,-5.685,-5.008
2003_18_SEA_GB,2003,18,SEA,-5.008,-6.94
2004_01_SEA_NO,2004,1,SEA,-4.448,-4.228
2004_02_SEA_TB,2004,2,SEA,-4.228,-2.378
2004_03_SF_SEA,2004,3,SEA,-2.378,-1.048
2004_05_LAR_SEA,2004,5,SEA,-1.048,-1.303
2004_06_SEA_NE,2004,6,SEA,-1.303,-1.233
2004_07_SEA_ARI,2004,7,SEA,-1.233,-1.486
2004_08_CAR_SEA,2004,8,SEA,-1.486,-2.589
2004_09_SEA_SF,2004,9,SEA,-2.589,-3.103
2004_10_SEA_LAR,2004,10,SEA,-3.103,-4.407
2004_11_MIA_SEA,2004,11,SEA,-4.407,-4.242
2004_12_BUF_SEA,2004,12,SEA,-4.242,-4.561
2004_13_DAL_SEA,2004,13,SEA,-4.561,-3.433
2004_14_SEA_MIN,2004,14,SEA,-3.433,-4.382
2004_15_SEA_NYJ,2004,15,SEA,-4.382,-6.264
2004_16_ARI_SEA,2004,16,SEA,-6.264,-6.309
2004_17_ATL_SEA,2004,17,SEA,-6.309,-6.62
2004_18_LAR_SEA,2004,18,SEA,-6.62,-5.351
2005_01_SEA_JAX,2005,1,SEA,-3.43,-3.736
2005_02_ATL_SEA,2005,2,SEA,-3.736,-2.948
2005_03_ARI_SEA,2005,3,SEA,-2.948,-2.523
2005_04_SEA_WAS,2005,4,SEA,-2.523,-3.07
2005_05_SEA_LAR,2005,5,SEA,-3.07,-3.995
2005_06_HOU_SEA,2005,6,SEA,-3.995,-4.14
2005_07_DAL_SEA,2005,7,SEA,-4.14,-1.571
2005_09_SEA_ARI,2005,9,SEA,-1.571,-0.671
2005_10_LAR_SEA,2005,10,SEA,-0.671,-0.705
2005_11_SEA_SF,2005,11,SEA,-0.705,-1.301
2005_12_NYG_SEA,2005,12,SEA,-1.301,-2.553
2005_13_SEA_PHI,2005,13,SEA,-2.553,-0.784
2005_14_SF_SEA,2005,14,SEA,-0.784,1.019
2005_15_SEA_TEN,2005,15,SEA,1.019,-0.743
2005_16_IND_SEA,2005,16,SEA,-0.743,0.941
2005_17_SEA_GB,2005,17,SEA,0.941,1.333
2005_19_WAS_SEA,2005,19,SEA,1.333,0.411
2005_20_CAR_SEA,2005,20,SEA,0.411,2.673
2005_21_SEA_PIT,2005,21,SEA,2.673,3.316
2006_01_SEA_DET,2006,1,SEA,2.125,1.476
2006_02_ARI_SEA,2006,2,SEA,1.476,2.697
2006_03_NYG_SEA,2006,3,SEA,2.697,1.759
2006_04_SEA_CHI,2006,4,SEA,1.759,0.818
2006_06_SEA_LAR,2006,6,SEA,0.818,-0.287
2006_07_MIN_SEA,2006,7,SEA,-0.287,0.784
2006_08_SEA_KC,2006,8,SEA,0.784,-0.91
2006_09_OAK_SEA,2006,9,SEA,-0.91,0.886
2006_10_LAR_SEA,2006,10,SEA,0.886,2.55
2006_11_SEA_SF,2006,11,SEA,2.55,0.624
2006_12_GB_SEA,2006,12,SEA,0.624,1.838
2006_13_SEA_DEN,2006,13,SEA,1.838,2.472
2006_14_SEA_ARI,2006,14,SEA,2.472,0.685
2006_15_SF_SEA,2006,15,SEA,0.685,-2.038
2006_16_LAC_SEA,2006,16,SEA,-2.038,-1.942
2006_17_SEA_TB,2006,17,SEA,-1.942,-2.839
2006_18_DAL_SEA,2006,18,SEA,-2.839,-3.038
2006_19_SEA_CHI,2006,19,SEA,-3.038,-3.171
2007_01_TB_SEA,2007,1,SEA,-2.032,-1.603
2007_02_SEA_ARI,2007,2,SEA,-1.603,-3.468
2007_03_CIN_SEA,2007,3,SEA,-3.468,-2.78
2007_04_SEA_SF,2007,4,SEA,-2.78,-1.73
2007_05_SEA_PIT,2007,5,SEA,-1.73,-2.124
2007_06_NO_SEA,2007,6,SEA,-2.124,-3.211
2007_07_LAR_SEA,2007,7,SEA,-3.211,0.646
2007_09_SEA_CLE,2007,9,SEA,0.646,-0.831
2007_10_SF_SEA,2007,10,SEA,-0.831,0.145
2007_11_CHI_SEA,2007,11,SEA,0.145,-0.373
2007_12_SEA_LAR,2007,12,SEA,-0.373,0.571
2007_13_SEA_PHI,2007,13,SEA,0.571,2.423
2007_14_ARI_SEA,2007,14,SEA,2.423,4.147
2007_15_SEA_CAR,2007,15,SEA,4.147,1.969
2007_16_BAL_SEA,2007,16,SEA,1.969,1.17
2007_17_SEA_ATL,2007,17,SEA,1.17,-2.159
2007_18_WAS_SEA,2007,18,SEA,-2.159,-2.053
2007_19_SEA_GB,2007,19,SEA,-2.053,-2.864
2008_01_SEA_BUF,2008,1,SEA,-1.836,-2.826
2008_02_SF_SEA,2008,2,SEA,-2.826,-3.575
2008_03_LAR_SEA,2008,3,SEA,-3.575,-3.188
2008_05_SEA_NYG,2008,5,SEA,-3.188,-4.732
2008_06_GB_SEA,2008,6,SEA,-4.732,-6.28
2008_07_SEA_TB,2008,7,SEA,-6.28,-7.88
2008_08_SEA_SF,2008,8,SEA,-7.88,-6.88
2008_09_PHI_SEA,2008,9,SEA,-6.88,-7.983
2008_10_SEA_MIA,2008,10,SEA,-7.983,-7.131
2008_11_ARI_SEA,2008,11,SEA,-7.131,-7.054
2008_12_WAS_SEA,2008,12,SEA,-7.054,-7.488
2008_13_SEA_DAL,2008,13,SEA,-7.488,-8.913
2008_14_NE_SEA,2008,14,SEA,-8.913,-8.915
2008_15_SEA_LAR,2008,15,SEA,-8.915,-10.398
2008_16_NYJ_SEA,2008,16,SEA,-10.398,-7.816
2008_17_SEA_ARI,2008,17,SEA,-7.816,-9.215
2009_01_LAR_SEA,2009,1,SEA,-5.907,-4.472
2009_02_SEA_SF,2009,2,SEA,-4.472,-3.907
2009_03_CHI_SEA,2009,3,SEA,-3.907,-4.508
2009_04_SEA_IND,2009,4,SEA,-4.508,-6.191
2009_05_JAX_SEA,2009,5,SEA,-6.191,-4.363
2009_06_ARI_SEA,2009,6,SEA,-4.363,-4.78
2009_08_SEA_DAL,2009,8,SEA,-4.78,-6.304
2009_09_DET_SEA,2009,9,SEA,-6.304,-3.795
2009_10_SEA_ARI,2009,10,SEA,-3.795,-6.529
2009_11_SEA_MIN,2009,11,SEA,-6.529,-8.679
2009_12_SEA_LAR,2009,12,SEA,-8.679,-9.381
2009_13_SF_SEA,2009,13,SEA,-9.381,-11.138
2009_14_SEA_HOU,2009,14,SEA,-11.138,-13.091
2009_15_TB_SEA,2009,15,SEA,-13.091,-13.883
2009_16_SEA_GB,2009,16,SEA,-13.883,-13.23
2009_17_TEN_SEA,2009,17,SEA,-13.23,-11.953
2010_01_SF_SEA,2010,1,SEA,-7.662,-6.464
2010_02_SEA_DEN,2010,2,SEA,-6.464,-8.001
2010_03_LAC_SEA,2010,3,SEA,-8.001,-7.31
2010_04_SEA_LAR,2010,4,SEA,-7.31,-8.07
2010_06_SEA_CHI,2010,6,SEA,-8.07,-6.376
2010_07_ARI_SEA,2010,7,SEA,-6.376,-4.102
2010_08_SEA_OAK,2010,8,SEA,-4.102,-5.214
2010_09_NYG_SEA,2010,9,SEA,-5.214,-7.146
2010_10_SEA_ARI,2010,10,SEA,-7.146,-7.539
2010_11_SEA_NO,2010,11,SEA,-7.539,-9.362
2010_12_KC_SEA,2010,12,SEA,-9.362,-11.738
2010_13_CAR_SEA,2010,13,SEA,-11.738,-10.439
2010_14_SEA_SF,2010,14,SEA,-10.439,-11.813
2010_15_ATL_SEA,2010,15,SEA,-11.813,-10.656
2010_16_SEA_TB,2010,16,SEA,-10.656,-13.438
2010_17_LAR_SEA,2010,17,SEA,-13.438,-10.814
2010_18_NO_SEA,2010,18,SEA,-10.814,-11.831
2010_19_SEA_CHI,2010,19,SEA,-11.831,-13.961
2011_01_SEA_SF,2011,1,SEA,-8.949,-9.857
2011_02_SEA_PIT,2011,2,SEA,-9.857,-10.649
2011_03_ARI_SEA,2011,3,SEA,-10.649,-10.112
2011_04_ATL_SEA,2011,4,SEA,-10.112,-11.361
2011_05_SEA_NYG,2011,5,SEA,-11.361,-11.195
2011_07_SEA_CLE,2011,7,SEA,-11.195,-9.384
2011_08_CIN_SEA,2011,8,SEA,-9.384,-8.949
2011_09_SEA_DAL,2011,9,SEA,-8.949,-10.627
2011_10_BAL_SEA,2011,10,SEA,-10.627,-10.411
2011_11_SEA_LAR,2011,11,SEA,-10.411,-9.005
2011_12_WAS_SEA,2011,12,SEA,-9.005,-10.303
2011_13_PHI_SEA,2011,13,SEA,-10.303,-8.238
2011_14_LAR_SEA,2011,14,SEA,-8.238,-6.068
2011_15_SEA_CHI,2011,15,SEA,-6.068,-4.27
2011_16_SF_SEA,2011,16,SEA,-4.27,-3.78
2011_17_SEA_ARI,2011,17,SEA,-3.78,-5.297
2012_01_SEA_ARI,2012,1,SEA,-3.395,-3.252
2012_02_DAL_SEA,2012,2,SEA,-3.252,-2.07
2012_03_GB_SEA,2012,3,SEA,-2.07,0.538
2012_04_SEA_LAR,2012,4,SEA,0.538,0.489
2012_05_SEA_CAR,2012,5,SEA,0.489,2.773
2012_06_NE_SEA,2012,6,SEA,2.773,2.461
2012_07_SEA_SF,2012,7,SEA,2.461,3.191
2012_08_SEA_DET,2012,8,SEA,3.191,0.369
2012_09_MIN_SEA,2012,9,SEA,0.369,3.095
2012_10_NYJ_SEA,2012,10,SEA,3.095,4.856
2012_12_SEA_MIA,2012,12,SEA,4.856,3.154
2012_13_SEA_CHI,2012,13,SEA,3.154,0.873
2012_14_ARI_SEA,2012,14,SEA,0.873,3.875
2012_15_SEA_BUF,2012,15,SEA,3.875,4.288
2012_16_SF_SEA,2012,16,SEA,4.288,4.221
2012_17_LAR_SEA,2012,17,SEA,4.221,3.809
2012_18_SEA_WAS,2012,18,SEA,3.809,5.488
2012_19_SEA_ATL,2012,19,SEA,5.488,4.557
2013_01_SEA_CAR,2013,1,SEA,2.921,2.842
2013_02_SF_SEA,2013,2,SEA,2.842,5.503
2013_03_JAX_SEA,2013,3,SEA,5.503,6.727
2013_04_SEA_HOU,2013,4,SEA,6.727,6.033
2013_05_SEA_IND,2013,5,SEA,6.033,4.892
2013_06_TEN_SEA,2013,6,SEA,4.892,6.431
2013_07_SEA_ARI,2013,7,SEA,6.431,6.939
2013_08_SEA_LAR,2013,8,SEA,6.939,7.66
2013_09_TB_SEA,2013,9,SEA,7.66,6.637
2013_10_SEA_ATL,2013,10,SEA,6.637,6.598
2013_11_MIN_SEA,2013,11,SEA,6.598,8.522
2013_13_NO_SEA,2013,13,SEA,8.522,10.333
2013_14_SEA_SF,2013,14,SEA,10.333,11.061
2013_15_SEA_NYG,2013,15,SEA,11.061,14.078
2013_16_ARI_SEA,2013,16,SEA,14.078,16.863
2013_17_LAR_SEA,2013,17,SEA,16.863,17.145
2013_19_NO_SEA,2013,19,SEA,17.145,17.209
2013_20_SF_SEA,2013,20,SEA,17.209,16.273
2013_21_SEA_DEN,2013,21,SEA,16.273,17.414
2014_01_GB_SEA,2014,1,SEA,11.163,12.143
2014_02_SEA_LAC,2014,2,SEA,12.143,9.792
2014_03_DEN_SEA,2014,3,SEA,9.792,9.939
2014_05_SEA_WAS,2014,5,SEA,9.939,7.968
2014_06_DAL_SEA,2014,6,SEA,7.968,7.564
2014_07_SEA_LAR,2014,7,SEA,7.564,4.843
2014_08_SEA_CAR,2014,8,SEA,4.843,6.779
2014_09_OAK_SEA,2014,9,SEA,6.779,6.785
2014_10_NYG_SEA,2014,10,SEA,6.785,6.509
2014_11_SEA_KC,2014,11,SEA,6.509,6.77
2014_12_ARI_SEA,2014,12,SEA,6.77,7.754
2014_13_SEA_SF,2014,13,SEA,7.754,10.447
2014_14_SEA_PHI,2014,14,SEA,10.447,11.038
2014_15_SF_SEA,2014,15,SEA,11.038,12.031
2014_16_SEA_ARI,2014,16,SEA,12.031,12.481
2014_17_LAR_SEA,2014,17,SEA,12.481,13.61
2014_19_CAR_SEA,2014,19,SEA,13.61,13.278
2014_20_GB_SEA,2014,20,SEA,13.278,14.992
2014_21_NE_SEA,2014,21,SEA,14.992,12.462
2015_01_SEA_LAR,2015,1,SEA,7.988,5.64
2015_02_SEA_GB,2015,2,SEA,5.64,4.922
2015_03_CHI_SEA,2015,3,SEA,4.922,5.367
2015_04_DET_SEA,2015,4,SEA,5.367,5.111
2015_05_SEA_CIN,2015,5,SEA,5.111,4.242
2015_06_CAR_SEA,2015,6,SEA,4.242,4.689
2015_07_SEA_SF,2015,7,SEA,4.689,7.123
2015_08_SEA_DAL,2015,8,SEA,7.123,6.022
2015_10_ARI_SEA,2015,10,SEA,6.022,5.748
2015_11_SF_SEA,2015,11,SEA,5.748,3.683
2015_12_PIT_SEA,2015,12,SEA,3.683,2.679
2015_13_SEA_MIN,2015,13,SEA,2.679,4.733
2015_14_SEA_BAL,2015,14,SEA,4.733,4.014
2015_15_CLE_SEA,2015,15,SEA,4.014,4.308
2015_16_LAR_SEA,2015,16,SEA,4.308,4.285
2015_17_SEA_ARI,2015,17,SEA,4.285,5.407
2015_18_SEA_MIN,2015,18,SEA,5.407,5.355
2015_19_SEA_CAR,2015,19,SEA,5.355,6.4
2016_01_MIA_SEA,2016,1,SEA,4.102,5.174
2016_02_SEA_LAR,2016,2,SEA,5.174,5.325
2016_03_SF_SEA,2016,3,SEA,5.325,5.933
2016_04_SEA_NYJ,2016,4,SEA,5.933,8.021
2016_06_ATL_SEA,2016,6,SEA,8.021,8.213
2016_07_SEA_ARI,2016,7,SEA,8.213,7.463
2016_08_SEA_NO,2016,8,SEA,7.463,6.422
2016_09_BUF_SEA,2016,9,SEA,6.422,5.597
2016_10_SEA_NE,2016,10,SEA,5.597,6.557
2016_11_PHI_SEA,2016,11,SEA,6.557,7.442
2016_12_SEA_TB,2016,12,SEA,7.442,6.436
2016_13_CAR_SEA,2016,13,SEA,6.436,6.747
2016_14_SEA_GB,2016,14,SEA,6.747,5.992
2016_15_LAR_SEA,2016,15,SEA,5.992,7.236
2016_16_ARI_SEA,2016,16,SEA,7.236,6.83
2016_17_SEA_SF,2016,17,SEA,6.83,7.008
2016_18_DET_SEA,2016,18,SEA,7.008,8.578
2016_19_SEA_ATL,2016,19,SEA,8.578,7.155
2017_01_SEA_GB,2017,1,SEA,4.586,5.225
2017_02_SF_SEA,2017,2,SEA,5.225,7.041
2017_03_SEA_TEN,2017,3,SEA,7.041,5.766
2017_04_IND_SEA,2017,4,SEA,5.766,6.31
2017_05_SEA_LAR,2017,5,SEA,6.31,7.318
2017_07_SEA_NYG,2017,7,SEA,7.318,8.235
2017_08_HOU_SEA,2017,8,SEA,8.235,7.052
2017_09_WAS_SEA,2017,9,SEA,7.052,8.792
2017_10_SEA_ARI,2017,10,SEA,8.792,7.489
2017_11_ATL_SEA,2017,11,SEA,7.489,7.231
2017_12_SEA_SF,2017,12,SEA,7.231,7.62
2017_13_PHI_SEA,2017,13,SEA,7.62,7.156
2017_14_SEA_JAX,2017,14,SEA,7.156,6.007
2017_15_LAR_SEA,2017,15,SEA,6.007,6.541
2017_16_SEA_DAL,2017,16,SEA,6.541,8.16
2017_17_ARI_SEA,2017,17,SEA,8.16,9.331
2018_01_SEA_DEN,2018,1,SEA,5.981,5.715
2018_02_SEA_CHI,2018,2,SEA,5.715,5.215
2018_03_DAL_SEA,2018,3,SEA,5.215,7.698
2018_04_SEA_ARI,2018,4,SEA,7.698,6.044
2018_05_LAR_SEA,2018,5,SEA,6.044,6.039
2018_06_SEA_OAK,2018,6,SEA,6.039,7.244
2018_08_SEA_DET,2018,8,SEA,7.244,6.285
2018_09_LAC_SEA,2018,9,SEA,6.285,6.791
2018_10_SEA_LAR,2018,10,SEA,6.791,5.631
2018_11_GB_SEA,2018,11,SEA,5.631,5.615
2018_12_SEA_CAR,2018,12,SEA,5.615,3.578
2018_13_SF_SEA,2018,13,SEA,3.578,1.558
2018_14_MIN_SEA,2018,14,SEA,1.558,2.577
2018_15_SEA_SF,2018,15,SEA,2.577,1.575
2018_16_KC_SEA,2018,16,SEA,1.575,0.919
2018_17_ARI_SEA,2018,17,SEA,0.919,2.169
2018_18_SEA_DAL,2018,18,SEA,2.169,0.995
2019_01_CIN_SEA,2019,1,SEA,0.638,-0.788
2019_02_SEA_PIT,2019,2,SEA,-0.788,1.18
2019_03_NO_SEA,2019,3,SEA,1.18,-0.15
2019_04_SEA_ARI,2019,4,SEA,-0.15,-1.054
2019_05_LAR_SEA,2019,5,SEA,-1.054,-1.897
2019_06_SEA_CLE,2019,6,SEA,-1.897,-2.643
2019_07_BAL_SEA,2019,7,SEA,-2.643,-3.386
2019_08_SEA_ATL,2019,8,SEA,-3.386,-6.157
2019_09_TB_SEA,2019,9,SEA,-6.157,-7.586
2019_10_SEA_SF,2019,10,SEA,-7.586,-5.211
2019_12_SEA_PHI,2019,12,SEA,-5.211,-4.832
2019_13_MIN_SEA,2019,13,SEA,-4.832,-4.084
2019_14_SEA_LAR,2019,14,SEA,-4.084,-4.494
2019_15_SEA_CAR,2019,15,SEA,-4.494,-4.289
2019_16_ARI_SEA,2019,16,SEA,-4.289,-3.658
2019_17_SF_SEA,2019,17,SEA,-3.658,-3.968
2019_18_SEA_PHI,2019,18,SEA,-3.968,-1.313
2019_19_SEA_GB,2019,19,SEA,-1.313,-1.475
2020_01_SEA_ATL,2020,1,SEA,-0.946,-2.88
2020_02_NE_SEA,2020,2,SEA,-2.88,-5.612
2020_03_DAL_SEA,2020,3,SEA,-5.612,-6.13
2020_04_SEA_MIA,2020,4,SEA,-6.13,-6.73
2020_05_MIN_SEA,2020,5,SEA,-6.73,-6.204
2020_07_SEA_ARI,2020,7,SEA,-6.204,-9.845
2020_08_SF_SEA,2020,8,SEA,-9.845,-7.234
2020_09_SEA_BUF,2020,9,SEA,-7.234,-8.513
2020_10_SEA_LAR,2020,10,SEA,-8.513,-8.749
2020_11_ARI_SEA,2020,11,SEA,-8.749,-7.665
2020_12_SEA_PHI,2020,12,SEA,-7.665,-6.87
2020_13_NYG_SEA,2020,13,SEA,-6.87,-5.64
2020_14_NYJ_SEA,2020,14,SEA,-5.64,-4.293
2020_15_SEA_WAS,2020,15,SEA,-4.293,-4.514
2020_16_LAR_SEA,2020,16,SEA,-4.514,-2.145
2020_17_SEA_SF,2020,17,SEA,-2.145,-3.764
2020_18_LAR_SEA,2020,18,SEA,-3.764,-2.5
2021_01_SEA_IND,2021,1,SEA,-1.603,-3.492
2021_02_TEN_SEA,2021,2,SEA,-3.492,-4.052
2021_03_SEA_MIN,2021,3,SEA,-4.052,-6.464
2021_04_SEA_SF,2021,4,SEA,-6.464,-5.33
2021_05_LAR_SEA,2021,5,SEA,-5.33,-4.918
2021_06_SEA_PIT,2021,6,SEA,-4.918,-5.186
2021_07_NO_SEA,2021,7,SEA,-5.186,-5.076
2021_08_JAX_SEA,2021,8,SEA,-5.076,-4.691
2021_10_SEA_GB,2021,10,SEA,-4.691,-3.623
2021_11_ARI_SEA,2021,11,SEA,-3.623,-6.481
2021_12_SEA_WAS,2021,12,SEA,-6.481,-6.716
2021_13_SF_SEA,2021,13,SEA,-6.716,-6.733
2021_14_SEA_HOU,2021,14,SEA,-6.733,-8.755
2021_15_SEA_LAR,2021,15,SEA,-8.755,-7.732
2021_16_CHI_SEA,2021,16,SEA,-7.732,-7.478
2021_17_DET_SEA,2021,17,SEA,-7.478,-7.686
2021_18_SEA_ARI,2021,18,SEA,-7.686,-7.12
2022_01_DEN_SEA,2022,1,SEA,-4.564,-6.016
2022_02_SEA_SF,2022,2,SEA,-6.016,-5.436
2022_03_ATL_SEA,2022,3,SEA,-5.436,-5.769
2022_04_SEA_DET,2022,4,SEA,-5.769,-8.159
2022_05_SEA_NO,2022,5,SEA,-8.159,-8.123
2022_06_ARI_SEA,2022,6,SEA,-8.123,-7.136
2022_07_SEA_LAC,2022,7,SEA,-7.136,-7.124
2022_08_NYG_SEA,2022,8,SEA,-7.124,-5.412
2022_09_SEA_ARI,2022,9,SEA,-5.412,-5.518
2022_10_SEA_TB,2022,10,SEA,-5.518,-6.021
2022_12_OAK_SEA,2022,12,SEA,-6.021,-6.153
2022_13_SEA_LAR,2022,13,SEA,-6.153,-5.351
2022_14_CAR_SEA,2022,14,SEA,-5.351,-4.971
2022_15_SF_SEA,2022,15,SEA,-4.971,-6.752
2022_16_SEA_KC,2022,16,SEA,-6.752,-6.293
2022_17_NYJ_SEA,2022,17,SEA,-6.293,-3.512
2022_18_LAR_SEA,2022,18,SEA,-3.512,-0.968
2022_19_SEA_SF,2022,19,SEA,-0.968,-3.834
2023_01_LAR_SEA,2023,1,SEA,-2.458,-3.714
2023_02_SEA_DET,2023,2,SEA,-3.714,-5.575
2023_03_CAR_SEA,2023,3,SEA,-5.575,-6.422
2023_04_SEA_NYG,2023,4,SEA,-6.422,-3.723
2023_06_SEA_CIN,2023,6,SEA,-3.723,-2.944
2023_07_ARI_SEA,2023,7,SEA,-2.944,-2.28
2023_08_CLE_SEA,2023,8,SEA,-2.28,-1.523
2023_09_SEA_BAL,2023,9,SEA,-1.523,-1.595
2023_10_WAS_SEA,2023,10,SEA,-1.595,-3.429
2023_11_SEA_LAR,2023,11,SEA,-3.429,-2.838
2023_12_SF_SEA,2023,12,SEA,-2.838,-1.926
2023_13_SEA_DAL,2023,13,SEA,-1.926,-2.794
2023_14_SEA_SF,2023,14,SEA,-2.794,-2.945
2023_15_PHI_SEA,2023,15,SEA,-2.945,-2.264
2023_16_SEA_TEN,2023,16,SEA,-2.264,-1.079
2023_17_PIT_SEA,2023,17,SEA,-1.079,-1.705
2023_18_SEA_ARI,2023,18,SEA,-1.705,-3.237
2024_01_DEN_SEA,2024,1,SEA,-2.075,-1.372
2024_02_SEA_NE,2024,2,SEA,-1.372,0.104
2024_03_MIA_SEA,2024,3,SEA,0.104,1.326
2024_04_SEA_DET,2024,4,SEA,1.326,-0.233
2024_05_NYG_SEA,2024,5,SEA,-0.233,-1.339
2024_06_SF_SEA,2024,6,SEA,-1.339,-2.762
2024_07_SEA_ATL,2024,7,SEA,-2.762,-1.637
2024_08_BUF_SEA,2024,8,SEA,-1.637,-1.825
2024_09_LAR_SEA,2024,9,SEA,-1.825,-1.783
2024_11_SEA_SF,2024,11,SEA,-1.783,-1.721
2024_12_ARI_SEA,2024,12,SEA,-1.721,0.832
2024_13_SEA_NYJ,2024,13,SEA,0.832,1.768
2024_14_SEA_ARI,2024,14,SEA,1.768,1.859
2024_15_GB_SEA,2024,15,SEA,1.859,0.928
2024_16_MIN_SEA,2024,16,SEA,0.928,0.623
2024_17_SEA_CHI,2024,17,SEA,0.623,3.389
2024_18_SEA_LAR,2024,18,SEA,3.389,1.826
2025_01_SF_SEA,2025,1,SEA,1.171,0.858
2025_02_SEA_PIT,2025,2,SEA,0.858,3.508
2025_03_NO_SEA,2025,3,SEA,3.508,3.124
2025_04_SEA_ARI,2025,4,SEA,3.124,4.135
2025_05_TB_SEA,2025,5,SEA,4.135,1.603
2025_06_SEA_JAX,2025,6,SEA,1.603,2.362
2025_07_HOU_SEA,2025,7,SEA,2.362,4.047
2025_09_SEA_WAS,2025,9,SEA,4.047,5.074
2025_10_ARI_SEA,2025,10,SEA,5.074,5.488
2025_11_SEA_LAR,2025,11,SEA,5.488,5.63
2025_12_SEA_TEN,2025,12,SEA,5.63,3.693
2025_13_MIN_SEA,2025,13,SEA,3.693,6.661
2025_14_SEA_ATL,2025,14,SEA,6.661,8.354
2025_15_IND_SEA,2025,15,SEA,8.354,9.415
2025_16_LAR_SEA,2025,16,SEA,9.415,7.117
2025_17_SEA_CAR,2025,17,SEA,7.117,8.443
2025_18_SEA_SF,2025,18,SEA,8.443,10.518
2025_20_SF_SEA,2025,20,SEA,10.518,12.243
2025_21_LAR_SEA,2025,21,SEA,12.243,10.393
2025_22_SEA_NE,2025,22,SEA,10.393,11.157
2026_01_NE_SEA,2026,1,SEA,7.152,8.396
1999_01_SF_JAX,1999,1,SF,0.0,-2.283
1999_02_NO_SF,1999,2,SF,-2.283,-3.357
1999_03_SF_ARI,1999,3,SF,-3.357,-1.709
1999_04_TEN_SF,1999,4,SF,-1.709,-2.487
1999_05_SF_LAR,1999,5,SF,-2.487,-7.326
1999_06_CAR_SF,1999,6,SF,-7.326,-8.527
1999_07_SF_MIN,1999,7,SF,-8.527,-10.511
1999_09_PIT_SF,1999,9,SF,-10.511,-10.997
1999_10_SF_NO,1999,10,SF,-10.997,-14.756
1999_11_LAR_SF,1999,11,SF,-14.756,-13.005
1999_12_GB_SF,1999,12,SF,-13.005,-14.563
1999_13_SF_CIN,1999,13,SF,-14.563,-17.578
1999_14_ATL_SF,1999,14,SF,-17.578,-15.329
1999_15_SF_CAR,1999,15,SF,-15.329,-18.54
1999_16_WAS_SF,1999,16,SF,-18.54,-20.883
1999_17_SF_ATL,1999,17,SF,-20.883,-23.508
2000_01_SF_ATL,2000,1,SF,-15.068,-17.084
2000_02_CAR_SF,2000,2,SF,-17.084,-19.119
2000_03_SF_LAR,2000,3,SF,-19.119,-19.87
2000_04_SF_DAL,2000,4,SF,-19.87,-19.454
2000_05_ARI_SF,2000,5,SF,-19.454,-20.853
2000_06_OAK_SF,2000,6,SF,-20.853,-22.649
2000_07_SF_GB,2000,7,SF,-22.649,-23.773
2000_08_SF_CAR,2000,8,SF,-23.773,-24.509
2000_09_LAR_SF,2000,9,SF,-24.509,-25.031
2000_10_SF_NO,2000,10,SF,-25.031,-27.185
2000_11_KC_SF,2000,11,SF,-27.185,-25.037
2000_12_ATL_SF,2000,12,SF,-25.037,-22.238
2000_14_SF_LAC,2000,14,SF,-22.238,-20.281
2000_15_NO_SF,2000,15,SF,-20.281,-21.03
2000_16_CHI_SF,2000,16,SF,-21.03,-17.787
2000_17_SF_DEN,2000,17,SF,-17.787,-18.322
2001_01_ATL_SF,2001,1,SF,-11.744,-11.256
2001_02_LAR_SF,2001,2,SF,-11.256,-12.416
2001_03_SF_NYJ,2001,3,SF,-12.416,-11.517
2001_04_CAR_SF,2001,4,SF,-11.517,-11.229
2001_05_SF_ATL,2001,5,SF,-11.229,-12.66
2001_07_SF_CHI,2001,7,SF,-12.66,-10.502
2001_08_DET_SF,2001,8,SF,-10.502,-8.445
2001_09_NO_SF,2001,9,SF,-8.445,-10.551
2001_10_SF_CAR,2001,10,SF,-10.551,-11.452
2001_11_SF_IND,2001,11,SF,-11.452,-10.574
2001_12_BUF_SF,2001,12,SF,-10.574,-8.09
2001_13_SF_LAR,2001,13,SF,-8.09,-8.151
2001_14_MIA_SF,2001,14,SF,-8.151,-4.732
2001_15_PHI_SF,2001,15,SF,-4.732,-4.398
2001_16_SF_DAL,2001,16,SF,-4.398,-7.249
2001_17_SF_NO,2001,17,SF,-7.249,-4.625
2001_18_SF_GB,2001,18,SF,-4.625,-5.464
2002_01_SF_NYG,2002,1,SF,-3.502,-2.577
2002_02_DEN_SF,2002,2,SF,-2.577,-2.737
2002_03_WAS_SF,2002,3,SF,-2.737,-2.923
2002_05_LAR_SF,2002,5,SF,-2.923,-3.137
2002_06_SF_SEA,2002,6,SF,-3.137,-3.512
2002_07_SF_NO,2002,7,SF,-3.512,-6.385
2002_08_ARI_SF,2002,8,SF,-6.385,-6.639
2002_09_SF_OAK,2002,9,SF,-6.639,-5.711
2002_10_KC_SF,2002,10,SF,-5.711,-4.897
2002_11_SF_LAC,2002,11,SF,-4.897,-6.993
2002_12_PHI_SF,2002,12,SF,-6.993,-9.647
2002_13_SEA_SF,2002,13,SF,-9.647,-11.438
2002_14_SF_DAL,2002,14,SF,-11.438,-10.464
2002_15_GB_SF,2002,15,SF,-10.464,-11.006
2002_16_SF_ARI,2002,16,SF,-11.006,-9.892
2002_17_SF_LAR,2002,17,SF,-9.892,-12.059
2002_18_NYG_SF,2002,18,SF,-12.059,-13.564
2002_19_SF_TB,2002,19,SF,-13.564,-12.545
2003_01_CHI_SF,2003,1,SF,-8.041,-4.015
2003_02_SF_LAR,2003,2,SF,-4.015,-5.128
2003_03_CLE_SF,2003,3,SF,-5.128,-5.729
2003_04_SF_MIN,2003,4,SF,-5.729,-9.17
2003_05_DET_SF,2003,5,SF,-9.17,-8.436
2003_06_SF_SEA,2003,6,SF,-8.436,-7.611
2003_07_TB_SF,2003,7,SF,-7.611,-5.388
2003_08_SF_ARI,2003,8,SF,-5.388,-5.641
2003_09_LAR_SF,2003,9,SF,-5.641,-4.418
2003_11_PIT_SF,2003,11,SF,-4.418,-5.166
2003_12_SF_GB,2003,12,SF,-5.166,-3.709
2003_13_SF_BAL,2003,13,SF,-3.709,-5.196
2003_14_ARI_SF,2003,14,SF,-5.196,-3.647
2003_15_SF_CIN,2003,15,SF,-3.647,-4.013
2003_16_SF_PHI,2003,16,SF,-4.013,-2.418
2003_17_SEA_SF,2003,17,SF,-2.418,-2.893
2004_01_ATL_SF,2004,1,SF,-1.855,-0.216
2004_02_SF_NO,2004,2,SF,-0.216,-2.427
2004_03_SF_SEA,2004,3,SF,-2.427,-3.886
2004_04_LAR_SF,2004,4,SF,-3.886,-4.396
2004_05_ARI_SF,2004,5,SF,-4.396,-5.541
2004_06_SF_NYJ,2004,6,SF,-5.541,-6.067
2004_08_SF_CHI,2004,8,SF,-6.067,-5.035
2004_09_SEA_SF,2004,9,SF,-5.035,-6.104
2004_10_CAR_SF,2004,10,SF,-6.104,-7.672
2004_11_SF_TB,2004,11,SF,-7.672,-7.682
2004_12_MIA_SF,2004,12,SF,-7.682,-8.022
2004_13_SF_LAR,2004,13,SF,-8.022,-6.86
2004_14_SF_ARI,2004,14,SF,-6.86,-7.564
2004_15_WAS_SF,2004,15,SF,-7.564,-8.341
2004_16_BUF_SF,2004,16,SF,-8.341,-9.291
2004_17_SF_NE,2004,17,SF,-9.291,-9.689
2005_01_LAR_SF,2005,1,SF,-6.211,-5.489
2005_02_SF_PHI,2005,2,SF,-5.489,-8.329
2005_03_DAL_SF,2005,3,SF,-8.329,-9.594
2005_04_SF_ARI,2005,4,SF,-9.594,-12.364
2005_05_IND_SF,2005,5,SF,-12.364,-10.708
2005_07_SF_WAS,2005,7,SF,-10.708,-12.096
2005_08_TB_SF,2005,8,SF,-12.096,-11.451
2005_09_NYG_SF,2005,9,SF,-11.451,-12.019
2005_10_SF_CHI,2005,10,SF,-12.019,-11.464
2005_11_SEA_SF,2005,11,SF,-11.464,-11.352
2005_12_SF_TEN,2005,12,SF,-11.352,-12.592
2005_13_ARI_SF,2005,13,SF,-12.592,-12.067
2005_14_SF_SEA,2005,14,SF,-12.067,-13.732
2005_15_SF_JAX,2005,15,SF,-13.732,-14.098
2005_16_SF_LAR,2005,16,SF,-14.098,-16.962
2005_17_HOU_SF,2005,17,SF,-16.962,-16.225
2006_01_SF_ARI,2006,1,SF,-10.4,-12.296
2006_02_LAR_SF,2006,2,SF,-12.296,-9.885
2006_03_PHI_SF,2006,3,SF,-9.885,-9.303
2006_04_SF_KC,2006,4,SF,-9.303,-11.809
2006_05_OAK_SF,2006,5,SF,-11.809,-11.826
2006_06_LAC_SF,2006,6,SF,-11.826,-14.472
2006_08_SF_CHI,2006,8,SF,-14.472,-16.863
2006_09_MIN_SF,2006,9,SF,-16.863,-14.825
2006_10_SF_DET,2006,10,SF,-14.825,-14.772
2006_11_SEA_SF,2006,11,SF,-14.772,-14.577
2006_12_SF_LAR,2006,12,SF,-14.577,-14.189
2006_13_SF_NO,2006,13,SF,-14.189,-13.679
2006_14_GB_SF,2006,14,SF,-13.679,-14.76
2006_15_SF_SEA,2006,15,SF,-14.76,-12.895
2006_16_ARI_SF,2006,16,SF,-12.895,-12.553
2006_17_SF_DEN,2006,17,SF,-12.553,-12.356
2007_01_ARI_SF,2007,1,SF,-7.92,-6.605
2007_02_SF_LAR,2007,2,SF,-6.605,-6.722
2007_03_SF_PIT,2007,3,SF,-6.722,-6.735
2007_04_SEA_SF,2007,4,SF,-6.735,-7.403
2007_05_BAL_SF,2007,5,SF,-7.403,-7.788
2007_07_SF_NYG,2007,7,SF,-7.788,-7.354
2007_08_NO_SF,2007,8,SF,-7.354,-10.33
2007_09_SF_ATL,2007,9,SF,-10.33,-10.1
2007_10_SF_SEA,2007,10,SF,-10.1,-10.997
2007_11_LAR_SF,2007,11,SF,-10.997,-9.105
2007_12_SF_ARI,2007,12,SF,-9.105,-11.34
2007_13_SF_CAR,2007,13,SF,-11.34,-10.578
2007_14_MIN_SF,2007,14,SF,-10.578,-11.065
2007_15_CIN_SF,2007,15,SF,-11.065,-11.246
2007_16_TB_SF,2007,16,SF,-11.246,-10.656
2007_17_SF_CLE,2007,17,SF,-10.656,-9.572
2008_01_ARI_SF,2008,1,SF,-6.135,-5.37
2008_02_SF_SEA,2008,2,SF,-5.37,-3.749
2008_03_DET_SF,2008,3,SF,-3.749,-2.019
2008_04_SF_NO,2008,4,SF,-2.019,-4.005
2008_05_NE_SF,2008,5,SF,-4.005,-3.485
2008_06_PHI_SF,2008,6,SF,-3.485,-4.423
2008_07_SF_NYG,2008,7,SF,-4.423,-4.049
2008_08_SEA_SF,2008,8,SF,-4.049,-5.429
2008_10_SF_ARI,2008,10,SF,-5.429,-8.44
2008_11_LAR_SF,2008,11,SF,-8.44,-8.277
2008_12_SF_DAL,2008,12,SF,-8.277,-9.335
2008_13_SF_BUF,2008,13,SF,-9.335,-8.391
2008_14_NYJ_SF,2008,14,SF,-8.391,-6.946
2008_15_SF_MIA,2008,15,SF,-6.946,-6.893
2008_16_SF_LAR,2008,16,SF,-6.893,-7.057
2008_17_WAS_SF,2008,17,SF,-7.057,-8.159
2009_01_SF_ARI,2009,1,SF,-5.23,-4.28
2009_02_SEA_SF,2009,2,SF,-4.28,-3.326
2009_03_SF_MIN,2009,3,SF,-3.326,-4.151
2009_04_LAR_SF,2009,4,SF,-4.151,-1.993
2009_05_ATL_SF,2009,5,SF,-1.993,-3.891
2009_07_SF_HOU,2009,7,SF,-3.891,-4.841
2009_08_SF_IND,2009,8,SF,-4.841,-4.444
2009_09_TEN_SF,2009,9,SF,-4.444,-4.979
2009_10_CHI_SF,2009,10,SF,-4.979,-2.721
2009_11_SF_GB,2009,11,SF,-2.721,-4.436
2009_12_JAX_SF,2009,12,SF,-4.436,-3.889
2009_13_SF_SEA,2009,13,SF,-3.889,-4.507
2009_14_ARI_SF,2009,14,SF,-4.507,-0.647
2009_15_SF_PHI,2009,15,SF,-0.647,-1.294
2009_16_DET_SF,2009,16,SF,-1.294,0.514
2009_17_SF_LAR,2009,17,SF,0.514,1.201
2010_01_SF_SEA,2010,1,SF,0.77,-0.666
2010_02_NO_SF,2010,2,SF,-0.666,-0.773
2010_03_SF_KC,2010,3,SF,-0.773,-2.676
2010_04_SF_ATL,2010,4,SF,-2.676,-2.44
2010_05_PHI_SF,2010,5,SF,-2.44,-3.085
2010_06_OAK_SF,2010,6,SF,-3.085,-0.37
2010_07_SF_CAR,2010,7,SF,-0.37,-2.561
2010_08_DEN_SF,2010,8,SF,-2.561,-3.081
2010_10_LAR_SF,2010,10,SF,-3.081,-3.854
2010_11_TB_SF,2010,11,SF,-3.854,-4.046
2010_12_SF_ARI,2010,12,SF,-4.046,-4.071
2010_13_SF_GB,2010,13,SF,-4.071,-5.118
2010_14_SEA_SF,2010,14,SF,-5.118,-4.696
2010_15_SF_LAC,2010,15,SF,-4.696,-5.981
2010_16_SF_LAR,2010,16,SF,-5.981,-8.486
2010_17_ARI_SF,2010,17,SF,-8.486,-6.828
2011_01_SEA_SF,2011,1,SF,-4.377,-3.406
2011_02_DAL_SF,2011,2,SF,-3.406,-4.192
2011_03_SF_CIN,2011,3,SF,-4.192,-2.628
2011_04_SF_PHI,2011,4,SF,-2.628,-5.069
2011_05_TB_SF,2011,5,SF,-5.069,-2.481
2011_06_SF_DET,2011,6,SF,-2.481,-2.782
2011_08_CLE_SF,2011,8,SF,-2.782,-2.734
2011_09_SF_WAS,2011,9,SF,-2.734,-3.868
2011_10_NYG_SF,2011,10,SF,-3.868,-3.971
2011_11_ARI_SF,2011,11,SF,-3.971,-1.271
2011_12_SF_BAL,2011,12,SF,-1.271,-1.567
2011_13_LAR_SF,2011,13,SF,-1.567,0.045
2011_14_SF_ARI,2011,14,SF,0.045,0.408
2011_15_PIT_SF,2011,15,SF,0.408,2.373
2011_16_SF_SEA,2011,16,SF,2.373,3.175
2011_17_SF_LAR,2011,17,SF,3.175,1.72
2011_19_NO_SF,2011,19,SF,1.72,2.145
2011_20_NYG_SF,2011,20,SF,2.145,3.106
2012_01_SF_GB,2012,1,SF,1.991,1.948
2012_02_DET_SF,2012,2,SF,1.948,3.021
2012_03_SF_MIN,2012,3,SF,3.021,-0.029
2012_04_SF_NYJ,2012,4,SF,-0.029,2.363
2012_05_BUF_SF,2012,5,SF,2.363,3.714
2012_06_NYG_SF,2012,6,SF,3.714,4.243
2012_07_SEA_SF,2012,7,SF,4.243,5.557
2012_08_SF_ARI,2012,8,SF,5.557,4.68
2012_10_LAR_SF,2012,10,SF,4.68,3.159
2012_11_CHI_SF,2012,11,SF,3.159,5.557
2012_12_SF_NO,2012,12,SF,5.557,6.639
2012_13_SF_LAR,2012,13,SF,6.639,4.938
2012_14_MIA_SF,2012,14,SF,4.938,4.724
2012_15_SF_NE,2012,15,SF,4.724,5.17
2012_16_SF_SEA,2012,16,SF,5.17,3.954
2012_17_ARI_SF,2012,17,SF,3.954,3.354
2012_19_GB_SF,2012,19,SF,3.354,2.993
2012_20_SF_ATL,2012,20,SF,2.993,0.777
2012_21_BAL_SF,2012,21,SF,0.777,-1.537
2013_01_GB_SF,2013,1,SF,-0.985,-1.167
2013_02_SF_SEA,2013,2,SF,-1.167,1.33
2013_03_IND_SF,2013,3,SF,1.33,1.052
2013_04_SF_LAR,2013,4,SF,1.052,3.031
2013_05_HOU_SF,2013,5,SF,3.031,5.865
2013_06_ARI_SF,2013,6,SF,5.865,5.197
2013_07_SF_TEN,2013,7,SF,5.197,4.078
2013_08_SF_JAX,2013,8,SF,4.078,2.101
2013_10_CAR_SF,2013,10,SF,2.101,4.647
2013_11_SF_NO,2013,11,SF,4.647,4.456
2013_12_SF_WAS,2013,12,SF,4.456,7.016
2013_13_LAR_SF,2013,13,SF,7.016,7.315
2013_14_SEA_SF,2013,14,SF,7.315,8.655
2013_15_SF_TB,2013,15,SF,8.655,9.073
2013_16_ATL_SF,2013,16,SF,9.073,7.895
2013_17_SF_ARI,2013,17,SF,7.895,5.413
2013_18_SF_GB,2013,18,SF,5.413,5.952
2013_19_SF_CAR,2013,19,SF,5.952,6.805
2013_20_SF_SEA,2013,20,SF,6.805,7.408
2014_01_SF_DAL,2014,1,SF,4.748,5.681
2014_02_CHI_SF,2014,2,SF,5.681,3.541
2014_03_SF_ARI,2014,3,SF,3.541,0.74
2014_04_PHI_SF,2014,4,SF,0.74,3.362
2014_05_KC_SF,2014,5,SF,3.362,4.094
2014_06_SF_LAR,2014,6,SF,4.094,4.551
2014_07_SF_DEN,2014,7,SF,4.551,3.137
2014_09_LAR_SF,2014,9,SF,3.137,4.328
2014_10_SF_NO,2014,10,SF,4.328,4.5
2014_11_SF_NYG,2014,11,SF,4.5,7.485
2014_12_WAS_SF,2014,12,SF,7.485,9.189
2014_13_SEA_SF,2014,13,SF,9.189,9.187
2014_14_SF_OAK,2014,14,SF,9.187,6.367
2014_15_SF_SEA,2014,15,SF,6.367,8.592
2014_16_LAC_SF,2014,16,SF,8.592,7.893
2014_17_ARI_SF,2014,17,SF,7.893,7.201
2015_01_MIN_SF,2015,1,SF,4.616,5.368
2015_02_SF_PIT,2015,2,SF,5.368,2.453
2015_03_SF_ARI,2015,3,SF,2.453,0.986
2015_04_GB_SF,2015,4,SF,0.986,1.632
2015_05_SF_NYG,2015,5,SF,1.632,-1.934
2015_06_BAL_SF,2015,6,SF,-1.934,-2.706
2015_07_SEA_SF,2015,7,SF,-2.706,-1.04
2015_08_SF_LAR,2015,8,SF,-1.04,-1.988
2015_09_ATL_SF,2015,9,SF,-1.988,-1.869
2015_11_SF_SEA,2015,11,SF,-1.869,-3.865
2015_12_ARI_SF,2015,12,SF,-3.865,-3.484
2015_13_SF_CHI,2015,13,SF,-3.484,-1.974
2015_14_SF_CLE,2015,14,SF,-1.974,-2.766
2015_15_CIN_SF,2015,15,SF,-2.766,-2.937
2015_16_SF_DET,2015,16,SF,-2.937,-4.885
2015_17_LAR_SF,2015,17,SF,-4.885,-5.116
2016_01_LAR_SF,2016,1,SF,-3.28,-0.862
2016_02_SF_CAR,2016,2,SF,-0.862,-2.72
2016_03_SF_SEA,2016,3,SF,-2.72,-2.321
2016_04_DAL_SF,2016,4,SF,-2.321,-3.371
2016_05_ARI_SF,2016,5,SF,-3.371,-2.665
2016_06_SF_BUF,2016,6,SF,-2.665,-3.728
2016_07_TB_SF,2016,7,SF,-3.728,-4.398
2016_09_NO_SF,2016,9,SF,-4.398,-4.624
2016_10_SF_ARI,2016,10,SF,-4.624,-5.362
2016_11_NE_SF,2016,11,SF,-5.362,-5.945
2016_12_SF_MIA,2016,12,SF,-5.945,-7.835
2016_13_SF_CHI,2016,13,SF,-7.835,-7.558
2016_14_NYJ_SF,2016,14,SF,-7.558,-6.47
2016_15_SF_ATL,2016,15,SF,-6.47,-7.403
2016_16_SF_LAR,2016,16,SF,-7.403,-4.609
2016_17_SEA_SF,2016,17,SF,-4.609,-4.585
2017_01_CAR_SF,2017,1,SF,-2.939,-2.436
2017_02_SF_SEA,2017,2,SF,-2.436,-1.846
2017_03_LAR_SF,2017,3,SF,-1.846,-5.057
2017_04_SF_ARI,2017,4,SF,-5.057,-5.034
2017_05_SF_IND,2017,5,SF,-5.034,-5.916
2017_06_SF_WAS,2017,6,SF,-5.916,-7.061
2017_07_DAL_SF,2017,7,SF,-7.061,-8.223
2017_08_SF_PHI,2017,8,SF,-8.223,-7.009
2017_09_ARI_SF,2017,9,SF,-7.009,-6.76
2017_10_NYG_SF,2017,10,SF,-6.76,-7.691
2017_12_SEA_SF,2017,12,SF,-7.691,-7.912
2017_13_SF_CHI,2017,13,SF,-7.912,-7.796
2017_14_SF_HOU,2017,14,SF,-7.796,-7.286
2017_15_TEN_SF,2017,15,SF,-7.286,-8.526
2017_16_JAX_SF,2017,16,SF,-8.526,-8.703
2017_17_SF_LAR,2017,17,SF,-8.703,-7.757
2018_01_SF_MIN,2018,1,SF,-4.972,-5.802
2018_02_DET_SF,2018,2,SF,-5.802,-7.175
2018_03_SF_KC,2018,3,SF,-7.175,-8.03
2018_04_SF_LAC,2018,4,SF,-8.03,-7.768
2018_05_ARI_SF,2018,5,SF,-7.768,-6.961
2018_06_SF_GB,2018,6,SF,-6.961,-7.579
2018_07_LAR_SF,2018,7,SF,-7.579,-7.703
2018_08_SF_ARI,2018,8,SF,-7.703,-8.708
2018_09_OAK_SF,2018,9,SF,-8.708,-6.094
2018_10_NYG_SF,2018,10,SF,-6.094,-6.638
2018_12_SF_TB,2018,12,SF,-6.638,-8.706
2018_13_SF_SEA,2018,13,SF,-8.706,-8.548
2018_14_DEN_SF,2018,14,SF,-8.548,-8.037
2018_15_SEA_SF,2018,15,SF,-8.037,-8.191
2018_16_CHI_SF,2018,16,SF,-8.191,-8.143
2018_17_SF_LAR,2018,17,SF,-8.143,-8.777
2019_01_SF_TB,2019,1,SF,-5.626,-2.789
2019_02_SF_CIN,2019,2,SF,-2.789,-2.397
2019_03_PIT_SF,2019,3,SF,-2.397,-1.946
2019_05_CLE_SF,2019,5,SF,-1.946,1.975
2019_06_SF_LAR,2019,6,SF,1.975,4.716
2019_07_SF_WAS,2019,7,SF,4.716,6.158
2019_08_CAR_SF,2019,8,SF,6.158,9.851
2019_09_SF_ARI,2019,9,SF,9.851,7.76
2019_10_SEA_SF,2019,10,SF,7.76,8.593
2019_11_ARI_SF,2019,11,SF,8.593,7.302
2019_12_GB_SF,2019,12,SF,7.302,9.559
2019_13_SF_BAL,2019,13,SF,9.559,8.893
2019_14_SF_NO,2019,14,SF,8.893,4.673
2019_15_ATL_SF,2019,15,SF,4.673,4.649
2019_16_LAR_SF,2019,16,SF,4.649,3.596
2019_17_SF_SEA,2019,17,SF,3.596,2.688
2019_19_MIN_SF,2019,19,SF,2.688,5.114
2019_20_GB_SF,2019,20,SF,5.114,4.758
2019_21_SF_KC,2019,21,SF,4.758,5.174
2020_01_ARI_SF,2020,1,SF,3.317,1.839
2020_02_SF_NYJ,2020,2,SF,1.839,1.455
2020_03_SF_NYG,2020,3,SF,1.455,2.295
2020_04_PHI_SF,2020,4,SF,2.295,2.125
2020_05_MIA_SF,2020,5,SF,2.125,-0.12
2020_06_LAR_SF,2020,6,SF,-0.12,0.78
2020_07_SF_NE,2020,7,SF,0.78,3.65
2020_08_SF_SEA,2020,8,SF,3.65,2.369
2020_09_GB_SF,2020,9,SF,2.369,0.452
2020_10_SF_NO,2020,10,SF,0.452,2.077
2020_12_SF_LAR,2020,12,SF,2.077,3.603
2020_13_BUF_SF,2020,13,SF,3.603,-0.23
2020_14_WAS_SF,2020,14,SF,-0.23,1.582
2020_15_SF_DAL,2020,15,SF,1.582,0.427
2020_16_SF_ARI,2020,16,SF,0.427,0.85
2020_17_SEA_SF,2020,17,SF,0.85,0.412
2021_01_SF_DET,2021,1,SF,0.264,-1.562
2021_02_SF_PHI,2021,2,SF,-1.562,-2.319
2021_03_GB_SF,2021,3,SF,-2.319,-2.962
2021_04_SEA_SF,2021,4,SF,-2.962,-2.645
2021_05_SF_ARI,2021,5,SF,-2.645,-2.026
2021_07_IND_SF,2021,7,SF,-2.026,-3.064
2021_08_SF_CHI,2021,8,SF,-3.064,-4.947
2021_09_ARI_SF,2021,9,SF,-4.947,-6.611
2021_10_LAR_SF,2021,10,SF,-6.611,-4.21
2021_11_SF_JAX,2021,11,SF,-4.21,-3.633
2021_12_MIN_SF,2021,12,SF,-3.633,-2.299
2021_13_SF_SEA,2021,13,SF,-2.299,-2.395
2021_14_SF_CIN,2021,14,SF,-2.395,-3.087
2021_15_ATL_SF,2021,15,SF,-3.087,-2.284
2021_16_SF_TEN,2021,16,SF,-2.284,-2.332
2021_17_HOU_SF,2021,17,SF,-2.332,-0.866
2021_18_SF_LAR,2021,18,SF,-0.866,0.077
2021_19_SF_DAL,2021,19,SF,0.077,1.274
2021_20_SF_GB,2021,20,SF,1.274,3.069
2021_21_SF_LAR,2021,21,SF,3.069,2.015
2022_01_SF_CHI,2022,1,SF,1.291,1.252
2022_02_SEA_SF,2022,2,SF,1.252,0.543
2022_03_SF_DEN,2022,3,SF,0.543,1.407
2022_04_LAR_SF,2022,4,SF,1.407,2.961
2022_05_SF_CAR,2022,5,SF,2.961,3.586
2022_06_SF_ATL,2022,6,SF,3.586,0.812
2022_07_KC_SF,2022,7,SF,0.812,-1.096
2022_08_SF_LAR,2022,8,SF,-1.096,-1.742
2022_10_LAC_SF,2022,10,SF,-1.742,0.242
2022_11_SF_ARI,2022,11,SF,0.242,0.013
2022_12_NO_SF,2022,12,SF,0.013,0.393
2022_13_MIA_SF,2022,13,SF,0.393,2.163
2022_14_TB_SF,2022,14,SF,2.163,3.522
2022_15_SF_SEA,2022,15,SF,3.522,2.524
2022_16_WAS_SF,2022,16,SF,2.524,2.766
2022_17_SF_OAK,2022,17,SF,2.766,-1.017
2022_18_ARI_SF,2022,18,SF,-1.017,-0.005
2022_19_SEA_SF,2022,19,SF,-0.005,-0.212
2022_20_DAL_SF,2022,20,SF,-0.212,1.166
2022_21_SF_PHI,2022,21,SF,1.166,2.239
2023_01_SF_PIT,2023,1,SF,1.435,1.794
2023_02_SF_LAR,2023,2,SF,1.794,1.532
2023_03_NYG_SF,2023,3,SF,1.532,3.088
2023_04_ARI_SF,2023,4,SF,3.088,0.89
2023_05_DAL_SF,2023,5,SF,0.89,4.487
2023_06_SF_CLE,2023,6,SF,4.487,5.719
2023_07_SF_MIN,2023,7,SF,5.719,2.996
2023_08_CIN_SF,2023,8,SF,2.996,0.448
2023_10_SF_JAX,2023,10,SF,0.448,3.891
2023_11_TB_SF,2023,11,SF,3.891,4.647
2023_12_SF_SEA,2023,12,SF,4.647,6.758
2023_13_SF_PHI,2023,13,SF,6.758,6.714
2023_14_SEA_SF,2023,14,SF,6.714,7.226
2023_15_SF_ARI,2023,15,SF,7.226,7.176
2023_16_BAL_SF,2023,16,SF,7.176,6.226
2023_17_SF_WAS,2023,17,SF,6.226,6.947
2023_18_LAR_SF,2023,18,SF,6.947,5.921
2023_20_GB_SF,2023,20,SF,5.921,7.127
2023_21_DET_SF,2023,21,SF,7.127,7.751
2023_22_SF_KC,2023,22,SF,7.751,5.382
2024_01_NYJ_SF,2024,1,SF,3.45,4.976
2024_02_SF_MIN,2024,2,SF,4.976,3.136
2024_03_SF_LAR,2024,3,SF,3.136,3.1
2024_04_NE_SF,2024,4,SF,3.1,5.303
2024_05_ARI_SF,2024,5,SF,5.303,4.342
2024_06_SF_SEA,2024,6,SF,4.342,5.139
2024_07_KC_SF,2024,7,SF,5.139,6.801
2024_08_DAL_SF,2024,8,SF,6.801,7.68
2024_10_SF_TB,2024,10,SF,7.68,9.047
2024_11_SEA_SF,2024,11,SF,9.047,8.903
2024_12_SF_GB,2024,12,SF,8.903,9.257
2024_13_SF_BUF,2024,13,SF,9.257,8.388
2024_14_CHI_SF,2024,14,SF,8.388,8.924
2024_15_LAR_SF,2024,15,SF,8.924,9.839
2024_16_SF_MIA,2024,16,SF,9.839,9.717
2024_17_DET_SF,2024,17,SF,9.717,8.145
2024_18_SF_ARI,2024,18,SF,8.145,5.22
2025_01_SF_SEA,2025,1,SF,3.346,3.765
2025_02_SF_NO,2025,2,SF,3.765,1.209
2025_03_ARI_SF,2025,3,SF,1.209,1.824
2025_04_JAX_SF,2025,4,SF,1.824,1.527
2025_05_SF_LAR,2025,5,SF,1.527,-1.032
2025_06_SF_TB,2025,6,SF,-1.032,-1.506
2025_07_ATL_SF,2025,7,SF,-1.506,-1.086
2025_08_SF_HOU,2025,8,SF,-1.086,-4.042
2025_09_SF_NYG,2025,9,SF,-4.042,-6.137
2025_10_LAR_SF,2025,10,SF,-6.137,-6.692
2025_11_SF_ARI,2025,11,SF,-6.692,-10.441
2025_12_CAR_SF,2025,12,SF,-10.441,-9.144
2025_13_SF_CLE,2025,13,SF,-9.144,-9.106
2025_15_TEN_SF,2025,15,SF,-9.106,-9.917
2025_16_SF_IND,2025,16,SF,-9.917,-10.57
2025_17_CHI_SF,2025,17,SF,-10.57,-11.574
2025_18_SEA_SF,2025,18,SF,-11.574,-10.923
2025_19_SF_PHI,2025,19,SF,-10.923,-9.938
2025_20_SF_SEA,2025,20,SF,-9.938,-8.94
2026_01_SF_LAR,2026,1,SF,-5.731,-3.489
1999_01_NYG_TB,1999,1,TB,0.0,0.597
1999_02_TB_PHI,1999,2,TB,0.597,1.214
1999_03_DEN_TB,1999,3,TB,1.214,1.816
1999_04_TB_MIN,1999,4,TB,1.816,-2.207
1999_05_TB_GB,1999,5,TB,-2.207,-3.226
1999_07_CHI_TB,1999,7,TB,-3.226,-1.475
1999_08_TB_DET,1999,8,TB,-1.475,-1.714
1999_09_TB_NO,1999,9,TB,-1.714,-2.625
1999_10_KC_TB,1999,10,TB,-2.625,-2.656
1999_11_ATL_TB,1999,11,TB,-2.656,-1.044
1999_12_TB_SEA,1999,12,TB,-1.044,1.781
1999_13_MIN_TB,1999,13,TB,1.781,2.89
1999_14_DET_TB,1999,14,TB,2.89,3.935
1999_15_TB_OAK,1999,15,TB,3.935,3.802
1999_16_GB_TB,1999,16,TB,3.802,3.975
1999_17_TB_CHI,1999,17,TB,3.975,4.221
1999_19_WAS_TB,1999,19,TB,4.221,5.169
1999_20_TB_LAR,1999,20,TB,5.169,5.541
2000_01_TB_NE,2000,1,TB,3.552,3.019
2000_02_CHI_TB,2000,2,TB,3.019,5.157
2000_03_TB_DET,2000,3,TB,5.157,4.866
2000_04_NYJ_TB,2000,4,TB,4.866,5.928
2000_05_TB_WAS,2000,5,TB,5.928,5.766
2000_06_TB_MIN,2000,6,TB,5.766,4.151
2000_08_DET_TB,2000,8,TB,4.151,6.508
2000_09_MIN_TB,2000,9,TB,6.508,6.608
2000_10_TB_ATL,2000,10,TB,6.608,8.074
2000_11_GB_TB,2000,11,TB,8.074,8.374
2000_12_TB_CHI,2000,12,TB,8.374,8.203
2000_13_BUF_TB,2000,13,TB,8.203,7.44
2000_14_DAL_TB,2000,14,TB,7.44,7.982
2000_15_TB_MIA,2000,15,TB,7.982,10.217
2000_16_LAR_TB,2000,16,TB,10.217,10.894
2000_17_TB_GB,2000,17,TB,10.894,11.103
2000_18_TB_PHI,2000,18,TB,11.103,9.31
2001_01_TB_DAL,2001,1,TB,5.967,7.641
2001_03_TB_MIN,2001,3,TB,7.641,5.465
2001_04_GB_TB,2001,4,TB,5.465,6.243
2001_05_TB_TEN,2001,5,TB,6.243,4.442
2001_06_PIT_TB,2001,6,TB,4.442,5.592
2001_07_MIN_TB,2001,7,TB,5.592,6.621
2001_08_TB_GB,2001,8,TB,6.621,7.306
2001_09_TB_DET,2001,9,TB,7.306,7.53
2001_10_CHI_TB,2001,10,TB,7.53,6.805
2001_11_TB_LAR,2001,11,TB,6.805,7.762
2001_12_TB_CIN,2001,12,TB,7.762,8.632
2001_13_DET_TB,2001,13,TB,8.632,8.776
2001_14_TB_CHI,2001,14,TB,8.776,8.751
2001_15_NO_TB,2001,15,TB,8.751,9.953
2001_16_BAL_TB,2001,16,TB,9.953,11.266
2001_17_PHI_TB,2001,17,TB,11.266,11.566
2001_18_TB_PHI,2001,18,TB,11.566,10.37
2002_01_NO_TB,2002,1,TB,6.647,5.942
2002_02_TB_BAL,2002,2,TB,5.942,7.498
2002_03_LAR_TB,2002,3,TB,7.498,10.007
2002_04_TB_CIN,2002,4,TB,10.007,11.503
2002_05_TB_ATL,2002,5,TB,11.503,12.418
2002_06_CLE_TB,2002,6,TB,12.418,13.146
2002_07_TB_PHI,2002,7,TB,13.146,14.253
2002_08_TB_CAR,2002,8,TB,14.253,16.802
2002_09_MIN_TB,2002,9,TB,16.802,18.312
2002_11_CAR_TB,2002,11,TB,18.312,18.839
2002_12_GB_TB,2002,12,TB,18.839,20.984
2002_13_TB_NO,2002,13,TB,20.984,21.006
2002_14_ATL_TB,2002,14,TB,21.006,22.192
2002_15_TB_DET,2002,15,TB,22.192,21.63
2002_16_PIT_TB,2002,16,TB,21.63,19.852
2002_17_TB_CHI,2002,17,TB,19.852,21.537
2002_19_SF_TB,2002,19,TB,21.537,24.506
2002_20_TB_PHI,2002,20,TB,24.506,24.733
2002_21_OAK_TB,2002,21,TB,24.733,27.672
2003_01_TB_PHI,2003,1,TB,17.738,18.429
2003_02_CAR_TB,2003,2,TB,18.429,19.374
2003_03_TB_ATL,2003,3,TB,19.374,19.365
2003_05_IND_TB,2003,5,TB,19.365,17.196
2003_06_TB_WAS,2003,6,TB,17.196,17.368
2003_07_TB_SF,2003,7,TB,17.368,16.46
2003_08_DAL_TB,2003,8,TB,16.46,17.779
2003_09_NO_TB,2003,9,TB,17.779,18.349
2003_10_TB_CAR,2003,10,TB,18.349,16.942
2003_11_GB_TB,2003,11,TB,16.942,17.652
2003_12_NYG_TB,2003,12,TB,17.652,18.997
2003_13_TB_JAX,2003,13,TB,18.997,16.631
2003_14_TB_NO,2003,14,TB,16.631,16.078
2003_15_HOU_TB,2003,15,TB,16.078,17.034
2003_16_ATL_TB,2003,16,TB,17.034,15.917
2003_17_TB_TEN,2003,17,TB,15.917,13.616
2004_01_TB_WAS,2004,1,TB,8.728,8.999
2004_02_SEA_TB,2004,2,TB,8.999,10.816
2004_03_TB_OAK,2004,3,TB,10.816,11.714
2004_04_DEN_TB,2004,4,TB,11.714,11.861
2004_05_TB_NO,2004,5,TB,11.861,11.428
2004_06_TB_LAR,2004,6,TB,11.428,10.735
2004_07_CHI_TB,2004,7,TB,10.735,11.053
2004_09_KC_TB,2004,9,TB,11.053,9.103
2004_10_TB_ATL,2004,10,TB,9.103,8.904
2004_11_SF_TB,2004,11,TB,8.904,10.907
2004_12_TB_CAR,2004,12,TB,10.907,10.777
2004_13_ATL_TB,2004,13,TB,10.777,12.882
2004_14_TB_LAC,2004,14,TB,12.882,13.063
2004_15_NO_TB,2004,15,TB,13.063,13.579
2004_16_CAR_TB,2004,16,TB,13.579,10.391
2004_17_TB_ARI,2004,17,TB,10.391,11.458
2005_01_TB_MIN,2005,1,TB,7.345,8.603
2005_02_BUF_TB,2005,2,TB,8.603,9.433
2005_03_TB_GB,2005,3,TB,9.433,10.571
2005_04_DET_TB,2005,4,TB,10.571,10.779
2005_05_TB_NYJ,2005,5,TB,10.779,10.974
2005_06_MIA_TB,2005,6,TB,10.974,11.238
2005_08_TB_SF,2005,8,TB,11.238,11.563
2005_09_CAR_TB,2005,9,TB,11.563,10.95
2005_10_WAS_TB,2005,10,TB,10.95,10.234
2005_11_TB_ATL,2005,11,TB,10.234,8.179
2005_12_CHI_TB,2005,12,TB,8.179,7.81
2005_13_TB_NO,2005,13,TB,7.81,10.217
2005_14_TB_CAR,2005,14,TB,10.217,9.891
2005_15_TB_NE,2005,15,TB,9.891,8.377
2005_16_ATL_TB,2005,16,TB,8.377,7.951
2005_17_NO_TB,2005,17,TB,7.951,7.907
2005_18_WAS_TB,2005,18,TB,7.907,9.615
2006_01_BAL_TB,2006,1,TB,6.163,5.862
2006_02_TB_ATL,2006,2,TB,5.862,3.629
2006_03_CAR_TB,2006,3,TB,3.629,2.797
2006_05_TB_NO,2006,5,TB,2.797,1.743
2006_06_CIN_TB,2006,6,TB,1.743,1.223
2006_07_PHI_TB,2006,7,TB,1.223,0.075
2006_08_TB_NYG,2006,8,TB,0.075,0.384
2006_09_NO_TB,2006,9,TB,0.384,-1.989
2006_10_TB_CAR,2006,10,TB,-1.989,-2.927
2006_11_WAS_TB,2006,11,TB,-2.927,-3.771
2006_12_TB_DAL,2006,12,TB,-3.771,-7.266
2006_13_TB_PIT,2006,13,TB,-7.266,-7.126
2006_14_ATL_TB,2006,14,TB,-7.126,-5.124
2006_15_TB_CHI,2006,15,TB,-5.124,-6.715
2006_16_TB_CLE,2006,16,TB,-6.715,-3.347
2006_17_SEA_TB,2006,17,TB,-3.347,-3.768
2007_01_TB_SEA,2007,1,TB,-2.415,-3.116
2007_02_NO_TB,2007,2,TB,-3.116,-2.3
2007_03_LAR_TB,2007,3,TB,-2.3,0.513
2007_04_TB_CAR,2007,4,TB,0.513,1.744
2007_05_TB_IND,2007,5,TB,1.744,0.551
2007_06_TEN_TB,2007,6,TB,0.551,1.217
2007_07_TB_DET,2007,7,TB,1.217,0.71
2007_08_JAX_TB,2007,8,TB,0.71,1.019
2007_09_ARI_TB,2007,9,TB,1.019,3.199
2007_11_TB_ATL,2007,11,TB,3.199,4.776
2007_12_WAS_TB,2007,12,TB,4.776,4.774
2007_13_TB_NO,2007,13,TB,4.774,4.483
2007_14_TB_HOU,2007,14,TB,4.483,1.073
2007_15_ATL_TB,2007,15,TB,1.073,3.329
2007_16_TB_SF,2007,16,TB,3.329,3.262
2007_17_CAR_TB,2007,17,TB,3.262,1.93
2007_18_NYG_TB,2007,18,TB,1.93,0.253
2008_01_TB_NO,2008,1,TB,0.162,-1.782
2008_02_ATL_TB,2008,2,TB,-1.782,1.342
2008_03_TB_CHI,2008,3,TB,1.342,0.534
2008_04_GB_TB,2008,4,TB,0.534,2.516
2008_05_TB_DEN,2008,5,TB,2.516,1.669
2008_06_CAR_TB,2008,6,TB,1.669,3.411
2008_07_SEA_TB,2008,7,TB,3.411,3.675
2008_08_TB_DAL,2008,8,TB,3.675,4.448
2008_09_TB_KC,2008,9,TB,4.448,3.242
2008_11_MIN_TB,2008,11,TB,3.242,3.807
2008_12_TB_DET,2008,12,TB,3.807,5.468
2008_13_NO_TB,2008,13,TB,5.468,7.184
2008_14_TB_CAR,2008,14,TB,7.184,7.641
2008_15_TB_ATL,2008,15,TB,7.641,7.775
2008_16_LAC_TB,2008,16,TB,7.775,5.603
2008_17_OAK_TB,2008,17,TB,5.603,4.785
2009_01_DAL_TB,2009,1,TB,3.067,0.993
2009_02_TB_BUF,2009,2,TB,0.993,0.046
2009_03_NYG_TB,2009,3,TB,0.046,-0.661
2009_04_TB_WAS,2009,4,TB,-0.661,1.221
2009_05_TB_PHI,2009,5,TB,1.221,-0.448
2009_06_CAR_TB,2009,6,TB,-0.448,0.89
2009_07_NE_TB,2009,7,TB,0.89,0.396
2009_09_GB_TB,2009,9,TB,0.396,2.262
2009_10_TB_MIA,2009,10,TB,2.262,1.825
2009_11_NO_TB,2009,11,TB,1.825,1.615
2009_12_TB_ATL,2009,12,TB,1.615,2.397
2009_13_TB_CAR,2009,13,TB,2.397,2.197
2009_14_NYJ_TB,2009,14,TB,2.197,2.522
2009_15_TB_SEA,2009,15,TB,2.522,3.762
2009_16_TB_NO,2009,16,TB,3.762,2.405
2009_17_ATL_TB,2009,17,TB,2.405,2.538
2010_01_CLE_TB,2010,1,TB,1.627,1.788
2010_02_TB_CAR,2010,2,TB,1.788,3.351
2010_03_PIT_TB,2010,3,TB,3.351,2.055
2010_05_TB_CIN,2010,5,TB,2.055,2.579
2010_06_NO_TB,2010,6,TB,2.579,2.373
2010_07_LAR_TB,2010,7,TB,2.373,2.314
2010_08_TB_ARI,2010,8,TB,2.314,2.067
2010_09_TB_ATL,2010,9,TB,2.067,0.443
2010_10_CAR_TB,2010,10,TB,0.443,0.124
2010_11_TB_SF,2010,11,TB,0.124,1.433
2010_12_TB_BAL,2010,12,TB,1.433,1.296
2010_13_ATL_TB,2010,13,TB,1.296,3.059
2010_14_TB_WAS,2010,14,TB,3.059,2.044
2010_15_DET_TB,2010,15,TB,2.044,-0.146
2010_16_SEA_TB,2010,16,TB,-0.146,-0.316
2010_17_TB_NO,2010,17,TB,-0.316,1.132
2011_01_DET_TB,2011,1,TB,0.726,-1.468
2011_02_TB_MIN,2011,2,TB,-1.468,-2.062
2011_03_ATL_TB,2011,3,TB,-2.062,-1.278
2011_04_IND_TB,2011,4,TB,-1.278,-1.542
2011_05_TB_SF,2011,5,TB,-1.542,-2.808
2011_06_NO_TB,2011,6,TB,-2.808,-2.207
2011_07_CHI_TB,2011,7,TB,-2.207,-1.09
2011_09_TB_NO,2011,9,TB,-1.09,-2.536
2011_10_HOU_TB,2011,10,TB,-2.536,-2.814
2011_11_TB_GB,2011,11,TB,-2.814,-2.758
2011_12_TB_TEN,2011,12,TB,-2.758,-1.19
2011_13_CAR_TB,2011,13,TB,-1.19,-3.015
2011_14_TB_JAX,2011,14,TB,-3.015,-3.333
2011_15_DAL_TB,2011,15,TB,-3.333,-4.308
2011_16_TB_CAR,2011,16,TB,-4.308,-6.371
2011_17_TB_ATL,2011,17,TB,-6.371,-6.262
2012_01_CAR_TB,2012,1,TB,-4.014,-3.152
2012_02_TB_NYG,2012,2,TB,-3.152,-4.65
2012_03_TB_DAL,2012,3,TB,-4.65,-3.734
2012_04_WAS_TB,2012,4,TB,-3.734,-5.8
2012_06_KC_TB,2012,6,TB,-5.8,-5.072
2012_07_NO_TB,2012,7,TB,-5.072,-6.521
2012_08_TB_MIN,2012,8,TB,-6.521,-6.445
2012_09_TB_OAK,2012,9,TB,-6.445,-7.501
2012_10_LAC_TB,2012,10,TB,-7.501,-8.817
2012_11_TB_CAR,2012,11,TB,-8.817,-8.778
2012_12_ATL_TB,2012,12,TB,-8.778,-9.371
2012_13_TB_DEN,2012,13,TB,-9.371,-9.256
2012_14_PHI_TB,2012,14,TB,-9.256,-11.31
2012_15_TB_NO,2012,15,TB,-11.31,-13.473
2012_16_LAR_TB,2012,16,TB,-13.473,-12.543
2012_17_TB_ATL,2012,17,TB,-12.543,-12.184
2013_01_TB_NYJ,2013,1,TB,-7.81,-8.031
2013_02_NO_TB,2013,2,TB,-8.031,-5.075
2013_03_TB_NE,2013,3,TB,-5.075,-4.196
2013_04_ARI_TB,2013,4,TB,-4.196,-3.209
2013_06_PHI_TB,2013,6,TB,-3.209,-6.097
2013_07_TB_ATL,2013,7,TB,-6.097,-7.313
2013_08_CAR_TB,2013,8,TB,-7.313,-8.405
2013_09_TB_SEA,2013,9,TB,-8.405,-9.108
2013_10_MIA_TB,2013,10,TB,-9.108,-9.449
2013_11_ATL_TB,2013,11,TB,-9.449,-6.849
2013_12_TB_DET,2013,12,TB,-6.849,-5.561
2013_13_TB_CAR,2013,13,TB,-5.561,-7.169
2013_14_BUF_TB,2013,14,TB,-7.169,-3.157
2013_15_SF_TB,2013,15,TB,-3.157,-4.145
2013_16_TB_LAR,2013,16,TB,-4.145,-5.057
2013_17_TB_NO,2013,17,TB,-5.057,-8.399
2014_01_CAR_TB,2014,1,TB,-5.384,-7.186
2014_02_LAR_TB,2014,2,TB,-7.186,-8.11
2014_03_TB_ATL,2014,3,TB,-8.11,-10.295
2014_04_TB_PIT,2014,4,TB,-10.295,-10.961
2014_05_TB_NO,2014,5,TB,-10.961,-10.523
2014_06_BAL_TB,2014,6,TB,-10.523,-13.475
2014_08_MIN_TB,2014,8,TB,-13.475,-14.075
2014_09_TB_CLE,2014,9,TB,-14.075,-13.436
2014_10_ATL_TB,2014,10,TB,-13.436,-12.649
2014_11_TB_WAS,2014,11,TB,-12.649,-11.035
2014_12_TB_CHI,2014,12,TB,-11.035,-9.479
2014_13_CIN_TB,2014,13,TB,-9.479,-8.016
2014_14_TB_DET,2014,14,TB,-8.016,-9.783
2014_15_TB_CAR,2014,15,TB,-9.783,-10.253
2014_16_GB_TB,2014,16,TB,-10.253,-10.573
2014_17_NO_TB,2014,17,TB,-10.573,-7.399
2015_01_TEN_TB,2015,1,TB,-4.742,-6.459
2015_02_TB_NO,2015,2,TB,-6.459,-4.87
2015_03_TB_HOU,2015,3,TB,-4.87,-6.034
2015_04_CAR_TB,2015,4,TB,-6.034,-5.418
2015_05_JAX_TB,2015,5,TB,-5.418,-6.557
2015_07_TB_WAS,2015,7,TB,-6.557,-10.256
2015_08_TB_ATL,2015,8,TB,-10.256,-12.779
2015_09_NYG_TB,2015,9,TB,-12.779,-11.757
2015_10_DAL_TB,2015,10,TB,-11.757,-10.312
2015_11_TB_PHI,2015,11,TB,-10.312,-9.764
2015_12_TB_IND,2015,12,TB,-9.764,-11.085
2015_13_ATL_TB,2015,13,TB,-11.085,-9.991
2015_14_NO_TB,2015,14,TB,-9.991,-10.179
2015_15_TB_LAR,2015,15,TB,-10.179,-11.938
2015_16_CHI_TB,2015,16,TB,-11.938,-11.978
2015_17_TB_CAR,2015,17,TB,-11.978,-12.755
2016_01_TB_ATL,2016,1,TB,-8.176,-9.495
2016_02_TB_ARI,2016,2,TB,-9.495,-11.128
2016_03_LAR_TB,2016,3,TB,-11.128,-10.66
2016_04_DEN_TB,2016,4,TB,-10.66,-9.347
2016_05_TB_CAR,2016,5,TB,-9.347,-9.241
2016_07_TB_SF,2016,7,TB,-9.241,-8.067
2016_08_OAK_TB,2016,8,TB,-8.067,-11.783
2016_09_ATL_TB,2016,9,TB,-11.783,-12.601
2016_10_CHI_TB,2016,10,TB,-12.601,-9.951
2016_11_TB_KC,2016,11,TB,-9.951,-11.284
2016_12_SEA_TB,2016,12,TB,-11.284,-7.967
2016_13_TB_LAC,2016,13,TB,-7.967,-6.791
2016_14_NO_TB,2016,14,TB,-6.791,-3.203
2016_15_TB_DAL,2016,15,TB,-3.203,-5.38
2016_16_TB_NO,2016,16,TB,-5.38,-5.05
2016_17_CAR_TB,2016,17,TB,-5.05,-3.049
2017_02_CHI_TB,2017,2,TB,-1.954,-2.596
2017_03_TB_MIN,2017,3,TB,-2.596,-7.039
2017_04_NYG_TB,2017,4,TB,-7.039,-9.065
2017_05_NE_TB,2017,5,TB,-9.065,-8.093
2017_06_TB_ARI,2017,6,TB,-8.093,-9.473
2017_07_TB_BUF,2017,7,TB,-9.473,-10.66
2017_08_CAR_TB,2017,8,TB,-10.66,-10.23
2017_09_TB_NO,2017,9,TB,-10.23,-10.89
2017_10_NYJ_TB,2017,10,TB,-10.89,-9.181
2017_11_TB_MIA,2017,11,TB,-9.181,-6.58
2017_12_TB_ATL,2017,12,TB,-6.58,-8.183
2017_13_TB_GB,2017,13,TB,-8.183,-7.425
2017_14_DET_TB,2017,14,TB,-7.425,-8.338
2017_15_ATL_TB,2017,15,TB,-8.338,-7.578
2017_16_TB_CAR,2017,16,TB,-7.578,-6.653
2017_17_NO_TB,2017,17,TB,-6.653,-5.557
2018_01_TB_NO,2018,1,TB,-3.562,-6.869
2018_02_PHI_TB,2018,2,TB,-6.869,-7.92
2018_03_PIT_TB,2018,3,TB,-7.92,-8.733
2018_04_TB_CHI,2018,4,TB,-8.733,-13.37
2018_06_TB_ATL,2018,6,TB,-13.37,-15.735
2018_07_CLE_TB,2018,7,TB,-15.735,-16.182
2018_08_TB_CIN,2018,8,TB,-16.182,-16.357
2018_09_TB_CAR,2018,9,TB,-16.357,-16.205
2018_10_WAS_TB,2018,10,TB,-16.205,-15.301
2018_11_TB_NYG,2018,11,TB,-15.301,-15.194
2018_12_SF_TB,2018,12,TB,-15.194,-13.306
2018_13_CAR_TB,2018,13,TB,-13.306,-11.175
2018_14_NO_TB,2018,14,TB,-11.175,-9.501
2018_15_TB_BAL,2018,15,TB,-9.501,-10.144
2018_16_TB_DAL,2018,16,TB,-10.144,-10.913
2018_17_ATL_TB,2018,17,TB,-10.913,-10.992
2019_01_SF_TB,2019,1,TB,-7.046,-6.222
2019_02_TB_CAR,2019,2,TB,-6.222,-4.885
2019_03_NYG_TB,2019,3,TB,-4.885,-6.961
2019_04_TB_LAR,2019,4,TB,-6.961,-8.017
2019_05_TB_NO,2019,5,TB,-8.017,-11.436
2019_06_CAR_TB,2019,6,TB,-11.436,-11.949
2019_08_TB_TEN,2019,8,TB,-11.949,-11.651
2019_09_TB_SEA,2019,9,TB,-11.651,-13.592
2019_10_ARI_TB,2019,10,TB,-13.592,-14.412
2019_11_NO_TB,2019,11,TB,-14.412,-14.675
2019_12_TB_ATL,2019,12,TB,-14.675,-11.477
2019_13_TB_JAX,2019,13,TB,-11.477,-8.358
2019_14_IND_TB,2019,14,TB,-8.358,-8.601
2019_15_TB_DET,2019,15,TB,-8.601,-8.524
2019_16_HOU_TB,2019,16,TB,-8.524,-5.353
2019_17_ATL_TB,2019,17,TB,-5.353,-3.416
2020_01_TB_NO,2020,1,TB,-2.19,-1.486
2020_02_CAR_TB,2020,2,TB,-1.486,-1.071
2020_03_TB_DEN,2020,3,TB,-1.071,0.339
2020_04_LAC_TB,2020,4,TB,0.339,-0.959
2020_05_TB_CHI,2020,5,TB,-0.959,-0.622
2020_06_GB_TB,2020,6,TB,-0.622,3.702
2020_07_TB_OAK,2020,7,TB,3.702,3.011
2020_08_TB_NYG,2020,8,TB,3.011,3.386
2020_09_NO_TB,2020,9,TB,3.386,2.66
2020_10_TB_CAR,2020,10,TB,2.66,2.31
2020_11_LAR_TB,2020,11,TB,2.31,0.431
2020_12_KC_TB,2020,12,TB,0.431,-1.673
2020_14_MIN_TB,2020,14,TB,-1.673,-0.25
2020_15_TB_ATL,2020,15,TB,-0.25,-2.869
2020_16_TB_DET,2020,16,TB,-2.869,-1.552
2020_17_ATL_TB,2020,17,TB,-1.552,-2.326
2020_18_TB_WAS,2020,18,TB,-2.326,-4.54
2020_19_TB_NO,2020,19,TB,-4.54,-1.725
2020_20_TB_GB,2020,20,TB,-1.725,-0.834
2020_21_KC_TB,2020,21,TB,-0.834,2.403
2021_01_DAL_TB,2021,1,TB,1.54,-0.039
2021_02_ATL_TB,2021,2,TB,-0.039,0.317
2021_03_TB_LAR,2021,3,TB,0.317,-2.455
2021_04_TB_NE,2021,4,TB,-2.455,-2.917
2021_05_MIA_TB,2021,5,TB,-2.917,-2.806
2021_06_TB_PHI,2021,6,TB,-2.806,-1.948
2021_07_CHI_TB,2021,7,TB,-1.948,-0.274
2021_08_TB_NO,2021,8,TB,-0.274,-0.873
2021_10_TB_WAS,2021,10,TB,-0.873,-1.46
2021_11_NYG_TB,2021,11,TB,-1.46,0.093
2021_12_TB_IND,2021,12,TB,0.093,-0.792
2021_13_TB_ATL,2021,13,TB,-0.792,-0.935
2021_14_BUF_TB,2021,14,TB,-0.935,-2.799
2021_16_TB_CAR,2021,16,TB,-2.799,-1.372
2021_17_TB_NYJ,2021,17,TB,-1.372,-1.99
2021_18_CAR_TB,2021,18,TB,-1.99,-2.952
2021_19_PHI_TB,2021,19,TB,-2.952,-1.841
2021_20_LAR_TB,2021,20,TB,-1.841,-3.446
2022_01_TB_DAL,2022,1,TB,-2.209,0.169
2022_02_TB_NO,2022,2,TB,0.169,2.171
2022_03_GB_TB,2022,3,TB,2.171,0.954
2022_04_KC_TB,2022,4,TB,0.954,0.756
2022_05_ATL_TB,2022,5,TB,0.756,0.378
2022_06_TB_PIT,2022,6,TB,0.378,-0.07
2022_07_TB_CAR,2022,7,TB,-0.07,-2.473
2022_08_BAL_TB,2022,8,TB,-2.473,-3.578
2022_09_LAR_TB,2022,9,TB,-3.578,-1.017
2022_10_SEA_TB,2022,10,TB,-1.017,-2.416
2022_12_TB_CLE,2022,12,TB,-2.416,-1.142
2022_13_NO_TB,2022,13,TB,-1.142,-1.093
2022_14_TB_SF,2022,14,TB,-1.093,-3.375
2022_15_CIN_TB,2022,15,TB,-3.375,-3.116
2022_16_TB_ARI,2022,16,TB,-3.116,-3.315
2022_17_CAR_TB,2022,17,TB,-3.315,-4.802
2022_18_TB_ATL,2022,18,TB,-4.802,-6.564
2022_19_DAL_TB,2022,19,TB,-6.564,-9.055
2023_01_TB_MIN,2023,1,TB,-5.804,-7.244
2023_02_CHI_TB,2023,2,TB,-7.244,-5.34
2023_03_PHI_TB,2023,3,TB,-5.34,-4.472
2023_04_TB_NO,2023,4,TB,-4.472,-3.702
2023_06_DET_TB,2023,6,TB,-3.702,-4.079
2023_07_ATL_TB,2023,7,TB,-4.079,-5.623
2023_08_TB_BUF,2023,8,TB,-5.623,-6.74
2023_09_TB_HOU,2023,9,TB,-6.74,-11.152
2023_10_TEN_TB,2023,10,TB,-11.152,-8.857
2023_11_TB_SF,2023,11,TB,-8.857,-9.902
2023_12_TB_IND,2023,12,TB,-9.902,-9.938
2023_13_CAR_TB,2023,13,TB,-9.938,-7.894
2023_14_TB_ATL,2023,14,TB,-7.894,-9.757
2023_15_TB_GB,2023,15,TB,-9.757,-10.572
2023_16_JAX_TB,2023,16,TB,-10.572,-8.295
2023_17_NO_TB,2023,17,TB,-8.295,-8.026
2023_18_TB_CAR,2023,18,TB,-8.026,-7.726
2023_19_PHI_TB,2023,19,TB,-7.726,-7.022
2023_20_TB_DET,2023,20,TB,-7.022,-7.847
2024_01_WAS_TB,2024,1,TB,-5.03,-7.082
2024_02_TB_DET,2024,2,TB,-7.082,-6.741
2024_03_DEN_TB,2024,3,TB,-6.741,-8.662
2024_04_PHI_TB,2024,4,TB,-8.662,-6.528
2024_05_TB_ATL,2024,5,TB,-6.528,-9.647
2024_06_TB_NO,2024,6,TB,-9.647,-9.213
2024_07_BAL_TB,2024,7,TB,-9.213,-10.775
2024_08_ATL_TB,2024,8,TB,-10.775,-12.063
2024_09_TB_KC,2024,9,TB,-12.063,-12.514
2024_10_SF_TB,2024,10,TB,-12.514,-13.052
2024_12_TB_NYG,2024,12,TB,-13.052,-12.595
2024_13_TB_CAR,2024,13,TB,-12.595,-14.139
2024_14_OAK_TB,2024,14,TB,-14.139,-12.317
2024_15_TB_LAC,2024,15,TB,-12.317,-11.676
2024_16_TB_DAL,2024,16,TB,-11.676,-13.312
2024_17_CAR_TB,2024,17,TB,-13.312,-12.352
2024_18_NO_TB,2024,18,TB,-12.352,-12.961
2024_19_WAS_TB,2024,19,TB,-12.961,-13.497
2025_01_TB_ATL,2025,1,TB,-8.651,-11.161
2025_02_TB_HOU,2025,2,TB,-11.161,-11.237
2025_03_NYJ_TB,2025,3,TB,-11.237,-11.275
2025_04_PHI_TB,2025,4,TB,-11.275,-10.735
2025_05_TB_SEA,2025,5,TB,-10.735,-13.109
2025_06_SF_TB,2025,6,TB,-13.109,-11.041
2025_07_TB_DET,2025,7,TB,-11.041,-9.711
2025_08_TB_NO,2025,8,TB,-9.711,-8.763
2025_10_NE_TB,2025,10,TB,-8.763,-8.1
2025_11_TB_BUF,2025,11,TB,-8.1,-10.308
2025_12_TB_LAR,2025,12,TB,-10.308,-11.578
2025_13_ARI_TB,2025,13,TB,-11.578,-11.945
2025_14_NO_TB,2025,14,TB,-11.945,-12.051
2025_15_ATL_TB,2025,15,TB,-12.051,-13.632
2025_16_TB_CAR,2025,16,TB,-13.632,-13.699
2025_17_TB_MIA,2025,17,TB,-13.699,-13.885
2025_18_CAR_TB,2025,18,TB,-13.885,-14.522
2026_01_TB_CIN,2026,1,TB,-9.308,-8.883
1999_01_CIN_TEN,1999,1,TEN,0.0,-2.166
1999_02_CLE_TEN,1999,2,TEN,-2.166,-1.112
1999_03_TEN_JAX,1999,3,TEN,-1.112,-1.203
1999_04_TEN_SF,1999,4,TEN,-1.203,-4.023
1999_05_BAL_TEN,1999,5,TEN,-4.023,-3.238
1999_06_TEN_NO,1999,6,TEN,-3.238,-6.231
1999_08_LAR_TEN,1999,8,TEN,-6.231,-7.198
1999_09_TEN_MIA,1999,9,TEN,-7.198,-8.12
1999_10_TEN_CIN,1999,10,TEN,-8.12,-7.778
1999_11_PIT_TEN,1999,11,TEN,-7.778,-6.953
1999_12_TEN_CLE,1999,12,TEN,-6.953,-7.677
1999_13_TEN_BAL,1999,13,TEN,-7.677,-10.948
1999_14_OAK_TEN,1999,14,TEN,-10.948,-10.757
1999_15_ATL_TEN,1999,15,TEN,-10.757,-11.417
1999_16_JAX_TEN,1999,16,TEN,-11.417,-9.917
1999_17_TEN_PIT,1999,17,TEN,-9.917,-11.322
1999_18_BUF_TEN,1999,18,TEN,-11.322,-9.055
1999_19_TEN_IND,1999,19,TEN,-9.055,-9.481
1999_20_TEN_JAX,1999,20,TEN,-9.481,-7.888
1999_21_LAR_TEN,1999,21,TEN,-7.888,-9.266
2000_01_TEN_BUF,2000,1,TEN,-5.939,-5.921
2000_02_KC_TEN,2000,2,TEN,-5.921,-5.917
2000_04_TEN_PIT,2000,4,TEN,-5.917,-6.222
2000_05_NYG_TEN,2000,5,TEN,-6.222,-5.053
2000_06_TEN_CIN,2000,6,TEN,-5.053,-5.143
2000_07_JAX_TEN,2000,7,TEN,-5.143,-4.851
2000_08_TEN_BAL,2000,8,TEN,-4.851,-3.219
2000_09_TEN_WAS,2000,9,TEN,-3.219,-1.532
2000_10_PIT_TEN,2000,10,TEN,-1.532,-0.631
2000_11_BAL_TEN,2000,11,TEN,-0.631,-0.848
2000_12_CLE_TEN,2000,12,TEN,-0.848,-0.177
2000_13_TEN_JAX,2000,13,TEN,-0.177,0.561
2000_14_TEN_PHI,2000,14,TEN,0.561,0.367
2000_15_CIN_TEN,2000,15,TEN,0.367,1.037
2000_16_TEN_CLE,2000,16,TEN,1.037,0.954
2000_17_DAL_TEN,2000,17,TEN,0.954,3.678
2000_19_BAL_TEN,2000,19,TEN,3.678,4.931
2001_01_MIA_TEN,2001,1,TEN,3.161,0.84
2001_04_TEN_BAL,2001,4,TEN,0.84,0.603
2001_05_TB_TEN,2001,5,TEN,0.603,-0.254
2001_06_TEN_DET,2001,6,TEN,-0.254,-2.41
2001_07_TEN_PIT,2001,7,TEN,-2.41,-3.325
2001_08_JAX_TEN,2001,8,TEN,-3.325,-2.873
2001_09_BAL_TEN,2001,9,TEN,-2.873,-1.834
2001_10_TEN_CIN,2001,10,TEN,-1.834,-1.653
2001_11_PIT_TEN,2001,11,TEN,-1.653,-4.252
2001_12_TEN_CLE,2001,12,TEN,-4.252,-4.254
2001_13_TEN_MIN,2001,13,TEN,-4.254,-9.167
2001_14_GB_TEN,2001,14,TEN,-9.167,-8.839
2001_15_TEN_OAK,2001,15,TEN,-8.839,-7.659
2001_16_CLE_TEN,2001,16,TEN,-7.659,-9.93
2001_17_CIN_TEN,2001,17,TEN,-9.93,-10.679
2002_01_PHI_TEN,2002,1,TEN,-6.845,-4.824
2002_02_TEN_DAL,2002,2,TEN,-4.824,-6.366
2002_03_CLE_TEN,2002,3,TEN,-6.366,-9.097
2002_04_TEN_OAK,2002,4,TEN,-9.097,-11.713
2002_05_WAS_TEN,2002,5,TEN,-11.713,-10.921
2002_06_JAX_TEN,2002,6,TEN,-10.921,-9.701
2002_08_TEN_CIN,2002,8,TEN,-9.701,-11.708
2002_09_TEN_IND,2002,9,TEN,-11.708,-13.214
2002_10_HOU_TEN,2002,10,TEN,-13.214,-12.192
2002_11_PIT_TEN,2002,11,TEN,-12.192,-10.445
2002_12_TEN_BAL,2002,12,TEN,-10.445,-7.757
2002_13_TEN_NYG,2002,13,TEN,-7.757,-9.25
2002_14_IND_TEN,2002,14,TEN,-9.25,-7.532
2002_15_NE_TEN,2002,15,TEN,-7.532,-5.669
2002_17_TEN_HOU,2002,17,TEN,-5.669,-6.008
2002_19_PIT_TEN,2002,19,TEN,-6.008,-6.174
2002_20_TEN_OAK,2002,20,TEN,-6.174,-9.114
2003_01_OAK_TEN,2003,1,TEN,-5.842,-5.639
2003_02_TEN_IND,2003,2,TEN,-5.639,-6.079
2003_03_NO_TEN,2003,3,TEN,-6.079,-5.711
2003_04_TEN_PIT,2003,4,TEN,-5.711,-5.084
2003_05_TEN_NE,2003,5,TEN,-5.084,-4.667
2003_06_HOU_TEN,2003,6,TEN,-4.667,-5.347
2003_07_TEN_CAR,2003,7,TEN,-5.347,-7.443
2003_08_TEN_JAX,2003,8,TEN,-7.443,-5.647
2003_10_MIA_TEN,2003,10,TEN,-5.647,-2.311
2003_11_JAX_TEN,2003,11,TEN,-2.311,-0.529
2003_12_TEN_ATL,2003,12,TEN,-0.529,-2.681
2003_13_TEN_NYJ,2003,13,TEN,-2.681,-2.607
2003_14_IND_TEN,2003,14,TEN,-2.607,-1.132
2003_15_BUF_TEN,2003,15,TEN,-1.132,-1.581
2003_16_TEN_HOU,2003,16,TEN,-1.581,-2.752
2003_17_TB_TEN,2003,17,TEN,-2.752,-0.464
2003_18_TEN_BAL,2003,18,TEN,-0.464,-0.824
2003_19_TEN_NE,2003,19,TEN,-0.824,-1.228
2004_01_TEN_MIA,2004,1,TEN,-0.787,1.716
2004_02_IND_TEN,2004,2,TEN,1.716,0.77
2004_03_JAX_TEN,2004,3,TEN,0.77,0.56
2004_04_TEN_LAC,2004,4,TEN,0.56,-1.709
2004_05_TEN_GB,2004,5,TEN,-1.709,-1.46
2004_06_HOU_TEN,2004,6,TEN,-1.46,-1.061
2004_07_TEN_MIN,2004,7,TEN,-1.061,-0.707
2004_08_CIN_TEN,2004,8,TEN,-0.707,-0.007
2004_10_CHI_TEN,2004,10,TEN,-0.007,2.493
2004_11_TEN_JAX,2004,11,TEN,2.493,2.374
2004_12_TEN_HOU,2004,12,TEN,2.374,1.206
2004_13_TEN_IND,2004,13,TEN,1.206,-0.009
2004_14_KC_TEN,2004,14,TEN,-0.009,-0.062
2004_15_TEN_OAK,2004,15,TEN,-0.062,-2.421
2004_16_DEN_TEN,2004,16,TEN,-2.421,-4.787
2004_17_DET_TEN,2004,17,TEN,-4.787,-6.595
2005_01_TEN_PIT,2005,1,TEN,-4.227,-5.67
2005_02_BAL_TEN,2005,2,TEN,-5.67,-4.89
2005_03_TEN_LAR,2005,3,TEN,-4.89,-6.269
2005_04_IND_TEN,2005,4,TEN,-6.269,-7.593
2005_05_TEN_HOU,2005,5,TEN,-7.593,-6.747
2005_06_CIN_TEN,2005,6,TEN,-6.747,-8.262
2005_07_TEN_ARI,2005,7,TEN,-8.262,-5.776
2005_08_OAK_TEN,2005,8,TEN,-5.776,-6.084
2005_09_TEN_CLE,2005,9,TEN,-6.084,-7.043
2005_11_JAX_TEN,2005,11,TEN,-7.043,-8.529
2005_12_SF_TEN,2005,12,TEN,-8.529,-7.706
2005_13_TEN_IND,2005,13,TEN,-7.706,-8.406
2005_14_HOU_TEN,2005,14,TEN,-8.406,-6.951
2005_15_SEA_TEN,2005,15,TEN,-6.951,-8.681
2005_16_TEN_MIA,2005,16,TEN,-8.681,-7.648
2005_17_TEN_JAX,2005,17,TEN,-7.648,-6.816
2006_01_NYJ_TEN,2006,1,TEN,-4.369,-6.297
2006_02_TEN_LAC,2006,2,TEN,-6.297,-8.28
2006_03_TEN_MIA,2006,3,TEN,-8.28,-6.858
2006_04_DAL_TEN,2006,4,TEN,-6.858,-7.624
2006_05_TEN_IND,2006,5,TEN,-7.624,-7.529
2006_06_TEN_WAS,2006,6,TEN,-7.529,-7.046
2006_08_HOU_TEN,2006,8,TEN,-7.046,-4.793
2006_09_TEN_JAX,2006,9,TEN,-4.793,-6.0
2006_10_BAL_TEN,2006,10,TEN,-6.0,-7.513
2006_11_TEN_PHI,2006,11,TEN,-7.513,-5.008
2006_12_NYG_TEN,2006,12,TEN,-5.008,-4.785
2006_13_IND_TEN,2006,13,TEN,-4.785,-4.537
2006_14_TEN_HOU,2006,14,TEN,-4.537,-4.78
2006_15_JAX_TEN,2006,15,TEN,-4.78,-3.738
2006_16_TEN_BUF,2006,16,TEN,-3.738,-3.14
2006_17_NE_TEN,2006,17,TEN,-3.14,-3.389
2007_01_TEN_JAX,2007,1,TEN,-2.173,-2.591
2007_02_IND_TEN,2007,2,TEN,-2.591,-1.691
2007_03_TEN_NO,2007,3,TEN,-1.691,-0.398
2007_05_ATL_TEN,2007,5,TEN,-0.398,1.425
2007_06_TEN_TB,2007,6,TEN,1.425,0.336
2007_07_TEN_HOU,2007,7,TEN,0.336,1.164
2007_08_OAK_TEN,2007,8,TEN,1.164,3.698
2007_09_CAR_TEN,2007,9,TEN,3.698,6.202
2007_10_JAX_TEN,2007,10,TEN,6.202,5.552
2007_11_TEN_DEN,2007,11,TEN,5.552,4.071
2007_12_TEN_CIN,2007,12,TEN,4.071,1.948
2007_13_HOU_TEN,2007,13,TEN,1.948,2.958
2007_14_LAC_TEN,2007,14,TEN,2.958,4.088
2007_15_TEN_KC,2007,15,TEN,4.088,2.627
2007_16_NYJ_TEN,2007,16,TEN,2.627,3.108
2007_17_TEN_IND,2007,17,TEN,3.108,3.04
2007_18_TEN_LAC,2007,18,TEN,3.04,2.244
2008_01_JAX_TEN,2008,1,TEN,1.439,3.864
2008_02_TEN_CIN,2008,2,TEN,3.864,5.281
2008_03_HOU_TEN,2008,3,TEN,5.281,7.894
2008_04_MIN_TEN,2008,4,TEN,7.894,7.737
2008_05_TEN_BAL,2008,5,TEN,7.737,7.817
2008_07_TEN_KC,2008,7,TEN,7.817,7.266
2008_08_IND_TEN,2008,8,TEN,7.266,7.172
2008_09_GB_TEN,2008,9,TEN,7.172,7.601
2008_10_TEN_CHI,2008,10,TEN,7.601,6.772
2008_11_TEN_JAX,2008,11,TEN,6.772,9.285
2008_12_NYJ_TEN,2008,12,TEN,9.285,8.413
2008_13_TEN_DET,2008,13,TEN,8.413,8.398
2008_14_CLE_TEN,2008,14,TEN,8.398,8.834
2008_15_TEN_HOU,2008,15,TEN,8.834,7.839
2008_16_PIT_TEN,2008,16,TEN,7.839,7.217
2008_17_TEN_IND,2008,17,TEN,7.217,4.975
2008_19_BAL_TEN,2008,19,TEN,4.975,4.56
2009_01_TEN_PIT,2009,1,TEN,2.923,2.033
2009_02_HOU_TEN,2009,2,TEN,2.033,-0.916
2009_03_TEN_NYJ,2009,3,TEN,-0.916,-1.0
2009_04_TEN_JAX,2009,4,TEN,-1.0,-3.733
2009_05_IND_TEN,2009,5,TEN,-3.733,-4.932
2009_06_TEN_NE,2009,6,TEN,-4.932,-8.571
2009_08_JAX_TEN,2009,8,TEN,-8.571,-5.944
2009_09_TEN_SF,2009,9,TEN,-5.944,-5.785
2009_10_BUF_TEN,2009,10,TEN,-5.785,-5.548
2009_11_TEN_HOU,2009,11,TEN,-5.548,-6.036
2009_12_ARI_TEN,2009,12,TEN,-6.036,-6.276
2009_13_TEN_IND,2009,13,TEN,-6.276,-6.515
2009_14_LAR_TEN,2009,14,TEN,-6.515,-4.829
2009_15_MIA_TEN,2009,15,TEN,-4.829,-5.328
2009_16_LAC_TEN,2009,16,TEN,-5.328,-6.062
2009_17_TEN_SEA,2009,17,TEN,-6.062,-4.729
2010_01_OAK_TEN,2010,1,TEN,-3.031,-2.052
2010_02_PIT_TEN,2010,2,TEN,-2.052,-1.487
2010_03_TEN_NYG,2010,3,TEN,-1.487,-1.936
2010_04_DEN_TEN,2010,4,TEN,-1.936,-2.206
2010_05_TEN_DAL,2010,5,TEN,-2.206,-2.302
2010_06_TEN_JAX,2010,6,TEN,-2.302,-0.745
2010_07_PHI_TEN,2010,7,TEN,-0.745,-0.425
2010_08_TEN_LAC,2010,8,TEN,-0.425,-1.458
2010_10_TEN_MIA,2010,10,TEN,-1.458,-0.043
2010_11_WAS_TEN,2010,11,TEN,-0.043,-0.736
2010_12_TEN_HOU,2010,12,TEN,-0.736,-1.479
2010_13_JAX_TEN,2010,13,TEN,-1.479,-1.741
2010_14_IND_TEN,2010,14,TEN,-1.741,-2.451
2010_15_HOU_TEN,2010,15,TEN,-2.451,-1.957
2010_16_TEN_KC,2010,16,TEN,-1.957,-4.806
2010_17_TEN_IND,2010,17,TEN,-4.806,-5.694
2011_01_TEN_JAX,2011,1,TEN,-3.65,-3.742
2011_02_BAL_TEN,2011,2,TEN,-3.742,-1.629
2011_03_DEN_TEN,2011,3,TEN,-1.629,-1.176
2011_04_TEN_CLE,2011,4,TEN,-1.176,-2.675
2011_05_TEN_PIT,2011,5,TEN,-2.675,-4.514
2011_07_HOU_TEN,2011,7,TEN,-4.514,-5.81
2011_08_IND_TEN,2011,8,TEN,-5.81,-5.84
2011_09_CIN_TEN,2011,9,TEN,-5.84,-7.083
2011_10_TEN_CAR,2011,10,TEN,-7.083,-5.355
2011_11_TEN_ATL,2011,11,TEN,-5.355,-7.087
2011_12_TB_TEN,2011,12,TEN,-7.087,-6.19
2011_13_TEN_BUF,2011,13,TEN,-6.19,-6.878
2011_14_NO_TEN,2011,14,TEN,-6.878,-7.019
2011_15_TEN_IND,2011,15,TEN,-7.019,-7.595
2011_16_JAX_TEN,2011,16,TEN,-7.595,-7.024
2011_17_TEN_HOU,2011,17,TEN,-7.024,-8.343
2012_01_NE_TEN,2012,1,TEN,-5.348,-5.598
2012_02_TEN_LAC,2012,2,TEN,-5.598,-5.958
2012_03_DET_TEN,2012,3,TEN,-5.958,-6.802
2012_04_TEN_HOU,2012,4,TEN,-6.802,-7.967
2012_05_TEN_MIN,2012,5,TEN,-7.967,-9.618
2012_06_PIT_TEN,2012,6,TEN,-9.618,-9.865
2012_07_TEN_BUF,2012,7,TEN,-9.865,-11.657
2012_08_IND_TEN,2012,8,TEN,-11.657,-12.32
2012_09_CHI_TEN,2012,9,TEN,-12.32,-13.632
2012_10_TEN_MIA,2012,10,TEN,-13.632,-11.836
2012_12_TEN_JAX,2012,12,TEN,-11.836,-10.659
2012_13_HOU_TEN,2012,13,TEN,-10.659,-10.485
2012_14_TEN_IND,2012,14,TEN,-10.485,-8.327
2012_15_NYJ_TEN,2012,15,TEN,-8.327,-5.37
2012_16_TEN_GB,2012,16,TEN,-5.37,-7.801
2012_17_JAX_TEN,2012,17,TEN,-7.801,-6.446
2013_01_TEN_PIT,2013,1,TEN,-4.132,-2.254
2013_02_TEN_HOU,2013,2,TEN,-2.254,-2.414
2013_03_LAC_TEN,2013,3,TEN,-2.414,-2.331
2013_04_NYJ_TEN,2013,4,TEN,-2.331,-1.881
2013_05_KC_TEN,2013,5,TEN,-1.881,-0.667
2013_06_TEN_SEA,2013,6,TEN,-0.667,-1.569
2013_07_SF_TEN,2013,7,TEN,-1.569,-2.336
2013_09_TEN_LAR,2013,9,TEN,-2.336,-3.995
2013_10_JAX_TEN,2013,10,TEN,-3.995,-2.299
2013_11_IND_TEN,2013,11,TEN,-2.299,-2.742
2013_12_TEN_OAK,2013,12,TEN,-2.742,-3.716
2013_13_TEN_IND,2013,13,TEN,-3.716,-2.417
2013_14_TEN_DEN,2013,14,TEN,-2.417,-4.523
2013_15_ARI_TEN,2013,15,TEN,-4.523,-4.239
2013_16_TEN_JAX,2013,16,TEN,-4.239,-5.345
2013_17_HOU_TEN,2013,17,TEN,-5.345,-4.098
2014_01_TEN_KC,2014,1,TEN,-2.627,-0.276
2014_02_DAL_TEN,2014,2,TEN,-0.276,1.132
2014_03_TEN_CIN,2014,3,TEN,1.132,1.814
2014_04_TEN_IND,2014,4,TEN,1.814,-1.324
2014_05_CLE_TEN,2014,5,TEN,-1.324,-2.829
2014_06_JAX_TEN,2014,6,TEN,-2.829,-3.418
2014_07_TEN_WAS,2014,7,TEN,-3.418,-2.465
2014_08_HOU_TEN,2014,8,TEN,-2.465,-1.183
2014_10_TEN_BAL,2014,10,TEN,-1.183,-0.69
2014_11_PIT_TEN,2014,11,TEN,-0.69,1.352
2014_12_TEN_PHI,2014,12,TEN,1.352,0.625
2014_13_TEN_HOU,2014,13,TEN,0.625,-4.707
2014_14_NYG_TEN,2014,14,TEN,-4.707,-4.881
2014_15_NYJ_TEN,2014,15,TEN,-4.881,-4.947
2014_16_TEN_JAX,2014,16,TEN,-4.947,-4.776
2014_17_IND_TEN,2014,17,TEN,-4.776,-3.772
2015_01_TEN_TB,2015,1,TEN,-2.418,-0.796
2015_02_TEN_CLE,2015,2,TEN,-0.796,-1.391
2015_03_IND_TEN,2015,3,TEN,-1.391,-0.208
2015_05_BUF_TEN,2015,5,TEN,-0.208,-0.954
2015_06_MIA_TEN,2015,6,TEN,-0.954,-1.385
2015_07_ATL_TEN,2015,7,TEN,-1.385,0.133
2015_08_TEN_HOU,2015,8,TEN,0.133,-1.588
2015_09_TEN_NO,2015,9,TEN,-1.588,-2.79
2015_10_CAR_TEN,2015,10,TEN,-2.79,-2.905
2015_11_TEN_JAX,2015,11,TEN,-2.905,-2.646
2015_12_OAK_TEN,2015,12,TEN,-2.646,-4.174
2015_13_JAX_TEN,2015,13,TEN,-4.174,-6.864
2015_14_TEN_NYJ,2015,14,TEN,-6.864,-7.808
2015_15_TEN_NE,2015,15,TEN,-7.808,-7.47
2015_16_HOU_TEN,2015,16,TEN,-7.47,-9.073
2015_17_TEN_IND,2015,17,TEN,-9.073,-9.397
2016_01_MIN_TEN,2016,1,TEN,-6.023,-5.76
2016_02_TEN_DET,2016,2,TEN,-5.76,-5.008
2016_03_OAK_TEN,2016,3,TEN,-5.008,-4.214
2016_04_TEN_HOU,2016,4,TEN,-4.214,-5.607
2016_05_TEN_MIA,2016,5,TEN,-5.607,-2.667
2016_06_CLE_TEN,2016,6,TEN,-2.667,-3.372
2016_07_IND_TEN,2016,7,TEN,-3.372,-4.869
2016_08_JAX_TEN,2016,8,TEN,-4.869,-6.837
2016_09_TEN_LAC,2016,9,TEN,-6.837,-7.677
2016_10_GB_TEN,2016,10,TEN,-7.677,-7.084
2016_11_TEN_IND,2016,11,TEN,-7.084,-7.058
2016_12_TEN_CHI,2016,12,TEN,-7.058,-7.761
2016_14_DEN_TEN,2016,14,TEN,-7.761,-9.017
2016_15_TEN_KC,2016,15,TEN,-9.017,-8.372
2016_16_TEN_JAX,2016,16,TEN,-8.372,-9.213
2016_17_HOU_TEN,2016,17,TEN,-9.213,-9.175
2017_01_OAK_TEN,2017,1,TEN,-5.881,-6.203
2017_02_TEN_JAX,2017,2,TEN,-6.203,-5.082
2017_03_SEA_TEN,2017,3,TEN,-5.082,-7.518
2017_04_TEN_HOU,2017,4,TEN,-7.518,-11.345
2017_05_TEN_MIA,2017,5,TEN,-11.345,-9.485
2017_06_IND_TEN,2017,6,TEN,-9.485,-9.457
2017_07_TEN_CLE,2017,7,TEN,-9.457,-8.318
2017_09_BAL_TEN,2017,9,TEN,-8.318,-8.524
2017_10_CIN_TEN,2017,10,TEN,-8.524,-9.099
2017_11_TEN_PIT,2017,11,TEN,-9.099,-10.927
2017_12_TEN_IND,2017,12,TEN,-10.927,-9.218
2017_13_HOU_TEN,2017,13,TEN,-9.218,-9.614
2017_14_TEN_ARI,2017,14,TEN,-9.614,-8.11
2017_15_TEN_SF,2017,15,TEN,-8.11,-9.752
2017_16_LAR_TEN,2017,16,TEN,-9.752,-11.013
2017_17_JAX_TEN,2017,17,TEN,-11.013,-7.67
2017_18_TEN_KC,2017,18,TEN,-7.67,-7.292
2017_19_TEN_NE,2017,19,TEN,-7.292,-9.247
2018_01_TEN_MIA,2018,1,TEN,-5.927,-5.601
2018_02_HOU_TEN,2018,2,TEN,-5.601,-6.222
2018_03_TEN_JAX,2018,3,TEN,-6.222,-4.737
2018_04_PHI_TEN,2018,4,TEN,-4.737,-5.389
2018_05_TEN_BUF,2018,5,TEN,-5.389,-4.623
2018_06_BAL_TEN,2018,6,TEN,-4.623,-4.703
2018_07_TEN_LAC,2018,7,TEN,-4.703,-5.174
2018_09_TEN_DAL,2018,9,TEN,-5.174,-4.98
2018_10_NE_TEN,2018,10,TEN,-4.98,-2.711
2018_11_TEN_IND,2018,11,TEN,-2.711,-4.928
2018_12_TEN_HOU,2018,12,TEN,-4.928,-7.163
2018_13_NYJ_TEN,2018,13,TEN,-7.163,-5.439
2018_14_JAX_TEN,2018,14,TEN,-5.439,-5.331
2018_15_TEN_NYG,2018,15,TEN,-5.331,-3.063
2018_16_WAS_TEN,2018,16,TEN,-3.063,-2.437
2018_17_IND_TEN,2018,17,TEN,-2.437,-2.31
2019_01_TEN_CLE,2019,1,TEN,-1.481,0.694
2019_02_IND_TEN,2019,2,TEN,0.694,1.057
2019_03_TEN_JAX,2019,3,TEN,1.057,-0.841
2019_04_TEN_ATL,2019,4,TEN,-0.841,-1.124
2019_05_BUF_TEN,2019,5,TEN,-1.124,-1.117
2019_06_TEN_DEN,2019,6,TEN,-1.117,0.065
2019_07_LAC_TEN,2019,7,TEN,0.065,-1.04
2019_08_TB_TEN,2019,8,TEN,-1.04,-0.778
2019_09_TEN_CAR,2019,9,TEN,-0.778,-0.422
2019_10_KC_TEN,2019,10,TEN,-0.422,-2.465
2019_12_JAX_TEN,2019,12,TEN,-2.465,-2.291
2019_13_TEN_IND,2019,13,TEN,-2.291,-2.147
2019_14_TEN_OAK,2019,14,TEN,-2.147,-3.249
2019_15_HOU_TEN,2019,15,TEN,-3.249,-2.359
2019_16_NO_TEN,2019,16,TEN,-2.359,-1.529
2019_17_TEN_HOU,2019,17,TEN,-1.529,-2.533
2019_18_TEN_NE,2019,18,TEN,-2.533,-1.286
2019_19_TEN_BAL,2019,19,TEN,-1.286,-0.727
2019_20_TEN_KC,2019,20,TEN,-0.727,-3.16
2020_01_TEN_DEN,2020,1,TEN,-2.026,-2.881
2020_02_JAX_TEN,2020,2,TEN,-2.881,-3.986
2020_03_TEN_MIN,2020,3,TEN,-3.986,-4.44
2020_05_BUF_TEN,2020,5,TEN,-4.44,-3.504
2020_06_HOU_TEN,2020,6,TEN,-3.504,-5.58
2020_07_PIT_TEN,2020,7,TEN,-5.58,-4.848
2020_08_TEN_CIN,2020,8,TEN,-4.848,-6.483
2020_09_CHI_TEN,2020,9,TEN,-6.483,-7.877
2020_10_IND_TEN,2020,10,TEN,-7.877,-8.493
2020_11_TEN_BAL,2020,11,TEN,-8.493,-7.048
2020_12_TEN_IND,2020,12,TEN,-7.048,-7.349
2020_13_CLE_TEN,2020,13,TEN,-7.349,-10.498
2020_14_TEN_JAX,2020,14,TEN,-10.498,-8.748
2020_15_DET_TEN,2020,15,TEN,-8.748,-8.996
2020_16_TEN_GB,2020,16,TEN,-8.996,-9.474
2020_17_TEN_HOU,2020,17,TEN,-9.474,-9.804
2020_18_BAL_TEN,2020,18,TEN,-9.804,-9.27
2021_01_ARI_TEN,2021,1,TEN,-5.942,-6.539
2021_02_TEN_SEA,2021,2,TEN,-6.539,-7.242
2021_03_IND_TEN,2021,3,TEN,-7.242,-5.65
2021_04_TEN_NYJ,2021,4,TEN,-5.65,-6.521
2021_05_TEN_JAX,2021,5,TEN,-6.521,-7.539
2021_06_BUF_TEN,2021,6,TEN,-7.539,-7.788
2021_07_KC_TEN,2021,7,TEN,-7.788,-4.763
2021_08_TEN_IND,2021,8,TEN,-4.763,-4.837
2021_09_TEN_LAR,2021,9,TEN,-4.837,-3.151
2021_10_NO_TEN,2021,10,TEN,-3.151,-3.794
2021_11_HOU_TEN,2021,11,TEN,-3.794,-4.668
2021_12_TEN_NE,2021,12,TEN,-4.668,-6.054
2021_14_JAX_TEN,2021,14,TEN,-6.054,-3.132
2021_15_TEN_PIT,2021,15,TEN,-3.132,-1.9
2021_16_SF_TEN,2021,16,TEN,-1.9,-2.052
2021_17_MIA_TEN,2021,17,TEN,-2.052,0.676
2021_18_TEN_HOU,2021,18,TEN,0.676,-1.992
2021_20_CIN_TEN,2021,20,TEN,-1.992,0.252
2022_01_NYG_TEN,2022,1,TEN,0.161,-0.318
2022_02_TEN_BUF,2022,2,TEN,-0.318,-2.445
2022_03_OAK_TEN,2022,3,TEN,-2.445,-3.534
2022_04_TEN_IND,2022,4,TEN,-3.534,-4.661
2022_05_TEN_WAS,2022,5,TEN,-4.661,-6.139
2022_07_IND_TEN,2022,7,TEN,-6.139,-5.61
2022_08_TEN_HOU,2022,8,TEN,-5.61,-4.52
2022_09_TEN_KC,2022,9,TEN,-4.52,-4.998
2022_10_DEN_TEN,2022,10,TEN,-4.998,-2.436
2022_11_TEN_GB,2022,11,TEN,-2.436,-2.34
2022_12_CIN_TEN,2022,12,TEN,-2.34,-2.172
2022_13_TEN_PHI,2022,13,TEN,-2.172,-4.086
2022_14_JAX_TEN,2022,14,TEN,-4.086,-7.034
2022_15_TEN_LAC,2022,15,TEN,-7.034,-5.676
2022_16_HOU_TEN,2022,16,TEN,-5.676,-5.081
2022_17_DAL_TEN,2022,17,TEN,-5.081,-4.415
2022_18_TEN_JAX,2022,18,TEN,-4.415,-3.274
2023_01_TEN_NO,2023,1,TEN,-2.098,-2.109
2023_02_LAC_TEN,2023,2,TEN,-2.109,-3.008
2023_03_TEN_CLE,2023,3,TEN,-3.008,-4.045
2023_04_CIN_TEN,2023,4,TEN,-4.045,-2.342
2023_05_TEN_IND,2023,5,TEN,-2.342,-2.128
2023_06_BAL_TEN,2023,6,TEN,-2.128,-3.092
2023_08_ATL_TEN,2023,8,TEN,-3.092,-0.848
2023_09_TEN_PIT,2023,9,TEN,-0.848,-1.099
2023_10_TEN_TB,2023,10,TEN,-1.099,-1.008
2023_11_TEN_JAX,2023,11,TEN,-1.008,-3.363
2023_12_CAR_TEN,2023,12,TEN,-3.363,-3.114
2023_13_IND_TEN,2023,13,TEN,-3.114,-3.61
2023_14_TEN_MIA,2023,14,TEN,-3.61,-1.99
2023_15_HOU_TEN,2023,15,TEN,-1.99,-1.139
2023_16_SEA_TEN,2023,16,TEN,-1.139,-1.268
2023_17_TEN_HOU,2023,17,TEN,-1.268,-2.453
2023_18_JAX_TEN,2023,18,TEN,-2.453,-2.621
2024_01_TEN_CHI,2024,1,TEN,-1.68,-0.019
2024_02_NYJ_TEN,2024,2,TEN,-0.019,0.737
2024_03_GB_TEN,2024,3,TEN,0.737,-1.586
2024_04_TEN_MIA,2024,4,TEN,-1.586,-1.667
2024_06_IND_TEN,2024,6,TEN,-1.667,-1.469
2024_07_TEN_BUF,2024,7,TEN,-1.469,-1.735
2024_08_TEN_DET,2024,8,TEN,-1.735,-0.959
2024_09_NE_TEN,2024,9,TEN,-0.959,-1.59
2024_10_TEN_LAC,2024,10,TEN,-1.59,-3.313
2024_11_MIN_TEN,2024,11,TEN,-3.313,-4.361
2024_12_TEN_HOU,2024,12,TEN,-4.361,-3.956
2024_13_TEN_WAS,2024,13,TEN,-3.956,-5.426
2024_14_JAX_TEN,2024,14,TEN,-5.426,-4.891
2024_15_CIN_TEN,2024,15,TEN,-4.891,-4.427
2024_16_TEN_IND,2024,16,TEN,-4.427,-5.945
2024_17_TEN_JAX,2024,17,TEN,-5.945,-6.503
2024_18_HOU_TEN,2024,18,TEN,-6.503,-5.134
2025_01_TEN_DEN,2025,1,TEN,-3.291,-1.544
2025_02_LAR_TEN,2025,2,TEN,-1.544,-1.491
2025_03_IND_TEN,2025,3,TEN,-1.491,-2.347
2025_04_TEN_HOU,2025,4,TEN,-2.347,-4.297
2025_05_TEN_ARI,2025,5,TEN,-4.297,-4.889
2025_06_TEN_OAK,2025,6,TEN,-4.889,-4.771
2025_07_NE_TEN,2025,7,TEN,-4.771,-6.1
2025_08_TEN_IND,2025,8,TEN,-6.1,-7.282
2025_09_LAC_TEN,2025,9,TEN,-7.282,-6.439
2025_11_HOU_TEN,2025,11,TEN,-6.439,-6.077
2025_12_SEA_TEN,2025,12,TEN,-6.077,-6.146
2025_13_JAX_TEN,2025,13,TEN,-6.146,-6.3
2025_14_TEN_CLE,2025,14,TEN,-6.3,-8.923
2025_15_TEN_SF,2025,15,TEN,-8.923,-10.687
2025_16_KC_TEN,2025,16,TEN,-10.687,-8.558
2025_17_NO_TEN,2025,17,TEN,-8.558,-10.263
2025_18_TEN_JAX,2025,18,TEN,-10.263,-10.865
2026_01_NYJ_TEN,2026,1,TEN,-6.964,-7.129
1999_01_DAL_WAS,1999,1,WAS,0.0,-2.033
1999_02_WAS_NYG,1999,2,WAS,-2.033,-3.363
1999_03_WAS_NYJ,1999,3,WAS,-3.363,-2.267
1999_04_CAR_WAS,1999,4,WAS,-2.267,-2.794
1999_06_WAS_ARI,1999,6,WAS,-2.794,-1.548
1999_07_WAS_DAL,1999,7,WAS,-1.548,-4.01
1999_08_CHI_WAS,1999,8,WAS,-4.01,-3.055
1999_09_BUF_WAS,1999,9,WAS,-3.055,-5.594
1999_10_WAS_PHI,1999,10,WAS,-5.594,-4.315
1999_11_NYG_WAS,1999,11,WAS,-4.315,-1.468
1999_12_PHI_WAS,1999,12,WAS,-1.468,-3.622
1999_13_WAS_DET,1999,13,WAS,-3.622,-5.028
1999_14_ARI_WAS,1999,14,WAS,-5.028,-2.257
1999_15_WAS_IND,1999,15,WAS,-2.257,-3.508
1999_16_WAS_SF,1999,16,WAS,-3.508,-4.317
1999_17_MIA_WAS,1999,17,WAS,-4.317,-3.571
1999_18_DET_WAS,1999,18,WAS,-3.571,-2.094
1999_19_WAS_TB,1999,19,WAS,-2.094,-1.542
2000_01_CAR_WAS,2000,1,WAS,-0.988,0.192
2000_02_WAS_DET,2000,2,WAS,0.192,0.812
2000_03_DAL_WAS,2000,3,WAS,0.812,0.514
2000_04_WAS_NYG,2000,4,WAS,0.514,2.113
2000_05_TB_WAS,2000,5,WAS,2.113,2.644
2000_06_WAS_PHI,2000,6,WAS,2.644,2.511
2000_07_BAL_WAS,2000,7,WAS,2.511,3.166
2000_08_WAS_JAX,2000,8,WAS,3.166,4.188
2000_09_TEN_WAS,2000,9,WAS,4.188,3.89
2000_10_WAS_ARI,2000,10,WAS,3.89,4.158
2000_12_WAS_LAR,2000,12,WAS,4.158,2.802
2000_13_PHI_WAS,2000,13,WAS,2.802,1.039
2000_14_NYG_WAS,2000,14,WAS,1.039,1.194
2000_15_WAS_DAL,2000,15,WAS,1.194,1.681
2000_16_WAS_PIT,2000,16,WAS,1.681,1.51
2000_17_ARI_WAS,2000,17,WAS,1.51,2.918
2001_01_WAS_LAC,2001,1,WAS,1.871,3.831
2001_02_WAS_GB,2001,2,WAS,3.831,2.306
2001_03_KC_WAS,2001,3,WAS,2.306,-1.029
2001_04_WAS_NYG,2001,4,WAS,-1.029,-0.278
2001_05_WAS_DAL,2001,5,WAS,-0.278,-1.125
2001_06_CAR_WAS,2001,6,WAS,-1.125,-0.498
2001_07_NYG_WAS,2001,7,WAS,-0.498,-3.117
2001_08_SEA_WAS,2001,8,WAS,-3.117,-2.117
2001_10_WAS_DEN,2001,10,WAS,-2.117,-0.616
2001_11_WAS_PHI,2001,11,WAS,-0.616,-0.758
2001_12_DAL_WAS,2001,12,WAS,-0.758,-0.396
2001_13_WAS_ARI,2001,13,WAS,-0.396,-1.081
2001_14_PHI_WAS,2001,14,WAS,-1.081,0.32
2001_15_CHI_WAS,2001,15,WAS,0.32,0.504
2001_16_WAS_NO,2001,16,WAS,0.504,2.504
2001_17_ARI_WAS,2001,17,WAS,2.504,4.15
2002_01_ARI_WAS,2002,1,WAS,2.66,2.871
2002_02_PHI_WAS,2002,2,WAS,2.871,0.024
2002_03_WAS_SF,2002,3,WAS,0.024,1.865
2002_05_WAS_TEN,2002,5,WAS,1.865,2.836
2002_06_NO_WAS,2002,6,WAS,2.836,3.072
2002_07_WAS_GB,2002,7,WAS,3.072,3.899
2002_08_IND_WAS,2002,8,WAS,3.899,4.577
2002_09_WAS_SEA,2002,9,WAS,4.577,3.836
2002_11_WAS_NYG,2002,11,WAS,3.836,4.972
2002_12_LAR_WAS,2002,12,WAS,4.972,4.324
2002_13_WAS_DAL,2002,13,WAS,4.324,3.853
2002_14_NYG_WAS,2002,14,WAS,3.853,2.971
2002_15_WAS_PHI,2002,15,WAS,2.971,1.848
2002_16_HOU_WAS,2002,16,WAS,1.848,3.216
2002_17_DAL_WAS,2002,17,WAS,3.216,3.242
2003_01_NYJ_WAS,2003,1,WAS,2.078,2.283
2003_02_WAS_ATL,2003,2,WAS,2.283,1.84
2003_03_NYG_WAS,2003,3,WAS,1.84,0.147
2003_04_NE_WAS,2003,4,WAS,0.147,-0.377
2003_05_WAS_PHI,2003,5,WAS,-0.377,1.388
2003_06_TB_WAS,2003,6,WAS,1.388,-1.016
2003_07_WAS_BUF,2003,7,WAS,-1.016,-1.959
2003_09_WAS_DAL,2003,9,WAS,-1.959,-1.443
2003_10_SEA_WAS,2003,10,WAS,-1.443,-1.233
2003_11_WAS_CAR,2003,11,WAS,-1.233,-2.386
2003_12_WAS_MIA,2003,12,WAS,-2.386,-1.461
2003_13_NO_WAS,2003,13,WAS,-1.461,-1.968
2003_14_WAS_NYG,2003,14,WAS,-1.968,-0.263
2003_15_DAL_WAS,2003,15,WAS,-0.263,-0.118
2003_16_WAS_CHI,2003,16,WAS,-0.118,-1.23
2003_17_PHI_WAS,2003,17,WAS,-1.23,-4.342
2004_01_TB_WAS,2004,1,WAS,-2.783,-1.217
2004_02_WAS_NYG,2004,2,WAS,-1.217,-1.77
2004_03_DAL_WAS,2004,3,WAS,-1.77,-1.516
2004_04_WAS_CLE,2004,4,WAS,-1.516,-1.182
2004_05_BAL_WAS,2004,5,WAS,-1.182,1.4
2004_06_WAS_CHI,2004,6,WAS,1.4,2.835
2004_08_GB_WAS,2004,8,WAS,2.835,3.876
2004_09_WAS_DET,2004,9,WAS,3.876,3.27
2004_10_CIN_WAS,2004,10,WAS,3.27,2.935
2004_11_WAS_PHI,2004,11,WAS,2.935,2.009
2004_12_WAS_PIT,2004,12,WAS,2.009,3.564
2004_13_NYG_WAS,2004,13,WAS,3.564,3.756
2004_14_PHI_WAS,2004,14,WAS,3.756,4.753
2004_15_WAS_SF,2004,15,WAS,4.753,5.311
2004_16_WAS_DAL,2004,16,WAS,5.311,5.564
2004_17_MIN_WAS,2004,17,WAS,5.564,5.897
2005_01_CHI_WAS,2005,1,WAS,3.78,4.549
2005_02_WAS_DAL,2005,2,WAS,4.549,3.007
2005_04_SEA_WAS,2005,4,WAS,3.007,1.739
2005_05_WAS_DEN,2005,5,WAS,1.739,2.714
2005_06_WAS_KC,2005,6,WAS,2.714,2.355
2005_07_SF_WAS,2005,7,WAS,2.355,4.373
2005_08_WAS_NYG,2005,8,WAS,4.373,5.54
2005_09_PHI_WAS,2005,9,WAS,5.54,5.001
2005_10_WAS_TB,2005,10,WAS,5.001,2.102
2005_11_OAK_WAS,2005,11,WAS,2.102,1.886
2005_12_LAC_WAS,2005,12,WAS,1.886,5.288
2005_13_WAS_LAR,2005,13,WAS,5.288,3.971
2005_14_WAS_ARI,2005,14,WAS,3.971,4.012
2005_15_DAL_WAS,2005,15,WAS,4.012,7.228
2005_16_NYG_WAS,2005,16,WAS,7.228,6.346
2005_17_WAS_PHI,2005,17,WAS,6.346,5.401
2005_18_WAS_TB,2005,18,WAS,5.401,5.163
2005_19_WAS_SEA,2005,19,WAS,5.163,3.812
2006_01_MIN_WAS,2006,1,WAS,2.443,2.25
2006_02_WAS_DAL,2006,2,WAS,2.25,1.029
2006_03_WAS_HOU,2006,3,WAS,1.029,-0.43
2006_04_JAX_WAS,2006,4,WAS,-0.43,-0.95
2006_05_WAS_NYG,2006,5,WAS,-0.95,-2.632
2006_06_TEN_WAS,2006,6,WAS,-2.632,-1.881
2006_07_WAS_IND,2006,7,WAS,-1.881,-4.836
2006_09_DAL_WAS,2006,9,WAS,-4.836,-6.991
2006_10_WAS_PHI,2006,10,WAS,-6.991,-6.187
2006_11_WAS_TB,2006,11,WAS,-6.187,-7.396
2006_12_CAR_WAS,2006,12,WAS,-7.396,-6.32
2006_13_ATL_WAS,2006,13,WAS,-6.32,-6.241
2006_14_PHI_WAS,2006,14,WAS,-6.241,-6.598
2006_15_WAS_NO,2006,15,WAS,-6.598,-4.705
2006_16_WAS_LAR,2006,16,WAS,-4.705,-8.889
2006_17_NYG_WAS,2006,17,WAS,-8.889,-7.892
2007_01_MIA_WAS,2007,1,WAS,-5.059,-5.296
2007_02_WAS_PHI,2007,2,WAS,-5.296,-4.665
2007_03_NYG_WAS,2007,3,WAS,-4.665,-3.729
2007_05_DET_WAS,2007,5,WAS,-3.729,0.023
2007_06_WAS_GB,2007,6,WAS,0.023,2.464
2007_07_ARI_WAS,2007,7,WAS,2.464,1.799
2007_08_WAS_NE,2007,8,WAS,1.799,-1.138
2007_09_WAS_NYJ,2007,9,WAS,-1.138,-2.284
2007_10_PHI_WAS,2007,10,WAS,-2.284,-4.637
2007_11_WAS_DAL,2007,11,WAS,-4.637,-5.975
2007_12_WAS_TB,2007,12,WAS,-5.975,-3.631
2007_13_BUF_WAS,2007,13,WAS,-3.631,-4.976
2007_14_CHI_WAS,2007,14,WAS,-4.976,-4.414
2007_15_WAS_NYG,2007,15,WAS,-4.414,-3.042
2007_16_WAS_MIN,2007,16,WAS,-3.042,-5.629
2007_17_DAL_WAS,2007,17,WAS,-5.629,-2.954
2007_18_WAS_SEA,2007,18,WAS,-2.954,-2.232
2008_01_WAS_NYG,2008,1,WAS,-1.431,-0.972
2008_02_NO_WAS,2008,2,WAS,-0.972,0.745
2008_03_ARI_WAS,2008,3,WAS,0.745,1.684
2008_04_WAS_DAL,2008,4,WAS,1.684,0.254
2008_05_WAS_PHI,2008,5,WAS,0.254,0.578
2008_06_LAR_WAS,2008,6,WAS,0.578,1.394
2008_07_CLE_WAS,2008,7,WAS,1.394,2.315
2008_08_WAS_DET,2008,8,WAS,2.315,-0.272
2008_09_PIT_WAS,2008,9,WAS,-0.272,1.893
2008_11_DAL_WAS,2008,11,WAS,1.893,2.649
2008_12_WAS_SEA,2008,12,WAS,2.649,3.587
2008_13_NYG_WAS,2008,13,WAS,3.587,3.324
2008_14_WAS_BAL,2008,14,WAS,3.324,3.462
2008_15_WAS_CIN,2008,15,WAS,3.462,1.709
2008_16_PHI_WAS,2008,16,WAS,1.709,2.191
2008_17_WAS_SF,2008,17,WAS,2.191,0.53
2009_01_WAS_NYG,2009,1,WAS,0.339,-0.129
2009_02_LAR_WAS,2009,2,WAS,-0.129,-0.057
2009_03_WAS_DET,2009,3,WAS,-0.057,-2.071
2009_04_TB_WAS,2009,4,WAS,-2.071,-1.891
2009_05_WAS_CAR,2009,5,WAS,-1.891,-1.267
2009_06_KC_WAS,2009,6,WAS,-1.267,0.225
2009_07_PHI_WAS,2009,7,WAS,0.225,1.576
2009_09_WAS_ATL,2009,9,WAS,1.576,1.952
2009_10_DEN_WAS,2009,10,WAS,1.952,0.874
2009_11_WAS_DAL,2009,11,WAS,0.874,1.131
2009_12_WAS_PHI,2009,12,WAS,1.131,1.625
2009_13_NO_WAS,2009,13,WAS,1.625,0.631
2009_14_WAS_OAK,2009,14,WAS,0.631,0.713
2009_15_NYG_WAS,2009,15,WAS,0.713,-0.891
2009_16_DAL_WAS,2009,16,WAS,-0.891,-0.462
2009_17_WAS_LAC,2009,17,WAS,-0.462,-0.567
2010_01_DAL_WAS,2010,1,WAS,-0.363,-0.926
2010_02_HOU_WAS,2010,2,WAS,-0.926,-2.68
2010_03_WAS_LAR,2010,3,WAS,-2.68,-4.029
2010_04_WAS_PHI,2010,4,WAS,-4.029,-2.881
2010_05_GB_WAS,2010,5,WAS,-2.881,-1.81
2010_06_IND_WAS,2010,6,WAS,-1.81,-1.836
2010_07_WAS_CHI,2010,7,WAS,-1.836,-0.191
2010_08_WAS_DET,2010,8,WAS,-0.191,-2.476
2010_10_PHI_WAS,2010,10,WAS,-2.476,-7.455
2010_11_WAS_TEN,2010,11,WAS,-7.455,-7.514
2010_12_MIN_WAS,2010,12,WAS,-7.514,-6.681
2010_13_WAS_NYG,2010,13,WAS,-6.681,-5.453
2010_14_TB_WAS,2010,14,WAS,-5.453,-5.971
2010_15_WAS_DAL,2010,15,WAS,-5.971,-7.76
2010_16_WAS_JAX,2010,16,WAS,-7.76,-7.695
2010_17_NYG_WAS,2010,17,WAS,-7.695,-7.437
2011_01_NYG_WAS,2011,1,WAS,-4.767,-3.689
2011_02_ARI_WAS,2011,2,WAS,-3.689,-3.473
2011_03_WAS_DAL,2011,3,WAS,-3.473,-3.052
2011_04_WAS_LAR,2011,4,WAS,-3.052,-1.411
2011_06_PHI_WAS,2011,6,WAS,-1.411,-0.782
2011_07_WAS_CAR,2011,7,WAS,-0.782,-2.251
2011_08_WAS_BUF,2011,8,WAS,-2.251,-3.767
2011_09_SF_WAS,2011,9,WAS,-3.767,-4.096
2011_10_WAS_MIA,2011,10,WAS,-4.096,-4.375
2011_11_DAL_WAS,2011,11,WAS,-4.375,-3.974
2011_12_WAS_SEA,2011,12,WAS,-3.974,-3.198
2011_13_NYJ_WAS,2011,13,WAS,-3.198,-3.393
2011_14_NE_WAS,2011,14,WAS,-3.393,-3.663
2011_15_WAS_NYG,2011,15,WAS,-3.663,-0.732
2011_16_MIN_WAS,2011,16,WAS,-0.732,-0.225
2011_17_WAS_PHI,2011,17,WAS,-0.225,-0.866
2012_01_WAS_NO,2012,1,WAS,-0.555,0.306
2012_02_WAS_LAR,2012,2,WAS,0.306,-2.837
2012_03_CIN_WAS,2012,3,WAS,-2.837,-4.673
2012_04_WAS_TB,2012,4,WAS,-4.673,-5.378
2012_05_ATL_WAS,2012,5,WAS,-5.378,-5.614
2012_06_MIN_WAS,2012,6,WAS,-5.614,-5.777
2012_07_WAS_NYG,2012,7,WAS,-5.777,-5.442
2012_08_WAS_PIT,2012,8,WAS,-5.442,-6.886
2012_09_CAR_WAS,2012,9,WAS,-6.886,-7.692
2012_11_PHI_WAS,2012,11,WAS,-7.692,-5.008
2012_12_WAS_DAL,2012,12,WAS,-5.008,-6.46
2012_13_NYG_WAS,2012,13,WAS,-6.46,-6.861
2012_14_BAL_WAS,2012,14,WAS,-6.861,-7.274
2012_15_WAS_CLE,2012,15,WAS,-7.274,-6.911
2012_16_WAS_PHI,2012,16,WAS,-6.911,-7.316
2012_17_DAL_WAS,2012,17,WAS,-7.316,-4.304
2012_18_SEA_WAS,2012,18,WAS,-4.304,-3.597
2013_01_PHI_WAS,2013,1,WAS,-2.306,-3.212
2013_02_WAS_GB,2013,2,WAS,-3.212,-5.711
2013_03_DET_WAS,2013,3,WAS,-5.711,-5.882
2013_04_WAS_OAK,2013,4,WAS,-5.882,-4.49
2013_06_WAS_DAL,2013,6,WAS,-4.49,-3.379
2013_07_CHI_WAS,2013,7,WAS,-3.379,-0.746
2013_08_WAS_DEN,2013,8,WAS,-0.746,0.286
2013_09_LAC_WAS,2013,9,WAS,0.286,-0.246
2013_10_WAS_MIN,2013,10,WAS,-0.246,-1.581
2013_11_WAS_PHI,2013,11,WAS,-1.581,-2.634
2013_12_SF_WAS,2013,12,WAS,-2.634,-3.59
2013_13_NYG_WAS,2013,13,WAS,-3.59,-3.747
2013_14_KC_WAS,2013,14,WAS,-3.747,-4.306
2013_15_WAS_ATL,2013,15,WAS,-4.306,-4.078
2013_16_DAL_WAS,2013,16,WAS,-4.078,-3.089
2013_17_WAS_NYG,2013,17,WAS,-3.089,-2.294
2014_01_WAS_HOU,2014,1,WAS,-1.47,-2.985
2014_02_JAX_WAS,2014,2,WAS,-2.985,0.079
2014_03_WAS_PHI,2014,3,WAS,0.079,-2.14
2014_04_NYG_WAS,2014,4,WAS,-2.14,-4.785
2014_05_SEA_WAS,2014,5,WAS,-4.785,-7.553
2014_06_WAS_ARI,2014,6,WAS,-7.553,-8.937
2014_07_TEN_WAS,2014,7,WAS,-8.937,-9.732
2014_08_WAS_DAL,2014,8,WAS,-9.732,-8.256
2014_09_WAS_MIN,2014,9,WAS,-8.256,-9.522
2014_11_TB_WAS,2014,11,WAS,-9.522,-10.255
2014_12_WAS_SF,2014,12,WAS,-10.255,-9.646
2014_13_WAS_IND,2014,13,WAS,-9.646,-11.92
2014_14_LAR_WAS,2014,14,WAS,-11.92,-11.377
2014_15_WAS_NYG,2014,15,WAS,-11.377,-12.548
2014_16_PHI_WAS,2014,16,WAS,-12.548,-14.637
2014_17_DAL_WAS,2014,17,WAS,-14.637,-14.187
2015_01_MIA_WAS,2015,1,WAS,-9.094,-8.488
2015_02_LAR_WAS,2015,2,WAS,-8.488,-7.068
2015_03_WAS_NYG,2015,3,WAS,-7.068,-8.474
2015_04_PHI_WAS,2015,4,WAS,-8.474,-8.373
2015_05_WAS_ATL,2015,5,WAS,-8.373,-6.517
2015_06_WAS_NYJ,2015,6,WAS,-6.517,-8.546
2015_07_TB_WAS,2015,7,WAS,-8.546,-10.228
2015_09_WAS_NE,2015,9,WAS,-10.228,-9.744
2015_10_NO_WAS,2015,10,WAS,-9.744,-7.122
2015_11_WAS_CAR,2015,11,WAS,-7.122,-8.59
2015_12_NYG_WAS,2015,12,WAS,-8.59,-6.326
2015_13_DAL_WAS,2015,13,WAS,-6.326,-5.894
2015_14_WAS_CHI,2015,14,WAS,-5.894,-6.29
2015_15_BUF_WAS,2015,15,WAS,-6.29,-6.871
2015_16_WAS_PHI,2015,16,WAS,-6.871,-7.229
2015_17_WAS_DAL,2015,17,WAS,-7.229,-10.0
2015_18_GB_WAS,2015,18,WAS,-10.0,-9.955
2016_01_PIT_WAS,2016,1,WAS,-6.381,-7.458
2016_02_DAL_WAS,2016,2,WAS,-7.458,-8.423
2016_03_WAS_NYG,2016,3,WAS,-8.423,-7.95
2016_04_CLE_WAS,2016,4,WAS,-7.95,-8.434
2016_05_WAS_BAL,2016,5,WAS,-8.434,-8.15
2016_06_PHI_WAS,2016,6,WAS,-8.15,-5.746
2016_07_WAS_DET,2016,7,WAS,-5.746,-6.139
2016_08_WAS_CIN,2016,8,WAS,-6.139,-6.042
2016_10_MIN_WAS,2016,10,WAS,-6.042,-6.575
2016_11_GB_WAS,2016,11,WAS,-6.575,-8.237
2016_12_WAS_DAL,2016,12,WAS,-8.237,-9.619
2016_13_WAS_ARI,2016,13,WAS,-9.619,-11.4
2016_14_WAS_PHI,2016,14,WAS,-11.4,-11.354
2016_15_CAR_WAS,2016,15,WAS,-11.354,-11.609
2016_16_WAS_CHI,2016,16,WAS,-11.609,-10.238
2016_17_NYG_WAS,2016,17,WAS,-10.238,-9.423
2017_01_PHI_WAS,2017,1,WAS,-6.04,-6.687
2017_02_WAS_LAR,2017,2,WAS,-6.687,-6.224
2017_03_OAK_WAS,2017,3,WAS,-6.224,-2.957
2017_04_WAS_KC,2017,4,WAS,-2.957,-4.694
2017_06_SF_WAS,2017,6,WAS,-4.694,-2.525
2017_07_WAS_PHI,2017,7,WAS,-2.525,-4.292
2017_08_DAL_WAS,2017,8,WAS,-4.292,-2.077
2017_09_WAS_SEA,2017,9,WAS,-2.077,-2.078
2017_10_MIN_WAS,2017,10,WAS,-2.078,-3.449
2017_11_WAS_NO,2017,11,WAS,-3.449,-4.388
2017_12_NYG_WAS,2017,12,WAS,-4.388,-0.92
2017_13_WAS_DAL,2017,13,WAS,-0.92,-0.951
2017_14_WAS_LAC,2017,14,WAS,-0.951,-1.149
2017_15_ARI_WAS,2017,15,WAS,-1.149,1.513
2017_16_DEN_WAS,2017,16,WAS,1.513,2.601
2017_17_WAS_NYG,2017,17,WAS,2.601,4.218
2018_01_WAS_ARI,2018,1,WAS,2.704,3.732
2018_02_IND_WAS,2018,2,WAS,3.732,5.102
2018_03_GB_WAS,2018,3,WAS,5.102,5.464
2018_05_WAS_NO,2018,5,WAS,5.464,3.265
2018_06_CAR_WAS,2018,6,WAS,3.265,2.114
2018_07_DAL_WAS,2018,7,WAS,2.114,1.489
2018_08_WAS_NYG,2018,8,WAS,1.489,3.25
2018_09_ATL_WAS,2018,9,WAS,3.25,2.658
2018_10_WAS_TB,2018,10,WAS,2.658,2.207
2018_11_HOU_WAS,2018,11,WAS,2.207,4.184
2018_12_WAS_DAL,2018,12,WAS,4.184,2.161
2018_13_WAS_PHI,2018,13,WAS,2.161,1.071
2018_14_NYG_WAS,2018,14,WAS,1.071,0.336
2018_15_WAS_JAX,2018,15,WAS,0.336,1.986
2018_16_WAS_TEN,2018,16,WAS,1.986,2.791
2018_17_PHI_WAS,2018,17,WAS,2.791,2.526
2019_01_WAS_PHI,2019,1,WAS,1.619,-0.169
2019_02_DAL_WAS,2019,2,WAS,-0.169,-2.319
2019_03_CHI_WAS,2019,3,WAS,-2.319,-2.919
2019_04_WAS_NYG,2019,4,WAS,-2.919,-3.382
2019_05_NE_WAS,2019,5,WAS,-3.382,-3.31
2019_06_WAS_MIA,2019,6,WAS,-3.31,-0.576
2019_07_SF_WAS,2019,7,WAS,-0.576,0.761
2019_08_WAS_MIN,2019,8,WAS,0.761,0.15
2019_09_WAS_BUF,2019,9,WAS,0.15,-0.364
2019_11_NYJ_WAS,2019,11,WAS,-0.364,-2.031
2019_12_DET_WAS,2019,12,WAS,-2.031,-0.603
2019_13_WAS_CAR,2019,13,WAS,-0.603,-0.985
2019_14_WAS_GB,2019,14,WAS,-0.985,0.384
2019_15_PHI_WAS,2019,15,WAS,0.384,-0.992
2019_16_NYG_WAS,2019,16,WAS,-0.992,-4.386
2019_17_WAS_DAL,2019,17,WAS,-4.386,-6.378
2020_01_PHI_WAS,2020,1,WAS,-4.088,-1.204
2020_02_WAS_ARI,2020,2,WAS,-1.204,-3.893
2020_03_WAS_CLE,2020,3,WAS,-3.893,-4.131
2020_04_BAL_WAS,2020,4,WAS,-4.131,-4.345
2020_05_LAR_WAS,2020,5,WAS,-4.345,-5.04
2020_06_WAS_NYG,2020,6,WAS,-5.04,-5.139
2020_07_DAL_WAS,2020,7,WAS,-5.139,-2.39
2020_09_NYG_WAS,2020,9,WAS,-2.39,-1.346
2020_10_WAS_DET,2020,10,WAS,-1.346,-3.589
2020_11_CIN_WAS,2020,11,WAS,-3.589,-3.97
2020_12_WAS_DAL,2020,12,WAS,-3.97,-4.682
2020_13_WAS_PIT,2020,13,WAS,-4.682,-4.847
2020_14_WAS_SF,2020,14,WAS,-4.847,-4.37
2020_15_SEA_WAS,2020,15,WAS,-4.37,-3.665
2020_16_CAR_WAS,2020,16,WAS,-3.665,-1.542
2020_17_WAS_PHI,2020,17,WAS,-1.542,-0.673
2020_18_TB_WAS,2020,18,WAS,-0.673,-0.266
2021_01_LAC_WAS,2021,1,WAS,-0.17,0.387
2021_02_NYG_WAS,2021,2,WAS,0.387,-1.757
2021_03_WAS_BUF,2021,3,WAS,-1.757,-5.056
2021_04_WAS_ATL,2021,4,WAS,-5.056,-7.115
2021_05_NO_WAS,2021,5,WAS,-7.115,-7.645
2021_06_KC_WAS,2021,6,WAS,-7.645,-7.291
2021_07_WAS_GB,2021,7,WAS,-7.291,-8.137
2021_08_WAS_DEN,2021,8,WAS,-8.137,-7.176
2021_10_TB_WAS,2021,10,WAS,-7.176,-5.59
2021_11_WAS_CAR,2021,11,WAS,-5.59,-7.241
2021_12_SEA_WAS,2021,12,WAS,-7.241,-7.634
2021_13_WAS_OAK,2021,13,WAS,-7.634,-8.052
2021_14_DAL_WAS,2021,14,WAS,-8.052,-4.484
2021_15_WAS_PHI,2021,15,WAS,-4.484,-5.781
2021_16_WAS_DAL,2021,16,WAS,-5.781,-7.971
2021_17_PHI_WAS,2021,17,WAS,-7.971,-7.695
2021_18_WAS_NYG,2021,18,WAS,-7.695,-6.351
2022_01_JAX_WAS,2022,1,WAS,-4.071,-4.664
2022_02_WAS_DET,2022,2,WAS,-4.664,-5.732
2022_03_PHI_WAS,2022,3,WAS,-5.732,-7.186
2022_04_WAS_DAL,2022,4,WAS,-7.186,-8.492
2022_05_TEN_WAS,2022,5,WAS,-8.492,-7.299
2022_06_WAS_CHI,2022,6,WAS,-7.299,-7.632
2022_07_GB_WAS,2022,7,WAS,-7.632,-8.281
2022_08_WAS_IND,2022,8,WAS,-8.281,-9.447
2022_09_MIN_WAS,2022,9,WAS,-9.447,-7.765
2022_10_WAS_PHI,2022,10,WAS,-7.765,-7.209
2022_11_WAS_HOU,2022,11,WAS,-7.209,-5.367
2022_12_ATL_WAS,2022,12,WAS,-5.367,-5.009
2022_13_WAS_NYG,2022,13,WAS,-5.009,-5.423
2022_15_NYG_WAS,2022,15,WAS,-5.423,-5.05
2022_16_WAS_SF,2022,16,WAS,-5.05,-5.072
2022_17_CLE_WAS,2022,17,WAS,-5.072,-3.582
2022_18_DAL_WAS,2022,18,WAS,-3.582,-0.262
2023_01_ARI_WAS,2023,1,WAS,-0.168,-0.473
2023_02_WAS_DEN,2023,2,WAS,-0.473,-1.031
2023_03_BUF_WAS,2023,3,WAS,-1.031,-1.341
2023_04_WAS_PHI,2023,4,WAS,-1.341,-2.707
2023_05_CHI_WAS,2023,5,WAS,-2.707,-4.015
2023_06_WAS_ATL,2023,6,WAS,-4.015,-4.213
2023_07_WAS_NYG,2023,7,WAS,-4.213,-4.964
2023_08_PHI_WAS,2023,8,WAS,-4.964,-6.228
2023_09_WAS_NE,2023,9,WAS,-6.228,-5.494
2023_10_WAS_SEA,2023,10,WAS,-5.494,-7.575
2023_11_NYG_WAS,2023,11,WAS,-7.575,-7.386
2023_12_WAS_DAL,2023,12,WAS,-7.386,-9.828
2023_13_MIA_WAS,2023,13,WAS,-9.828,-10.459
2023_15_WAS_LAR,2023,15,WAS,-10.459,-11.115
2023_16_WAS_NYJ,2023,16,WAS,-11.115,-10.926
2023_17_SF_WAS,2023,17,WAS,-10.926,-11.59
2023_18_DAL_WAS,2023,18,WAS,-11.59,-12.937
2024_01_WAS_TB,2024,1,WAS,-8.292,-10.998
2024_02_NYG_WAS,2024,2,WAS,-10.998,-11.661
2024_03_WAS_CIN,2024,3,WAS,-11.661,-13.183
2024_04_WAS_ARI,2024,4,WAS,-13.183,-11.647
2024_05_CLE_WAS,2024,5,WAS,-11.647,-8.742
2024_06_WAS_BAL,2024,6,WAS,-8.742,-8.115
2024_07_CAR_WAS,2024,7,WAS,-8.115,-5.323
2024_08_CHI_WAS,2024,8,WAS,-5.323,-3.715
2024_09_WAS_NYG,2024,9,WAS,-3.715,-5.999
2024_10_PIT_WAS,2024,10,WAS,-5.999,-4.431
2024_11_WAS_PHI,2024,11,WAS,-4.431,-3.966
2024_12_DAL_WAS,2024,12,WAS,-3.966,-5.275
2024_13_TEN_WAS,2024,13,WAS,-5.275,-5.281
2024_15_WAS_NO,2024,15,WAS,-5.281,-3.877
2024_16_PHI_WAS,2024,16,WAS,-3.877,-1.831
2024_17_ATL_WAS,2024,17,WAS,-1.831,-1.16
2024_18_WAS_DAL,2024,18,WAS,-1.16,-1.936
2024_19_WAS_TB,2024,19,WAS,-1.936,-1.864
2024_20_WAS_DET,2024,20,WAS,-1.864,-0.048
2024_21_WAS_PHI,2024,21,WAS,-0.048,-1.689
2025_01_NYG_WAS,2025,1,WAS,-1.083,0.46
2025_02_WAS_GB,2025,2,WAS,0.46,-0.238
2025_03_OAK_WAS,2025,3,WAS,-0.238,-0.609
2025_04_WAS_ATL,2025,4,WAS,-0.609,-2.873
2025_05_WAS_LAC,2025,5,WAS,-2.873,-3.162
2025_06_CHI_WAS,2025,6,WAS,-3.162,-3.125
2025_07_WAS_DAL,2025,7,WAS,-3.125,-4.276
2025_08_WAS_KC,2025,8,WAS,-4.276,-3.795
2025_09_SEA_WAS,2025,9,WAS,-3.795,-6.092
2025_10_DET_WAS,2025,10,WAS,-6.092,-7.558
2025_11_WAS_MIA,2025,11,WAS,-7.558,-7.05
2025_13_DEN_WAS,2025,13,WAS,-7.05,-7.303
2025_14_WAS_MIN,2025,14,WAS,-7.303,-8.74
2025_15_WAS_NYG,2025,15,WAS,-8.74,-9.504
2025_16_PHI_WAS,2025,16,WAS,-9.504,-9.606
2025_17_DAL_WAS,2025,17,WAS,-9.606,-7.475
2025_18_WAS_PHI,2025,18,WAS,-7.475,-6.565
2026_01_WAS_PHI,2026,1,WAS,-4.208,-4.375
